%CPU %MEM ARGS Wed Sep 30 20:37:18 UTC 2026
 0.0  0.0 ./cli kernel images/4096x40   0  1380
 0.0  0.0 grep --color=auto ./cli       1  2180
 0.0  0.0 ./cli kernel images/4096x40   0  1280
  PID User     Command                         Swap      USS      PSS      RSS 
35171 codespace ./cli kernel images/4096x40        0      580      632     1804 
35169 codespace ./cli kernel images/4096x40        0      596      644     1756 
35165 codespace ./cli kernel images/4096x40        0      596      648     1848 
35173 codespace ./cli kernel images/4096x40        0      736      787     1948 
35175 codespace ./cli kernel images/4096x40        0     1280     1333     2548 
35162 codespace /usr/bin/python3 /usr/bin/s        0    11900    12156    14360 
%CPU %MEM ARGS Wed Sep 30 20:37:19 UTC 2026
 0.0  0.0 grep --color=auto ./cli       0  2288
22.2  0.0 ./cli kernel images/4096x40   0  2424
23.4  0.0 ./cli kernel images/4096x40   0  2388
24.6  0.0 ./cli kernel images/4096x40   1  2552
32.7  0.0 ./cli kernel images/4096x40   0  2756
50.0  0.0 ./cli kernel images/4096x40   1  3560
  PID User     Command                         Swap      USS      PSS      RSS 
35171 codespace ./cli kernel images/4096x40        0     1700     1752     2924 
35169 codespace ./cli kernel images/4096x40        0     1724     1772     2884 
35165 codespace ./cli kernel images/4096x40        0     1936     1988     3188 
35173 codespace ./cli kernel images/4096x40        0     2048     2099     3260 
35175 codespace ./cli kernel images/4096x40        0     2996     3049     4264 
35179 codespace /usr/bin/python3 /usr/bin/s        0    12004    12265    14456 
%CPU %MEM ARGS Wed Sep 30 20:37:20 UTC 2026
 0.0  0.0 grep --color=auto ./cli       1  2200
25.0  0.0 ./cli kernel images/4096x40   0  3556
25.6  0.0 ./cli kernel images/4096x40   0  3520
29.6  0.0 ./cli kernel images/4096x40   0  3876
30.3  0.0 ./cli kernel images/4096x40   1  4024
43.5  0.0 ./cli kernel images/4096x40   1  5024
  PID User     Command                         Swap      USS      PSS      RSS 
35171 codespace ./cli kernel images/4096x40        0     2816     2862     4040 
35169 codespace ./cli kernel images/4096x40        0     2836     2878     3996 
35173 codespace ./cli kernel images/4096x40        0     3148     3193     4360 
35165 codespace ./cli kernel images/4096x40        0     3216     3262     4468 
35175 codespace ./cli kernel images/4096x40        0     4256     4303     5524 
35200 codespace /usr/bin/python3 /usr/bin/s        0    12060    12278    14476 
%CPU %MEM ARGS Wed Sep 30 20:37:20 UTC 2026
 0.0  0.0 grep --color=auto ./cli       1  2252
26.2  0.0 ./cli kernel images/4096x40   0  4588
26.4  0.0 ./cli kernel images/4096x40   0  4648
29.6  0.0 ./cli kernel images/4096x40   0  4976
30.6  0.0 ./cli kernel images/4096x40   1  5288
40.3  0.0 ./cli kernel images/4096x40   1  6304
  PID User     Command                         Swap      USS      PSS      RSS 
35169 codespace ./cli kernel images/4096x40        0     3880     3922     5040 
35171 codespace ./cli kernel images/4096x40        0     3944     3991     5168 
35173 codespace ./cli kernel images/4096x40        0     4240     4285     5452 
35165 codespace ./cli kernel images/4096x40        0     4620     4666     5872 
35175 codespace ./cli kernel images/4096x40        0     5740     5787     7008 
35208 codespace /usr/bin/python3 /usr/bin/s        0    12060    12283    14544 
%CPU %MEM ARGS Wed Sep 30 20:37:21 UTC 2026
 0.0  0.0 grep --color=auto ./cli       0  2252
26.8  0.0 ./cli kernel images/4096x40   0  5768
28.3  0.0 ./cli kernel images/4096x40   1  5984
29.5  0.0 ./cli kernel images/4096x40   0  6148
31.1  0.0 ./cli kernel images/4096x40   0  6560
39.2  0.0 ./cli kernel images/4096x40   1  7788
  PID User     Command                         Swap      USS      PSS      RSS 
35169 codespace ./cli kernel images/4096x40        0     5040     5088     6200 
35171 codespace ./cli kernel images/4096x40        0     5196     5248     6420 
35173 codespace ./cli kernel images/4096x40        0     5380     5431     6592 
35165 codespace ./cli kernel images/4096x40        0     5732     5783     6984 
35175 codespace ./cli kernel images/4096x40        0     6984     7037     8252 
35234 codespace /usr/bin/python3 /usr/bin/s        0    12036    12294    14512 
%CPU %MEM ARGS Wed Sep 30 20:37:21 UTC 2026
 0.0  0.0 grep --color=auto ./cli       0  2292
27.5  0.0 ./cli kernel images/4096x40   0  6848
29.3  0.0 ./cli kernel images/4096x40   1  7212
29.6  0.0 ./cli kernel images/4096x40   0  7236
31.3  0.0 ./cli kernel images/4096x40   0  7632
39.8  0.1 ./cli kernel images/4096x40   1  9328
  PID User     Command                         Swap      USS      PSS      RSS 
35169 codespace ./cli kernel images/4096x40        0     6188     6236     7348 
35173 codespace ./cli kernel images/4096x40        0     6636     6687     7848 
35165 codespace ./cli kernel images/4096x40        0     6864     6915     8116 
35171 codespace ./cli kernel images/4096x40        0     6892     6944     8116 
35175 codespace ./cli kernel images/4096x40        0     8556     8609     9824 
35240 codespace /usr/bin/python3 /usr/bin/s        0    12060    12318    14536 
%CPU %MEM ARGS Wed Sep 30 20:37:22 UTC 2026
 0.0  0.0 grep --color=auto ./cli       0  2180
26.7  0.0 ./cli kernel images/4096x40   1  7852
29.0  0.1 ./cli kernel images/4096x40   1  8344
29.7  0.1 ./cli kernel images/4096x40   1  8624
31.0  0.1 ./cli kernel images/4096x40   0  9004
36.7  0.1 ./cli kernel images/4096x40   1 10328
  PID User     Command                         Swap      USS      PSS      RSS 
35169 codespace ./cli kernel images/4096x40        0     7072     7120     8232 
35173 codespace ./cli kernel images/4096x40        0     7532     7583     8744 
35171 codespace ./cli kernel images/4096x40        0     7724     7777     8948 
35165 codespace ./cli kernel images/4096x40        0     8220     8272     9472 
35175 codespace ./cli kernel images/4096x40        0     9484     9537    10752 
35258 codespace /usr/bin/python3 /usr/bin/s        0    12072    12361    14584 
%CPU %MEM ARGS Wed Sep 30 20:37:22 UTC 2026
 0.0  0.0 grep --color=auto ./cli       1  2160
27.0  0.1 ./cli kernel images/4096x40   1  8928
29.6  0.1 ./cli kernel images/4096x40   0  9676
29.7  0.1 ./cli kernel images/4096x40   0  9664
31.2  0.1 ./cli kernel images/4096x40   0 10224
36.7  0.1 ./cli kernel images/4096x40   1 11656
  PID User     Command                         Swap      USS      PSS      RSS 
35169 codespace ./cli kernel images/4096x40        0     8240     8288     9400 
35171 codespace ./cli kernel images/4096x40        0     8952     9005    10176 
35173 codespace ./cli kernel images/4096x40        0     8968     9019    10180 
35165 codespace ./cli kernel images/4096x40        0     9456     9508    10708 
35175 codespace ./cli kernel images/4096x40        0    10880    10933    12148 
35270 codespace /usr/bin/python3 /usr/bin/s        0    12064    12345    14512 
%CPU %MEM ARGS Wed Sep 30 20:37:23 UTC 2026
 0.0  0.0 grep --color=auto ./cli       0  2204
28.1  0.1 ./cli kernel images/4096x40   1 10288
29.8  0.1 ./cli kernel images/4096x40   0 10844
29.9  0.1 ./cli kernel images/4096x40   0 10844
31.4  0.1 ./cli kernel images/4096x40   0 11396
36.4  0.1 ./cli kernel images/4096x40   1 13020
  PID User     Command                         Swap      USS      PSS      RSS 
35169 codespace ./cli kernel images/4096x40        0     9596     9644    10756 
35171 codespace ./cli kernel images/4096x40        0    10132    10184    11356 
35173 codespace ./cli kernel images/4096x40        0    10148    10199    11360 
35165 codespace ./cli kernel images/4096x40        0    10632    10683    11884 
35175 codespace ./cli kernel images/4096x40        0    12248    12301    13516 
35281 codespace /usr/bin/python3 /usr/bin/s        0    12056    12314    14540 
%CPU %MEM ARGS Wed Sep 30 20:37:23 UTC 2026
 0.0  0.0 grep --color=auto ./cli       1  2180
28.6  0.1 ./cli kernel images/4096x40   1 11456
30.6  0.1 ./cli kernel images/4096x40   0 12236
30.7  0.1 ./cli kernel images/4096x40   0 12228
31.3  0.1 ./cli kernel images/4096x40   1 12592
36.2  0.1 ./cli kernel images/4096x40   0 14192
  PID User     Command                         Swap      USS      PSS      RSS 
35169 codespace ./cli kernel images/4096x40        0    10760    10801    11920 
35171 codespace ./cli kernel images/4096x40        0    11500    11545    12724 
35173 codespace ./cli kernel images/4096x40        0    11528    11573    12740 
35165 codespace ./cli kernel images/4096x40        0    11796    11840    13048 
35286 codespace /usr/bin/python3 /usr/bin/s        0    12060    12262    14540 
35175 codespace ./cli kernel images/4096x40        0    13448    13493    14716 
%CPU %MEM ARGS Wed Sep 30 20:37:24 UTC 2026
 0.0  0.0 grep --color=auto ./cli       0  2160
28.7  0.1 ./cli kernel images/4096x40   1 12708
30.2  0.1 ./cli kernel images/4096x40   1 13316
30.3  0.1 ./cli kernel images/4096x40   1 13332
31.3  0.1 ./cli kernel images/4096x40   1 13844
35.4  0.1 ./cli kernel images/4096x40   0 15392
  PID User     Command                         Swap      USS      PSS      RSS 
35169 codespace ./cli kernel images/4096x40        0    11812    11854    12972 
35313 codespace /usr/bin/python3 /usr/bin/s        0    12056    12303    14616 
35171 codespace ./cli kernel images/4096x40        0    12380    12426    13604 
35173 codespace ./cli kernel images/4096x40        0    12412    12458    13624 
35165 codespace ./cli kernel images/4096x40        0    12908    12954    14160 
35175 codespace ./cli kernel images/4096x40        0    14592    14639    15860 
%CPU %MEM ARGS Wed Sep 30 20:37:24 UTC 2026
 0.0  0.0 grep --color=auto ./cli       0  2212
29.5  0.1 ./cli kernel images/4096x40   1 14008
30.0  0.1 ./cli kernel images/4096x40   0 14328
30.8  0.1 ./cli kernel images/4096x40   1 14628
31.3  0.1 ./cli kernel images/4096x40   0 14908
35.3  0.2 ./cli kernel images/4096x40   1 16548
  PID User     Command                         Swap      USS      PSS      RSS 
35318 codespace /usr/bin/python3 /usr/bin/s        0    12060    12316    14568 
35169 codespace ./cli kernel images/4096x40        0    13344    13383    14504 
35171 codespace ./cli kernel images/4096x40        0    13572    13615    14796 
35173 codespace ./cli kernel images/4096x40        0    13932    13974    15144 
35165 codespace ./cli kernel images/4096x40        0    14104    14146    15356 
35175 codespace ./cli kernel images/4096x40        0    15804    15848    17072 
%CPU %MEM ARGS Wed Sep 30 20:37:25 UTC 2026
 0.0  0.0 grep --color=auto ./cli       1  2260
29.5  0.1 ./cli kernel images/4096x40   0 15208
30.3  0.1 ./cli kernel images/4096x40   0 15604
31.0  0.1 ./cli kernel images/4096x40   1 15904
31.4  0.1 ./cli kernel images/4096x40   0 16176
35.0  0.2 ./cli kernel images/4096x40   1 17828
  PID User     Command                         Swap      USS      PSS      RSS 
35346 codespace /usr/bin/python3 /usr/bin/s        0    12052    12332    14580 
35169 codespace ./cli kernel images/4096x40        0    14592    14640    15752 
35171 codespace ./cli kernel images/4096x40        0    14912    14964    16136 
35173 codespace ./cli kernel images/4096x40        0    15192    15243    16404 
35165 codespace ./cli kernel images/4096x40        0    15428    15479    16680 
35175 codespace ./cli kernel images/4096x40        0    17088    17141    18356 
%CPU %MEM ARGS Wed Sep 30 20:37:25 UTC 2026
 0.0  0.0 grep --color=auto ./cli       0  2296
29.6  0.2 ./cli kernel images/4096x40   1 16464
30.5  0.2 ./cli kernel images/4096x40   0 16900
31.1  0.2 ./cli kernel images/4096x40   1 17264
31.5  0.2 ./cli kernel images/4096x40   1 17580
34.7  0.2 ./cli kernel images/4096x40   0 19084
  PID User     Command                         Swap      USS      PSS      RSS 
35351 codespace /usr/bin/python3 /usr/bin/s        0    12060    12319    14536 
35169 codespace ./cli kernel images/4096x40        0    15808    15856    16968 
35171 codespace ./cli kernel images/4096x40        0    16168    16220    17392 
35173 codespace ./cli kernel images/4096x40        0    16556    16607    17768 
35165 codespace ./cli kernel images/4096x40        0    16808    16859    18060 
35175 codespace ./cli kernel images/4096x40        0    18316    18369    19584 
%CPU %MEM ARGS Wed Sep 30 20:37:26 UTC 2026
 0.0  0.0 grep --color=auto ./cli       1  2288
29.7  0.2 ./cli kernel images/4096x40   1 17640
30.6  0.2 ./cli kernel images/4096x40   0 18220
31.1  0.2 ./cli kernel images/4096x40   1 18448
31.6  0.2 ./cli kernel images/4096x40   0 18788
34.5  0.2 ./cli kernel images/4096x40   0 20416
  PID User     Command                         Swap      USS      PSS      RSS 
35357 codespace /usr/bin/python3 /usr/bin/s        0    12060    12323    14512 
35169 codespace ./cli kernel images/4096x40        0    16832    16880    17992 
35171 codespace ./cli kernel images/4096x40        0    17360    17413    18584 
35165 codespace ./cli kernel images/4096x40        0    17864    17916    19116 
35173 codespace ./cli kernel images/4096x40        0    17900    17951    19112 
35175 codespace ./cli kernel images/4096x40        0    19516    19569    20784 
%CPU %MEM ARGS Wed Sep 30 20:37:27 UTC 2026
 0.0  0.0 grep --color=auto ./cli       1  2160
29.4  0.2 ./cli kernel images/4096x40   0 18620
31.1  0.2 ./cli kernel images/4096x40   1 19640
31.2  0.2 ./cli kernel images/4096x40   0 19748
31.3  0.2 ./cli kernel images/4096x40   0 19688
34.2  0.2 ./cli kernel images/4096x40   1 21408
  PID User     Command                         Swap      USS      PSS      RSS 
35362 codespace /usr/bin/python3 /usr/bin/s        0    12064    12335    14512 
35169 codespace ./cli kernel images/4096x40        0    17948    17991    19108 
35171 codespace ./cli kernel images/4096x40        0    18904    18951    20128 
35165 codespace ./cli kernel images/4096x40        0    18984    19029    20236 
35173 codespace ./cli kernel images/4096x40        0    18992    19039    20204 
35175 codespace ./cli kernel images/4096x40        0    20628    20681    21896 
%CPU %MEM ARGS Wed Sep 30 20:37:27 UTC 2026
 0.0  0.0 grep --color=auto ./cli       0  2196
29.6  0.2 ./cli kernel images/4096x40   0 19828
31.1  0.2 ./cli kernel images/4096x40   0 20964
31.2  0.2 ./cli kernel images/4096x40   0 20884
31.4  0.2 ./cli kernel images/4096x40   1 21032
34.2  0.2 ./cli kernel images/4096x40   1 22788
  PID User     Command                         Swap      USS      PSS      RSS 
35374 codespace /usr/bin/python3 /usr/bin/s        0    12060    12320    14536 
35169 codespace ./cli kernel images/4096x40        0    19108    19156    20268 
35165 codespace ./cli kernel images/4096x40        0    20132    20183    21384 
35173 codespace ./cli kernel images/4096x40        0    20136    20187    21348 
35171 codespace ./cli kernel images/4096x40        0    20332    20384    21556 
35175 codespace ./cli kernel images/4096x40        0    22056    22109    23324 
%CPU %MEM ARGS Wed Sep 30 20:37:28 UTC 2026
 0.0  0.0 grep --color=auto ./cli       0  2300
29.6  0.2 ./cli kernel images/4096x40   1 20980
31.1  0.2 ./cli kernel images/4096x40   0 22120
31.4  0.2 ./cli kernel images/4096x40   0 22132
31.9  0.2 ./cli kernel images/4096x40   1 22436
34.4  0.2 ./cli kernel images/4096x40   0 24108
  PID User     Command                         Swap      USS      PSS      RSS 
35379 codespace /usr/bin/python3 /usr/bin/s        0    12064    12335    14512 
35169 codespace ./cli kernel images/4096x40        0    20296    20344    21456 
35165 codespace ./cli kernel images/4096x40        0    21324    21375    22576 
35173 codespace ./cli kernel images/4096x40        0    21408    21459    22620 
35171 codespace ./cli kernel images/4096x40        0    21700    21752    22924 
35175 codespace ./cli kernel images/4096x40        0    23320    23373    24588 
%CPU %MEM ARGS Wed Sep 30 20:37:28 UTC 2026
 0.0  0.0 grep --color=auto ./cli       1  2180
30.0  0.2 ./cli kernel images/4096x40   1 22324
31.3  0.2 ./cli kernel images/4096x40   0 23292
31.5  0.2 ./cli kernel images/4096x40   0 23308
32.1  0.2 ./cli kernel images/4096x40   1 23776
34.1  0.3 ./cli kernel images/4096x40   0 25260
  PID User     Command                         Swap      USS      PSS      RSS 
35385 codespace /usr/bin/python3 /usr/bin/s        0    12056    12316    14540 
35169 codespace ./cli kernel images/4096x40        0    21700    21748    22860 
35165 codespace ./cli kernel images/4096x40        0    22468    22519    23720 
35173 codespace ./cli kernel images/4096x40        0    22564    22615    23776 
35171 codespace ./cli kernel images/4096x40        0    23096    23148    24320 
35175 codespace ./cli kernel images/4096x40        0    24480    24533    25748 
%CPU %MEM ARGS Wed Sep 30 20:37:29 UTC 2026
 0.0  0.0 grep --color=auto ./cli       1  2172
30.3  0.2 ./cli kernel images/4096x40   1 23736
31.3  0.3 ./cli kernel images/4096x40   1 24440
31.6  0.3 ./cli kernel images/4096x40   0 24520
32.4  0.3 ./cli kernel images/4096x40   1 25200
34.1  0.3 ./cli kernel images/4096x40   0 26476
  PID User     Command                         Swap      USS      PSS      RSS 
35390 codespace /usr/bin/python3 /usr/bin/s        0    12060    12311    14476 
35169 codespace ./cli kernel images/4096x40        0    23036    23084    24196 
35165 codespace ./cli kernel images/4096x40        0    23644    23695    24896 
35173 codespace ./cli kernel images/4096x40        0    23776    23827    24988 
35171 codespace ./cli kernel images/4096x40        0    24428    24480    25652 
35175 codespace ./cli kernel images/4096x40        0    25696    25747    26964 
%CPU %MEM ARGS Wed Sep 30 20:37:29 UTC 2026
 0.0  0.0 grep --color=auto ./cli       0  2132
30.3  0.3 ./cli kernel images/4096x40   1 24764
31.2  0.3 ./cli kernel images/4096x40   1 25468
31.7  0.3 ./cli kernel images/4096x40   0 25756
32.2  0.3 ./cli kernel images/4096x40   1 26204
33.9  0.3 ./cli kernel images/4096x40   1 27552
  PID User     Command                         Swap      USS      PSS      RSS 
35408 codespace /usr/bin/python3 /usr/bin/s        0    12060    12311    14512 
35169 codespace ./cli kernel images/4096x40        0    24008    24055    25168 
35165 codespace ./cli kernel images/4096x40        0    24616    24666    25868 
35173 codespace ./cli kernel images/4096x40        0    25008    25058    26220 
35171 codespace ./cli kernel images/4096x40        0    25408    25458    26632 
35175 codespace ./cli kernel images/4096x40        0    26748    26799    28016 
%CPU %MEM ARGS Wed Sep 30 20:37:30 UTC 2026
 0.0  0.0 grep --color=auto ./cli       1  2180
30.1  0.3 ./cli kernel images/4096x40   0 25804
31.0  0.3 ./cli kernel images/4096x40   1 26572
31.7  0.3 ./cli kernel images/4096x40   0 26972
32.1  0.3 ./cli kernel images/4096x40   1 27304
33.7  0.3 ./cli kernel images/4096x40   0 28748
  PID User     Command                         Swap      USS      PSS      RSS 
35413 codespace /usr/bin/python3 /usr/bin/s        0    12052    12310    14520 
35169 codespace ./cli kernel images/4096x40        0    25112    25160    26272 
35165 codespace ./cli kernel images/4096x40        0    26148    26200    27400 
35173 codespace ./cli kernel images/4096x40        0    26248    26299    27460 
35171 codespace ./cli kernel images/4096x40        0    26928    26980    28152 
35175 codespace ./cli kernel images/4096x40        0    27996    28049    29264 
%CPU %MEM ARGS Wed Sep 30 20:37:30 UTC 2026
 0.0  0.0 grep --color=auto ./cli       0  2176
30.0  0.3 ./cli kernel images/4096x40   1 26884
31.3  0.3 ./cli kernel images/4096x40   1 28088
31.7  0.3 ./cli kernel images/4096x40   0 28356
32.3  0.3 ./cli kernel images/4096x40   1 28832
33.5  0.3 ./cli kernel images/4096x40   1 29852
  PID User     Command                         Swap      USS      PSS      RSS 
35419 codespace /usr/bin/python3 /usr/bin/s        0    12064    12341    14512 
35169 codespace ./cli kernel images/4096x40        0    26064    26112    27224 
35165 codespace ./cli kernel images/4096x40        0    27160    27212    28412 
35173 codespace ./cli kernel images/4096x40        0    27648    27699    28860 
35171 codespace ./cli kernel images/4096x40        0    27960    28012    29184 
35175 codespace ./cli kernel images/4096x40        0    28944    28997    30212 
%CPU %MEM ARGS Wed Sep 30 20:37:31 UTC 2026
 0.0  0.0 grep --color=auto ./cli       1  2200
30.0  0.3 ./cli kernel images/4096x40   1 27920
31.3  0.3 ./cli kernel images/4096x40   1 29124
32.1  0.3 ./cli kernel images/4096x40   0 29720
32.4  0.3 ./cli kernel images/4096x40   0 30052
33.3  0.3 ./cli kernel images/4096x40   1 30888
  PID User     Command                         Swap      USS      PSS      RSS 
35424 codespace /usr/bin/python3 /usr/bin/s        0    12060    12338    14568 
35169 codespace ./cli kernel images/4096x40        0    27232    27280    28392 
35165 codespace ./cli kernel images/4096x40        0    28316    28368    29568 
35173 codespace ./cli kernel images/4096x40        0    28992    29043    30204 
35171 codespace ./cli kernel images/4096x40        0    29304    29357    30528 
35175 codespace ./cli kernel images/4096x40        0    30136    30189    31404 
%CPU %MEM ARGS Wed Sep 30 20:37:31 UTC 2026
 0.0  0.0 grep --color=auto ./cli       0  2180
30.0  0.3 ./cli kernel images/4096x40   1 29000
31.3  0.3 ./cli kernel images/4096x40   1 30192
32.0  0.3 ./cli kernel images/4096x40   1 30804
32.7  0.3 ./cli kernel images/4096x40   0 31464
33.3  0.3 ./cli kernel images/4096x40   1 31960
  PID User     Command                         Swap      USS      PSS      RSS 
35436 codespace /usr/bin/python3 /usr/bin/s        0    12080    12370    14588 
35169 codespace ./cli kernel images/4096x40        0    28276    28324    29436 
35165 codespace ./cli kernel images/4096x40        0    29364    29415    30616 
35173 codespace ./cli kernel images/4096x40        0    30016    30067    31228 
35171 codespace ./cli kernel images/4096x40        0    30664    30716    31888 
35175 codespace ./cli kernel images/4096x40        0    31120    31173    32388 
%CPU %MEM ARGS Wed Sep 30 20:37:32 UTC 2026
 0.0  0.0 grep --color=auto ./cli       0  2180
30.3  0.3 ./cli kernel images/4096x40   0 30324
31.3  0.3 ./cli kernel images/4096x40   0 31436
31.9  0.3 ./cli kernel images/4096x40   1 31852
32.5  0.3 ./cli kernel images/4096x40   1 32516
33.0  0.4 ./cli kernel images/4096x40   1 33012
  PID User     Command                         Swap      USS      PSS      RSS 
35441 codespace /usr/bin/python3 /usr/bin/s        0    12060    12313    14476 
35169 codespace ./cli kernel images/4096x40        0    29636    29683    30796 
35165 codespace ./cli kernel images/4096x40        0    30640    30690    31892 
35173 codespace ./cli kernel images/4096x40        0    31164    31215    32376 
35171 codespace ./cli kernel images/4096x40        0    31848    31899    33072 
35175 codespace ./cli kernel images/4096x40        0    32348    32401    33616 
%CPU %MEM ARGS Wed Sep 30 20:37:32 UTC 2026
 0.0  0.0 grep --color=auto ./cli       0  2212
30.1  0.3 ./cli kernel images/4096x40   1 31632
31.4  0.4 ./cli kernel images/4096x40   0 33024
31.8  0.4 ./cli kernel images/4096x40   0 33296
32.2  0.4 ./cli kernel images/4096x40   1 33804
32.7  0.4 ./cli kernel images/4096x40   1 34304
  PID User     Command                         Swap      USS      PSS      RSS 
35464 codespace /usr/bin/python3 /usr/bin/s        0    12052    12304    14468 
35169 codespace ./cli kernel images/4096x40        0    30888    30936    32048 
35165 codespace ./cli kernel images/4096x40        0    32200    32252    33452 
35173 codespace ./cli kernel images/4096x40        0    32576    32627    33788 
35171 codespace ./cli kernel images/4096x40        0    33024    33076    34248 
35175 codespace ./cli kernel images/4096x40        0    33512    33565    34780 
%CPU %MEM ARGS Wed Sep 30 20:37:33 UTC 2026
 0.0  0.0 grep --color=auto ./cli       1  2200
30.1  0.4 ./cli kernel images/4096x40   1 32768
31.7  0.4 ./cli kernel images/4096x40   0 34420
32.0  0.4 ./cli kernel images/4096x40   0 34700
32.2  0.4 ./cli kernel images/4096x40   0 34940
32.7  0.4 ./cli kernel images/4096x40   1 35444
  PID User     Command                         Swap      USS      PSS      RSS 
35470 codespace /usr/bin/python3 /usr/bin/s        0    12060    12337    14620 
35169 codespace ./cli kernel images/4096x40        0    32084    32132    33244 
35165 codespace ./cli kernel images/4096x40        0    33600    33652    34852 
35173 codespace ./cli kernel images/4096x40        0    33964    34015    35176 
35171 codespace ./cli kernel images/4096x40        0    34192    34244    35416 
35175 codespace ./cli kernel images/4096x40        0    34700    34752    35968 
%CPU %MEM ARGS Wed Sep 30 20:37:34 UTC 2026
 0.0  0.0 grep --color=auto ./cli       1  2164
30.1  0.4 ./cli kernel images/4096x40   1 33944
31.8  0.4 ./cli kernel images/4096x40   0 35828
32.1  0.4 ./cli kernel images/4096x40   1 36092
32.1  0.4 ./cli kernel images/4096x40   0 36104
32.6  0.4 ./cli kernel images/4096x40   1 36628
  PID User     Command                         Swap      USS      PSS      RSS 
35481 codespace /usr/bin/python3 /usr/bin/s        0    12064    12375    14572 
35169 codespace ./cli kernel images/4096x40        0    33276    33324    34436 
35165 codespace ./cli kernel images/4096x40        0    35040    35092    36292 
35171 codespace ./cli kernel images/4096x40        0    35368    35420    36592 
35173 codespace ./cli kernel images/4096x40        0    35400    35451    36612 
35175 codespace ./cli kernel images/4096x40        0    35892    35945    37160 
%CPU %MEM ARGS Wed Sep 30 20:37:34 UTC 2026
 0.0  0.0 grep --color=auto ./cli       1  2168
30.2  0.4 ./cli kernel images/4096x40   0 35172
32.0  0.4 ./cli kernel images/4096x40   0 37240
32.1  0.4 ./cli kernel images/4096x40   1 37340
32.3  0.4 ./cli kernel images/4096x40   0 37528
32.6  0.4 ./cli kernel images/4096x40   1 37884
  PID User     Command                         Swap      USS      PSS      RSS 
35487 codespace /usr/bin/python3 /usr/bin/s        0    12060    12318    14544 
35169 codespace ./cli kernel images/4096x40        0    34560    34608    35720 
35165 codespace ./cli kernel images/4096x40        0    36396    36447    37648 
35171 codespace ./cli kernel images/4096x40        0    36676    36728    37900 
35173 codespace ./cli kernel images/4096x40        0    36748    36799    37960 
35175 codespace ./cli kernel images/4096x40        0    37104    37157    38372 
%CPU %MEM ARGS Wed Sep 30 20:37:35 UTC 2026
 0.0  0.0 grep --color=auto ./cli       1  2248
30.5  0.4 ./cli kernel images/4096x40   0 36684
31.9  0.4 ./cli kernel images/4096x40   1 38376
32.3  0.4 ./cli kernel images/4096x40   1 38644
32.4  0.4 ./cli kernel images/4096x40   0 38856
32.5  0.4 ./cli kernel images/4096x40   1 39040
  PID User     Command                         Swap      USS      PSS      RSS 
35492 codespace /usr/bin/python3 /usr/bin/s        0    12056    12288    14512 
35169 codespace ./cli kernel images/4096x40        0    35996    36042    37156 
35165 codespace ./cli kernel images/4096x40        0    37564    37614    38816 
35173 codespace ./cli kernel images/4096x40        0    37984    38033    39196 
35171 codespace ./cli kernel images/4096x40        0    38104    38155    39328 
35175 codespace ./cli kernel images/4096x40        0    38264    38316    39532 
%CPU %MEM ARGS Wed Sep 30 20:37:35 UTC 2026
 0.0  0.0 grep --color=auto ./cli       0  2304
30.6  0.4 ./cli kernel images/4096x40   1 38044
31.9  0.4 ./cli kernel images/4096x40   0 39640
32.2  0.4 ./cli kernel images/4096x40   0 39900
32.4  0.4 ./cli kernel images/4096x40   1 40164
32.4  0.4 ./cli kernel images/4096x40   0 40280
  PID User     Command                         Swap      USS      PSS      RSS 
35505 codespace /usr/bin/python3 /usr/bin/s        0    12052    12313    14520 
35169 codespace ./cli kernel images/4096x40        0    37404    37452    38564 
35165 codespace ./cli kernel images/4096x40        0    38800    38852    40052 
35173 codespace ./cli kernel images/4096x40        0    39136    39187    40348 
35175 codespace ./cli kernel images/4096x40        0    39472    39525    40740 
35171 codespace ./cli kernel images/4096x40        0    39780    39833    41004 
%CPU %MEM ARGS Wed Sep 30 20:37:36 UTC 2026
 0.0  0.0 grep --color=auto ./cli       0  2172
30.6  0.4 ./cli kernel images/4096x40   1 39408
31.6  0.5 ./cli kernel images/4096x40   0 40696
31.9  0.5 ./cli kernel images/4096x40   0 40972
32.2  0.5 ./cli kernel images/4096x40   0 41344
32.7  0.5 ./cli kernel images/4096x40   1 42008
  PID User     Command                         Swap      USS      PSS      RSS 
35516 codespace /usr/bin/python3 /usr/bin/s        0    12060    12314    14540 
35169 codespace ./cli kernel images/4096x40        0    38740    38788    39900 
35165 codespace ./cli kernel images/4096x40        0    39888    39940    41140 
35173 codespace ./cli kernel images/4096x40        0    40252    40303    41464 
35175 codespace ./cli kernel images/4096x40        0    40600    40653    41868 
35171 codespace ./cli kernel images/4096x40        0    41284    41336    42508 
%CPU %MEM ARGS Wed Sep 30 20:37:36 UTC 2026
 0.0  0.0 grep --color=auto ./cli       0  2200
30.9  0.5 ./cli kernel images/4096x40   1 40852
31.6  0.5 ./cli kernel images/4096x40   0 41912
31.9  0.5 ./cli kernel images/4096x40   0 42188
32.2  0.5 ./cli kernel images/4096x40   1 42636
32.8  0.5 ./cli kernel images/4096x40   0 43360
  PID User     Command                         Swap      USS      PSS      RSS 
35522 codespace /usr/bin/python3 /usr/bin/s        0    12060    12320    14512 
35169 codespace ./cli kernel images/4096x40        0    40288    40336    41448 
35165 codespace ./cli kernel images/4096x40        0    41084    41136    42336 
35173 codespace ./cli kernel images/4096x40        0    41440    41491    42652 
35175 codespace ./cli kernel images/4096x40        0    41940    41993    43208 
35171 codespace ./cli kernel images/4096x40        0    42692    42744    43916 
%CPU %MEM ARGS Wed Sep 30 20:37:37 UTC 2026
 0.0  0.0 grep --color=auto ./cli       1  2248
30.9  0.5 ./cli kernel images/4096x40   1 42112
31.6  0.5 ./cli kernel images/4096x40   0 43020
31.8  0.5 ./cli kernel images/4096x40   0 43232
32.2  0.5 ./cli kernel images/4096x40   0 43808
33.1  0.5 ./cli kernel images/4096x40   1 44988
  PID User     Command                         Swap      USS      PSS      RSS 
35527 codespace /usr/bin/python3 /usr/bin/s        0    12056    12309    14472 
35169 codespace ./cli kernel images/4096x40        0    41412    41460    42572 
35165 codespace ./cli kernel images/4096x40        0    42232    42283    43484 
35173 codespace ./cli kernel images/4096x40        0    42544    42595    43756 
35175 codespace ./cli kernel images/4096x40        0    43072    43125    44340 
35171 codespace ./cli kernel images/4096x40        0    44236    44288    45460 
%CPU %MEM ARGS Wed Sep 30 20:37:37 UTC 2026
 0.0  0.0 grep --color=auto ./cli       1  2200
31.0  0.5 ./cli kernel images/4096x40   1 43476
31.6  0.5 ./cli kernel images/4096x40   0 44224
31.8  0.5 ./cli kernel images/4096x40   0 44464
32.1  0.5 ./cli kernel images/4096x40   0 45004
33.2  0.5 ./cli kernel images/4096x40   1 46348
  PID User     Command                         Swap      USS      PSS      RSS 
35533 codespace /usr/bin/python3 /usr/bin/s        0    12080    12350    14588 
35169 codespace ./cli kernel images/4096x40        0    42780    42828    43940 
35165 codespace ./cli kernel images/4096x40        0    43416    43467    44668 
35173 codespace ./cli kernel images/4096x40        0    43736    43786    44948 
35175 codespace ./cli kernel images/4096x40        0    44244    44295    45512 
35171 codespace ./cli kernel images/4096x40        0    45620    45672    46844 
%CPU %MEM ARGS Wed Sep 30 20:37:38 UTC 2026
 0.0  0.0 grep --color=auto ./cli       0  2164
31.2  0.5 ./cli kernel images/4096x40   1 44824
31.5  0.5 ./cli kernel images/4096x40   1 45344
31.8  0.5 ./cli kernel images/4096x40   0 45564
32.2  0.5 ./cli kernel images/4096x40   0 46112
33.2  0.5 ./cli kernel images/4096x40   1 47688
  PID User     Command                         Swap      USS      PSS      RSS 
35545 codespace /usr/bin/python3 /usr/bin/s        0    12056    12304    14472 
35169 codespace ./cli kernel images/4096x40        0    44128    44176    45288 
35165 codespace ./cli kernel images/4096x40        0    44536    44587    45788 
35173 codespace ./cli kernel images/4096x40        0    44864    44915    46076 
35175 codespace ./cli kernel images/4096x40        0    45372    45425    46640 
35171 codespace ./cli kernel images/4096x40        0    46940    46992    48164 
%CPU %MEM ARGS Wed Sep 30 20:37:38 UTC 2026
 0.0  0.0 grep --color=auto ./cli       0  2288
31.2  0.5 ./cli kernel images/4096x40   1 46076
31.3  0.5 ./cli kernel images/4096x40   0 46260
31.7  0.5 ./cli kernel images/4096x40   0 46644
32.1  0.5 ./cli kernel images/4096x40   0 47192
33.1  0.5 ./cli kernel images/4096x40   0 48640
  PID User     Command                         Swap      USS      PSS      RSS 
35550 codespace /usr/bin/python3 /usr/bin/s        0    12052    12300    14468 
35165 codespace ./cli kernel images/4096x40        0    45524    45575    46776 
35169 codespace ./cli kernel images/4096x40        0    45648    45696    46808 
35173 codespace ./cli kernel images/4096x40        0    45920    45971    47132 
35175 codespace ./cli kernel images/4096x40        0    46428    46481    47696 
35171 codespace ./cli kernel images/4096x40        0    47884    47936    49108 
%CPU %MEM ARGS Wed Sep 30 20:37:39 UTC 2026
 0.0  0.0 grep --color=auto ./cli       1  2184
31.5  0.5 ./cli kernel images/4096x40   1 47696
31.5  0.5 ./cli kernel images/4096x40   1 47700
31.7  0.5 ./cli kernel images/4096x40   0 47908
32.0  0.5 ./cli kernel images/4096x40   0 48464
33.0  0.6 ./cli kernel images/4096x40   0 49820
  PID User     Command                         Swap      USS      PSS      RSS 
35556 codespace /usr/bin/python3 /usr/bin/s        0    12060    12309    14476 
35165 codespace ./cli kernel images/4096x40        0    46892    46943    48144 
35169 codespace ./cli kernel images/4096x40        0    46936    46984    48096 
35173 codespace ./cli kernel images/4096x40        0    47164    47215    48376 
35175 codespace ./cli kernel images/4096x40        0    47664    47717    48932 
35171 codespace ./cli kernel images/4096x40        0    49044    49096    50268 
%CPU %MEM ARGS Wed Sep 30 20:37:39 UTC 2026
 0.0  0.0 grep --color=auto ./cli       0  2164
31.5  0.5 ./cli kernel images/4096x40   0 48780
31.6  0.6 ./cli kernel images/4096x40   1 48992
31.8  0.6 ./cli kernel images/4096x40   1 49112
32.0  0.6 ./cli kernel images/4096x40   1 49532
32.9  0.6 ./cli kernel images/4096x40   0 50952
  PID User     Command                         Swap      USS      PSS      RSS 
35561 codespace /usr/bin/python3 /usr/bin/s        0    12056    12312    14540 
35169 codespace ./cli kernel images/4096x40        0    48076    48124    49236 
35165 codespace ./cli kernel images/4096x40        0    48188    48239    49440 
35173 codespace ./cli kernel images/4096x40        0    48456    48507    49668 
35175 codespace ./cli kernel images/4096x40        0    48744    48797    50012 
35171 codespace ./cli kernel images/4096x40        0    50196    50248    51420 
%CPU %MEM ARGS Wed Sep 30 20:37:40 UTC 2026
 0.0  0.0 grep --color=auto ./cli       0  2128
31.5  0.6 ./cli kernel images/4096x40   0 49912
31.8  0.6 ./cli kernel images/4096x40   1 50464
31.9  0.6 ./cli kernel images/4096x40   0 50616
32.0  0.6 ./cli kernel images/4096x40   1 50584
32.9  0.6 ./cli kernel images/4096x40   0 52068
  PID User     Command                         Swap      USS      PSS      RSS 
35573 codespace /usr/bin/python3 /usr/bin/s        0    12060    12338    14568 
35169 codespace ./cli kernel images/4096x40        0    49208    49256    50368 
35165 codespace ./cli kernel images/4096x40        0    49644    49696    50896 
35173 codespace ./cli kernel images/4096x40        0    49856    49907    51068 
35175 codespace ./cli kernel images/4096x40        0    49864    49917    51132 
35171 codespace ./cli kernel images/4096x40        0    51324    51377    52548 
%CPU %MEM ARGS Wed Sep 30 20:37:40 UTC 2026
 0.0  0.0 grep --color=auto ./cli       1  2296
31.4  0.6 ./cli kernel images/4096x40   0 51028
31.8  0.6 ./cli kernel images/4096x40   1 51652
31.8  0.6 ./cli kernel images/4096x40   0 51732
31.9  0.6 ./cli kernel images/4096x40   1 51772
32.8  0.6 ./cli kernel images/4096x40   0 53176
  PID User     Command                         Swap      USS      PSS      RSS 
35578 codespace /usr/bin/python3 /usr/bin/s        0    12068    12345    14524 
35169 codespace ./cli kernel images/4096x40        0    50312    50359    51472 
35165 codespace ./cli kernel images/4096x40        0    50828    50878    52080 
35175 codespace ./cli kernel images/4096x40        0    50972    51025    52240 
35173 codespace ./cli kernel images/4096x40        0    51048    51098    52260 
35171 codespace ./cli kernel images/4096x40        0    52432    52483    53656 
%CPU %MEM ARGS Wed Sep 30 20:37:41 UTC 2026
 0.0  0.0 grep --color=auto ./cli       0  2248
31.2  0.6 ./cli kernel images/4096x40   0 52096
31.7  0.6 ./cli kernel images/4096x40   0 52816
31.8  0.6 ./cli kernel images/4096x40   1 52972
32.1  0.6 ./cli kernel images/4096x40   1 53464
32.6  0.6 ./cli kernel images/4096x40   1 54244
  PID User     Command                         Swap      USS      PSS      RSS 
35590 codespace /usr/bin/python3 /usr/bin/s        0    12060    12314    14540 
35169 codespace ./cli kernel images/4096x40        0    51388    51436    52548 
35175 codespace ./cli kernel images/4096x40        0    52060    52113    53328 
35173 codespace ./cli kernel images/4096x40        0    52264    52315    53476 
35165 codespace ./cli kernel images/4096x40        0    52656    52707    53908 
35171 codespace ./cli kernel images/4096x40        0    53508    53560    54732 
%CPU %MEM ARGS Wed Sep 30 20:37:42 UTC 2026
 0.0  0.0 grep --color=auto ./cli       1  2248
31.4  0.6 ./cli kernel images/4096x40   0 53456
31.8  0.6 ./cli kernel images/4096x40   0 54176
31.8  0.6 ./cli kernel images/4096x40   1 54152
32.1  0.6 ./cli kernel images/4096x40   1 54648
32.6  0.6 ./cli kernel images/4096x40   1 55428
  PID User     Command                         Swap      USS      PSS      RSS 
35595 codespace /usr/bin/python3 /usr/bin/s        0    12056    12336    14584 
35169 codespace ./cli kernel images/4096x40        0    52764    52812    53924 
35175 codespace ./cli kernel images/4096x40        0    53436    53489    54704 
35173 codespace ./cli kernel images/4096x40        0    53456    53507    54668 
35165 codespace ./cli kernel images/4096x40        0    53904    53955    55156 
35171 codespace ./cli kernel images/4096x40        0    54756    54808    55980 
%CPU %MEM ARGS Wed Sep 30 20:37:42 UTC 2026
 0.0  0.0 grep --color=auto ./cli       0  2180
31.3  0.6 ./cli kernel images/4096x40   0 54700
31.8  0.6 ./cli kernel images/4096x40   0 55392
31.8  0.6 ./cli kernel images/4096x40   1 55448
32.1  0.6 ./cli kernel images/4096x40   1 55988
32.6  0.6 ./cli kernel images/4096x40   0 56672
  PID User     Command                         Swap      USS      PSS      RSS 
35607 codespace /usr/bin/python3 /usr/bin/s        0    12056    12285    14540 
35169 codespace ./cli kernel images/4096x40        0    54004    54052    55164 
35173 codespace ./cli kernel images/4096x40        0    54696    54747    55908 
35175 codespace ./cli kernel images/4096x40        0    54728    54781    55996 
35165 codespace ./cli kernel images/4096x40        0    55188    55239    56440 
35171 codespace ./cli kernel images/4096x40        0    55940    55992    57164 
%CPU %MEM ARGS Wed Sep 30 20:37:43 UTC 2026
 0.0  0.0 grep --color=auto ./cli       0  2156
31.2  0.6 ./cli kernel images/4096x40   1 55864
31.6  0.6 ./cli kernel images/4096x40   1 56560
31.7  0.6 ./cli kernel images/4096x40   0 56760
31.9  0.7 ./cli kernel images/4096x40   1 57176
32.4  0.7 ./cli kernel images/4096x40   0 57976
  PID User     Command                         Swap      USS      PSS      RSS 
35629 codespace /usr/bin/python3 /usr/bin/s        0    12056    12340    14616 
35169 codespace ./cli kernel images/4096x40        0    55164    55212    56324 
35173 codespace ./cli kernel images/4096x40        0    56008    56059    57220 
35175 codespace ./cli kernel images/4096x40        0    56048    56101    57316 
35165 codespace ./cli kernel images/4096x40        0    56436    56487    57688 
35171 codespace ./cli kernel images/4096x40        0    57280    57332    58504 
%CPU %MEM ARGS Wed Sep 30 20:37:43 UTC 2026
 0.0  0.0 grep --color=auto ./cli       1  2248
31.2  0.7 ./cli kernel images/4096x40   0 57068
31.7  0.7 ./cli kernel images/4096x40   1 58052
31.8  0.7 ./cli kernel images/4096x40   0 58132
32.0  0.7 ./cli kernel images/4096x40   1 58652
32.5  0.7 ./cli kernel images/4096x40   0 59344
  PID User     Command                         Swap      USS      PSS      RSS 
35635 codespace /usr/bin/python3 /usr/bin/s        0    12064    12340    14512 
35169 codespace ./cli kernel images/4096x40        0    56276    56324    57436 
35175 codespace ./cli kernel images/4096x40        0    57244    57297    58512 
35173 codespace ./cli kernel images/4096x40        0    57332    57383    58544 
35165 codespace ./cli kernel images/4096x40        0    57712    57763    58964 
35171 codespace ./cli kernel images/4096x40        0    58484    58537    59708 
%CPU %MEM ARGS Wed Sep 30 20:37:44 UTC 2026
 0.0  0.0 grep --color=auto ./cli       1  2180
31.2  0.7 ./cli kernel images/4096x40   0 58096
31.8  0.7 ./cli kernel images/4096x40   0 59160
31.9  0.7 ./cli kernel images/4096x40   1 59448
32.0  0.7 ./cli kernel images/4096x40   0 59632
32.5  0.7 ./cli kernel images/4096x40   1 60584
  PID User     Command                         Swap      USS      PSS      RSS 
35640 codespace /usr/bin/python3 /usr/bin/s        0    12064    12313    14508 
35169 codespace ./cli kernel images/4096x40        0    57384    57432    58544 
35175 codespace ./cli kernel images/4096x40        0    58388    58441    59656 
35173 codespace ./cli kernel images/4096x40        0    58728    58779    59940 
35165 codespace ./cli kernel images/4096x40        0    58812    58864    60064 
35171 codespace ./cli kernel images/4096x40        0    59816    59869    61040 
%CPU %MEM ARGS Wed Sep 30 20:37:44 UTC 2026
 0.0  0.0 grep --color=auto ./cli       0  2156
31.1  0.7 ./cli kernel images/4096x40   0 59216
31.7  0.7 ./cli kernel images/4096x40   0 60268
32.0  0.7 ./cli kernel images/4096x40   0 60752
32.0  0.7 ./cli kernel images/4096x40   1 60812
32.7  0.7 ./cli kernel images/4096x40   1 61936
  PID User     Command                         Swap      USS      PSS      RSS 
35652 codespace /usr/bin/python3 /usr/bin/s        0    12060    12307    14476 
35169 codespace ./cli kernel images/4096x40        0    58544    58592    59704 
35175 codespace ./cli kernel images/4096x40        0    59552    59605    60820 
35165 codespace ./cli kernel images/4096x40        0    59972    60023    61224 
35173 codespace ./cli kernel images/4096x40        0    60116    60167    61328 
35171 codespace ./cli kernel images/4096x40        0    61204    61256    62428 
%CPU %MEM ARGS Wed Sep 30 20:37:45 UTC 2026
 0.0  0.0 grep --color=auto ./cli       0  2252
31.2  0.7 ./cli kernel images/4096x40   0 60476
31.7  0.7 ./cli kernel images/4096x40   0 61536
31.9  0.7 ./cli kernel images/4096x40   1 61992
32.1  0.7 ./cli kernel images/4096x40   1 62228
32.7  0.7 ./cli kernel images/4096x40   1 63352
  PID User     Command                         Swap      USS      PSS      RSS 
35658 codespace /usr/bin/python3 /usr/bin/s        0    12056    12324    14472 
35169 codespace ./cli kernel images/4096x40        0    59764    59812    60924 
35175 codespace ./cli kernel images/4096x40        0    60776    60829    62044 
35165 codespace ./cli kernel images/4096x40        0    61152    61203    62404 
35173 codespace ./cli kernel images/4096x40        0    61492    61543    62704 
35171 codespace ./cli kernel images/4096x40        0    62572    62624    63796 
%CPU %MEM ARGS Wed Sep 30 20:37:45 UTC 2026
 0.0  0.0 grep --color=auto ./cli       1  2248
31.3  0.7 ./cli kernel images/4096x40   0 61808
31.8  0.7 ./cli kernel images/4096x40   0 62864
32.0  0.7 ./cli kernel images/4096x40   1 63236
32.1  0.7 ./cli kernel images/4096x40   0 63380
32.8  0.7 ./cli kernel images/4096x40   1 64584
  PID User     Command                         Swap      USS      PSS      RSS 
35663 codespace /usr/bin/python3 /usr/bin/s        0    12060    12307    14476 
35169 codespace ./cli kernel images/4096x40        0    61148    61196    62308 
35175 codespace ./cli kernel images/4096x40        0    62164    62217    63432 
35165 codespace ./cli kernel images/4096x40        0    62432    62483    63684 
35173 codespace ./cli kernel images/4096x40        0    62740    62791    63952 
35171 codespace ./cli kernel images/4096x40        0    63908    63960    65132 
%CPU %MEM ARGS Wed Sep 30 20:37:46 UTC 2026
 0.0  0.0 grep --color=auto ./cli       1  2176
31.4  0.7 ./cli kernel images/4096x40   1 63276
31.9  0.7 ./cli kernel images/4096x40   1 64324
32.0  0.7 ./cli kernel images/4096x40   0 64468
32.0  0.7 ./cli kernel images/4096x40   0 64652
32.7  0.8 ./cli kernel images/4096x40   0 65856
  PID User     Command                         Swap      USS      PSS      RSS 
35669 codespace /usr/bin/python3 /usr/bin/s        0    12056    12305    14460 
35169 codespace ./cli kernel images/4096x40        0    62768    62810    63928 
35165 codespace ./cli kernel images/4096x40        0    63668    63716    64920 
35175 codespace ./cli kernel images/4096x40        0    63772    63823    65040 
35173 codespace ./cli kernel images/4096x40        0    64000    64050    65212 
35171 codespace ./cli kernel images/4096x40        0    65156    65201    66380 
%CPU %MEM ARGS Wed Sep 30 20:37:47 UTC 2026
 0.0  0.0 grep --color=auto ./cli       1  2296
31.3  0.7 ./cli kernel images/4096x40   1 64680
31.7  0.8 ./cli kernel images/4096x40   0 65592
31.8  0.8 ./cli kernel images/4096x40   1 65732
32.1  0.8 ./cli kernel images/4096x40   1 66216
32.5  0.8 ./cli kernel images/4096x40   0 66992
  PID User     Command                         Swap      USS      PSS      RSS 
35687 codespace /usr/bin/python3 /usr/bin/s        0    12064    12322    14544 
35169 codespace ./cli kernel images/4096x40        0    63960    64008    65120 
35165 codespace ./cli kernel images/4096x40        0    64880    64932    66132 
35175 codespace ./cli kernel images/4096x40        0    64904    64957    66172 
35173 codespace ./cli kernel images/4096x40        0    65480    65531    66692 
35171 codespace ./cli kernel images/4096x40        0    66324    66376    67548 
%CPU %MEM ARGS Wed Sep 30 20:37:47 UTC 2026
 0.0  0.0 grep --color=auto ./cli       0  2172
31.3  0.8 ./cli kernel images/4096x40   0 65752
31.8  0.8 ./cli kernel images/4096x40   0 66772
31.8  0.8 ./cli kernel images/4096x40   1 66936
32.2  0.8 ./cli kernel images/4096x40   1 67736
32.5  0.8 ./cli kernel images/4096x40   0 68172
  PID User     Command                         Swap      USS      PSS      RSS 
35693 codespace /usr/bin/python3 /usr/bin/s        0    12056    12316    14540 
35169 codespace ./cli kernel images/4096x40        0    65044    65092    66204 
35175 codespace ./cli kernel images/4096x40        0    66044    66097    67312 
35165 codespace ./cli kernel images/4096x40        0    66132    66184    67384 
35173 codespace ./cli kernel images/4096x40        0    67036    67087    68248 
35171 codespace ./cli kernel images/4096x40        0    67420    67472    68644 
%CPU %MEM ARGS Wed Sep 30 20:37:48 UTC 2026
 0.0  0.0 grep --color=auto ./cli       1  2156
31.2  0.8 ./cli kernel images/4096x40   0 66924
31.7  0.8 ./cli kernel images/4096x40   0 67956
31.9  0.8 ./cli kernel images/4096x40   1 68352
32.3  0.8 ./cli kernel images/4096x40   1 69148
32.4  0.8 ./cli kernel images/4096x40   0 69328
  PID User     Command                         Swap      USS      PSS      RSS 
35698 codespace /usr/bin/python3 /usr/bin/s        0    12060    12322    14536 
35169 codespace ./cli kernel images/4096x40        0    66236    66284    67396 
35175 codespace ./cli kernel images/4096x40        0    67232    67285    68500 
35165 codespace ./cli kernel images/4096x40        0    67564    67616    68816 
35173 codespace ./cli kernel images/4096x40        0    68456    68507    69668 
35171 codespace ./cli kernel images/4096x40        0    68592    68644    69816 
%CPU %MEM ARGS Wed Sep 30 20:37:48 UTC 2026
 0.0  0.0 grep --color=auto ./cli       1  2164
31.2  0.8 ./cli kernel images/4096x40   0 68180
31.7  0.8 ./cli kernel images/4096x40   0 69200
32.0  0.8 ./cli kernel images/4096x40   1 69808
32.4  0.8 ./cli kernel images/4096x40   1 70592
32.4  0.8 ./cli kernel images/4096x40   0 70580
  PID User     Command                         Swap      USS      PSS      RSS 
35704 codespace /usr/bin/python3 /usr/bin/s        0    12056    12286    14472 
35169 codespace ./cli kernel images/4096x40        0    67488    67536    68648 
35175 codespace ./cli kernel images/4096x40        0    68476    68523    69744 
35165 codespace ./cli kernel images/4096x40        0    68988    69040    70240 
35171 codespace ./cli kernel images/4096x40        0    69856    69907    71080 
35173 codespace ./cli kernel images/4096x40        0    69896    69942    71108 
%CPU %MEM ARGS Wed Sep 30 20:37:49 UTC 2026
 0.0  0.0 grep --color=auto ./cli       1  2164
31.2  0.8 ./cli kernel images/4096x40   0 69340
31.7  0.8 ./cli kernel images/4096x40   0 70364
32.1  0.8 ./cli kernel images/4096x40   1 71200
32.4  0.8 ./cli kernel images/4096x40   0 71740
32.5  0.8 ./cli kernel images/4096x40   1 72008
  PID User     Command                         Swap      USS      PSS      RSS 
35715 codespace /usr/bin/python3 /usr/bin/s        0    12056    12339    14616 
35169 codespace ./cli kernel images/4096x40        0    68652    68700    69812 
35175 codespace ./cli kernel images/4096x40        0    69632    69685    70900 
35165 codespace ./cli kernel images/4096x40        0    70392    70444    71644 
35171 codespace ./cli kernel images/4096x40        0    71008    71060    72232 
35173 codespace ./cli kernel images/4096x40        0    71308    71359    72520 
%CPU %MEM ARGS Wed Sep 30 20:37:49 UTC 2026
 0.0  0.0 grep --color=auto ./cli       0  2248
31.3  0.8 ./cli kernel images/4096x40   0 70556
31.7  0.8 ./cli kernel images/4096x40   0 71584
32.2  0.8 ./cli kernel images/4096x40   1 72688
32.4  0.8 ./cli kernel images/4096x40   0 72952
32.6  0.9 ./cli kernel images/4096x40   1 73484
  PID User     Command                         Swap      USS      PSS      RSS 
35721 codespace /usr/bin/python3 /usr/bin/s        0    12064    12342    14512 
35169 codespace ./cli kernel images/4096x40        0    69852    69900    71012 
35175 codespace ./cli kernel images/4096x40        0    70836    70889    72104 
35165 codespace ./cli kernel images/4096x40        0    71892    71944    73144 
35171 codespace ./cli kernel images/4096x40        0    72200    72252    73424 
35173 codespace ./cli kernel images/4096x40        0    72736    72787    73948 
%CPU %MEM ARGS Wed Sep 30 20:37:50 UTC 2026
 0.0  0.0 grep --color=auto ./cli       0  2156
31.3  0.8 ./cli kernel images/4096x40   1 72044
31.7  0.8 ./cli kernel images/4096x40   0 72872
32.3  0.9 ./cli kernel images/4096x40   1 74260
32.3  0.9 ./cli kernel images/4096x40   1 74168
32.6  0.9 ./cli kernel images/4096x40   0 74740
  PID User     Command                         Swap      USS      PSS      RSS 
35726 codespace /usr/bin/python3 /usr/bin/s        0    12052    12334    14612 
35169 codespace ./cli kernel images/4096x40        0    71444    71492    72604 
35175 codespace ./cli kernel images/4096x40        0    72144    72197    73412 
35165 codespace ./cli kernel images/4096x40        0    73428    73480    74680 
35171 codespace ./cli kernel images/4096x40        0    73540    73592    74764 
35173 codespace ./cli kernel images/4096x40        0    74052    74103    75264 
%CPU %MEM ARGS Wed Sep 30 20:37:50 UTC 2026
 0.0  0.0 grep --color=auto ./cli       0  2156
31.5  0.9 ./cli kernel images/4096x40   1 73572
31.7  0.9 ./cli kernel images/4096x40   0 74080
32.2  0.9 ./cli kernel images/4096x40   0 75428
32.5  0.9 ./cli kernel images/4096x40   1 75696
32.5  0.9 ./cli kernel images/4096x40   0 75944
  PID User     Command                         Swap      USS      PSS      RSS 
35732 codespace /usr/bin/python3 /usr/bin/s        0    12064    12341    14512 
35169 codespace ./cli kernel images/4096x40        0    73020    73068    74180 
35175 codespace ./cli kernel images/4096x40        0    73372    73425    74640 
35165 codespace ./cli kernel images/4096x40        0    74740    74792    75992 
35171 codespace ./cli kernel images/4096x40        0    75052    75104    76276 
35173 codespace ./cli kernel images/4096x40        0    75272    75323    76484 
%CPU %MEM ARGS Wed Sep 30 20:37:51 UTC 2026
 0.0  0.0 grep --color=auto ./cli       0  2172
31.4  0.9 ./cli kernel images/4096x40   0 74856
31.7  0.9 ./cli kernel images/4096x40   1 75472
32.2  0.9 ./cli kernel images/4096x40   0 76676
32.4  0.9 ./cli kernel images/4096x40   0 77136
32.5  0.9 ./cli kernel images/4096x40   1 77284
  PID User     Command                         Swap      USS      PSS      RSS 
35744 codespace /usr/bin/python3 /usr/bin/s        0    12060    12308    14464 
35169 codespace ./cli kernel images/4096x40        0    74172    74220    75332 
35175 codespace ./cli kernel images/4096x40        0    74748    74801    76016 
35165 codespace ./cli kernel images/4096x40        0    75876    75928    77128 
35173 codespace ./cli kernel images/4096x40        0    76460    76511    77672 
35171 codespace ./cli kernel images/4096x40        0    76552    76605    77776 
%CPU %MEM ARGS Wed Sep 30 20:37:52 UTC 2026
 0.0  0.0 grep --color=auto ./cli       0  2252
31.4  0.9 ./cli kernel images/4096x40   1 76076
31.8  0.9 ./cli kernel images/4096x40   1 76856
32.2  0.9 ./cli kernel images/4096x40   0 77952
32.4  0.9 ./cli kernel images/4096x40   0 78412
32.6  0.9 ./cli kernel images/4096x40   1 78664
  PID User     Command                         Swap      USS      PSS      RSS 
35749 codespace /usr/bin/python3 /usr/bin/s        0    12064    12317    14544 
35169 codespace ./cli kernel images/4096x40        0    75656    75702    76816 
35175 codespace ./cli kernel images/4096x40        0    76160    76213    77428 
35165 codespace ./cli kernel images/4096x40        0    77152    77202    78404 
35173 codespace ./cli kernel images/4096x40        0    77736    77786    78948 
35171 codespace ./cli kernel images/4096x40        0    78208    78258    79432 
%CPU %MEM ARGS Wed Sep 30 20:37:52 UTC 2026
 0.0  0.0 grep --color=auto ./cli       1  2252
31.4  0.9 ./cli kernel images/4096x40   0 77504
31.7  0.9 ./cli kernel images/4096x40   0 78148
32.1  0.9 ./cli kernel images/4096x40   0 79236
32.3  0.9 ./cli kernel images/4096x40   1 79752
32.5  0.9 ./cli kernel images/4096x40   0 80104
  PID User     Command                         Swap      USS      PSS      RSS 
35761 codespace /usr/bin/python3 /usr/bin/s        0    12060    12308    14476 
35169 codespace ./cli kernel images/4096x40        0    76732    76780    77892 
35175 codespace ./cli kernel images/4096x40        0    77332    77385    78600 
35165 codespace ./cli kernel images/4096x40        0    78344    78395    79596 
35173 codespace ./cli kernel images/4096x40        0    79064    79115    80276 
35171 codespace ./cli kernel images/4096x40        0    79296    79348    80520 
%CPU %MEM ARGS Wed Sep 30 20:37:53 UTC 2026
 0.0  0.0 grep --color=auto ./cli       1  2176
31.4  0.9 ./cli kernel images/4096x40   0 78620
31.7  0.9 ./cli kernel images/4096x40   1 79400
32.1  0.9 ./cli kernel images/4096x40   0 80348
32.4  0.9 ./cli kernel images/4096x40   1 81092
32.5  0.9 ./cli kernel images/4096x40   0 81228
  PID User     Command                         Swap      USS      PSS      RSS 
35766 codespace /usr/bin/python3 /usr/bin/s        0    12060    12321    14512 
35169 codespace ./cli kernel images/4096x40        0    77956    78004    79116 
35175 codespace ./cli kernel images/4096x40        0    78712    78765    79980 
35165 codespace ./cli kernel images/4096x40        0    79572    79624    80824 
35173 codespace ./cli kernel images/4096x40        0    80328    80379    81540 
35171 codespace ./cli kernel images/4096x40        0    80512    80564    81736 
%CPU %MEM ARGS Wed Sep 30 20:37:53 UTC 2026
 0.0  0.0 grep --color=auto ./cli       1  2156
31.3  0.9 ./cli kernel images/4096x40   1 79804
31.7  0.9 ./cli kernel images/4096x40   1 80968
31.9  1.0 ./cli kernel images/4096x40   1 81464
32.2  1.0 ./cli kernel images/4096x40   0 82216
32.4  1.0 ./cli kernel images/4096x40   0 82424
  PID User     Command                         Swap      USS      PSS      RSS 
35794 codespace /usr/bin/python3 /usr/bin/s        0    12060    12343    14620 
35169 codespace ./cli kernel images/4096x40        0    79140    79188    80300 
35175 codespace ./cli kernel images/4096x40        0    80264    80317    81532 
35165 codespace ./cli kernel images/4096x40        0    80668    80719    81920 
35173 codespace ./cli kernel images/4096x40        0    81712    81763    82924 
35171 codespace ./cli kernel images/4096x40        0    81876    81928    83100 
%CPU %MEM ARGS Wed Sep 30 20:37:54 UTC 2026
 0.0  0.0 grep --color=auto ./cli       1  2164
31.3  0.9 ./cli kernel images/4096x40   1 81052
31.7  1.0 ./cli kernel images/4096x40   0 82220
31.9  1.0 ./cli kernel images/4096x40   1 82712
32.3  1.0 ./cli kernel images/4096x40   0 83904
32.5  1.0 ./cli kernel images/4096x40   0 84092
  PID User     Command                         Swap      USS      PSS      RSS 
35800 codespace /usr/bin/python3 /usr/bin/s        0    12056    12324    14472 
35169 codespace ./cli kernel images/4096x40        0    80392    80440    81552 
35175 codespace ./cli kernel images/4096x40        0    81564    81617    82832 
35165 codespace ./cli kernel images/4096x40        0    81908    81959    83160 
35173 codespace ./cli kernel images/4096x40        0    83256    83307    84468 
35171 codespace ./cli kernel images/4096x40        0    83428    83480    84652 
%CPU %MEM ARGS Wed Sep 30 20:37:55 UTC 2026
 0.0  0.0 grep --color=auto ./cli       1  2252
31.4  1.0 ./cli kernel images/4096x40   1 82580
31.7  1.0 ./cli kernel images/4096x40   0 83524
32.0  1.0 ./cli kernel images/4096x40   1 84224
32.4  1.0 ./cli kernel images/4096x40   0 85188
32.5  1.0 ./cli kernel images/4096x40   0 85404
  PID User     Command                         Swap      USS      PSS      RSS 
35805 codespace /usr/bin/python3 /usr/bin/s        0    12052    12333    14580 
35169 codespace ./cli kernel images/4096x40        0    81912    81960    83072 
35175 codespace ./cli kernel images/4096x40        0    82784    82837    84052 
35165 codespace ./cli kernel images/4096x40        0    83404    83455    84656 
35173 codespace ./cli kernel images/4096x40        0    84488    84539    85700 
35171 codespace ./cli kernel images/4096x40        0    84680    84732    85904 
%CPU %MEM ARGS Wed Sep 30 20:37:55 UTC 2026
 0.0  0.0 grep --color=auto ./cli       1  2176
31.5  1.0 ./cli kernel images/4096x40   1 84108
31.7  1.0 ./cli kernel images/4096x40   0 84680
32.0  1.0 ./cli kernel images/4096x40   0 85332
32.4  1.0 ./cli kernel images/4096x40   1 86496
32.5  1.0 ./cli kernel images/4096x40   0 86564
  PID User     Command                         Swap      USS      PSS      RSS 
35811 codespace /usr/bin/python3 /usr/bin/s        0    12032    12322    14540 
35169 codespace ./cli kernel images/4096x40        0    83432    83480    84592 
35175 codespace ./cli kernel images/4096x40        0    84056    84109    85324 
35165 codespace ./cli kernel images/4096x40        0    84608    84659    85860 
35173 codespace ./cli kernel images/4096x40        0    85804    85855    87016 
35171 codespace ./cli kernel images/4096x40        0    85932    85984    87156 
%CPU %MEM ARGS Wed Sep 30 20:37:56 UTC 2026
 0.0  0.0 grep --color=auto ./cli       0  2160
31.5  1.0 ./cli kernel images/4096x40   1 85544
31.7  1.0 ./cli kernel images/4096x40   1 86060
31.9  1.0 ./cli kernel images/4096x40   0 86660
32.4  1.0 ./cli kernel images/4096x40   1 87924
32.5  1.0 ./cli kernel images/4096x40   1 87888
  PID User     Command                         Swap      USS      PSS      RSS 
35822 codespace /usr/bin/python3 /usr/bin/s        0    12060    12314    14540 
35169 codespace ./cli kernel images/4096x40        0    84760    84808    85920 
35175 codespace ./cli kernel images/4096x40        0    85584    85637    86852 
35165 codespace ./cli kernel images/4096x40        0    85748    85799    87000 
35171 codespace ./cli kernel images/4096x40        0    87060    87112    88284 
35173 codespace ./cli kernel images/4096x40        0    87148    87201    88360 
%CPU %MEM ARGS Wed Sep 30 20:37:56 UTC 2026
 0.0  0.0 grep --color=auto ./cli       1  2284
31.5  1.0 ./cli kernel images/4096x40   1 86764
31.9  1.0 ./cli kernel images/4096x40   0 87664
31.9  1.0 ./cli kernel images/4096x40   0 87804
32.4  1.0 ./cli kernel images/4096x40   1 89148
32.4  1.0 ./cli kernel images/4096x40   0 89156
  PID User     Command                         Swap      USS      PSS      RSS 
35828 codespace /usr/bin/python3 /usr/bin/s        0    12064    12343    14572 
35169 codespace ./cli kernel images/4096x40        0    86072    86120    87232 
35175 codespace ./cli kernel images/4096x40        0    86964    87017    88232 
35165 codespace ./cli kernel images/4096x40        0    86984    87036    88236 
35171 codespace ./cli kernel images/4096x40        0    88440    88493    89664 
35173 codespace ./cli kernel images/4096x40        0    88464    88515    89676 
%CPU %MEM ARGS Wed Sep 30 20:37:57 UTC 2026
 0.0  0.0 grep --color=auto ./cli       1  2184
31.6  1.0 ./cli kernel images/4096x40   0 88096
31.9  1.0 ./cli kernel images/4096x40   1 89052
31.9  1.0 ./cli kernel images/4096x40   0 88984
32.4  1.1 ./cli kernel images/4096x40   1 90500
32.5  1.1 ./cli kernel images/4096x40   0 90476
  PID User     Command                         Swap      USS      PSS      RSS 
35833 codespace /usr/bin/python3 /usr/bin/s        0    12064    12340    14512 
35169 codespace ./cli kernel images/4096x40        0    87600    87648    88760 
35165 codespace ./cli kernel images/4096x40        0    88300    88351    89552 
35175 codespace ./cli kernel images/4096x40        0    88488    88541    89756 
35173 codespace ./cli kernel images/4096x40        0    89888    89939    91100 
35171 codespace ./cli kernel images/4096x40        0    89900    89952    91124 
%CPU %MEM ARGS Wed Sep 30 20:37:57 UTC 2026
 0.0  0.0 grep --color=auto ./cli       1  2192
31.5  1.0 ./cli kernel images/4096x40   0 89432
31.8  1.1 ./cli kernel images/4096x40   1 90288
31.9  1.1 ./cli kernel images/4096x40   0 90380
32.3  1.1 ./cli kernel images/4096x40   1 91756
32.5  1.1 ./cli kernel images/4096x40   0 91948
  PID User     Command                         Swap      USS      PSS      RSS 
35849 codespace /usr/bin/python3 /usr/bin/s        0    12060    12307    14476 
35169 codespace ./cli kernel images/4096x40        0    88848    88890    90008 
35165 codespace ./cli kernel images/4096x40        0    89456    89502    90708 
35175 codespace ./cli kernel images/4096x40        0    89612    89665    90880 
35173 codespace ./cli kernel images/4096x40        0    91028    91079    92240 
35171 codespace ./cli kernel images/4096x40        0    91308    91356    92532 
%CPU %MEM ARGS Wed Sep 30 20:37:58 UTC 2026
 0.0  0.0 grep --color=auto ./cli       0  2248
31.4  1.1 ./cli kernel images/4096x40   0 90672
31.6  1.1 ./cli kernel images/4096x40   0 91384
32.0  1.1 ./cli kernel images/4096x40   1 92344
32.2  1.1 ./cli kernel images/4096x40   0 92864
32.3  1.1 ./cli kernel images/4096x40   1 93204
  PID User     Command                         Swap      USS      PSS      RSS 
35863 codespace /usr/bin/python3 /usr/bin/s        0    12060    12310    14476 
35169 codespace ./cli kernel images/4096x40        0    89976    90024    91136 
35165 codespace ./cli kernel images/4096x40        0    90556    90608    91808 
35175 codespace ./cli kernel images/4096x40        0    91672    91725    92940 
35173 codespace ./cli kernel images/4096x40        0    92168    92219    93380 
35171 codespace ./cli kernel images/4096x40        0    92524    92576    93748 
%CPU %MEM ARGS Wed Sep 30 20:37:59 UTC 2026
 0.0  0.0 grep --color=auto ./cli       1  2252
31.5  1.1 ./cli kernel images/4096x40   0 92100
31.7  1.1 ./cli kernel images/4096x40   1 92700
32.0  1.1 ./cli kernel images/4096x40   0 93636
32.2  1.1 ./cli kernel images/4096x40   0 94284
32.4  1.1 ./cli kernel images/4096x40   1 94588
  PID User     Command                         Swap      USS      PSS      RSS 
35868 codespace /usr/bin/python3 /usr/bin/s        0    12064    12324    14516 
35169 codespace ./cli kernel images/4096x40        0    91388    91436    92548 
35165 codespace ./cli kernel images/4096x40        0    91880    91932    93132 
35175 codespace ./cli kernel images/4096x40        0    92864    92917    94132 
35173 codespace ./cli kernel images/4096x40        0    93548    93599    94760 
35171 codespace ./cli kernel images/4096x40        0    93800    93852    95024 
%CPU %MEM ARGS Wed Sep 30 20:37:59 UTC 2026
 0.0  0.0 grep --color=auto ./cli       0  2180
31.5  1.1 ./cli kernel images/4096x40   0 93212
31.8  1.1 ./cli kernel images/4096x40   1 94256
32.0  1.1 ./cli kernel images/4096x40   1 94828
32.2  1.1 ./cli kernel images/4096x40   0 95560
32.3  1.1 ./cli kernel images/4096x40   0 95668
  PID User     Command                         Swap      USS      PSS      RSS 
35874 codespace /usr/bin/python3 /usr/bin/s        0    12060    12332    14508 
35169 codespace ./cli kernel images/4096x40        0    92512    92560    93672 
35165 codespace ./cli kernel images/4096x40        0    93452    93503    94704 
35175 codespace ./cli kernel images/4096x40        0    94136    94189    95404 
35173 codespace ./cli kernel images/4096x40        0    94876    94927    96088 
35171 codespace ./cli kernel images/4096x40        0    94940    94992    96164 
%CPU %MEM ARGS Wed Sep 30 20:38:00 UTC 2026
 0.0  0.0 grep --color=auto ./cli       1  2296
31.5  1.1 ./cli kernel images/4096x40   1 94552
31.9  1.1 ./cli kernel images/4096x40   1 95688
32.0  1.1 ./cli kernel images/4096x40   0 96172
32.3  1.1 ./cli kernel images/4096x40   0 96864
32.4  1.1 ./cli kernel images/4096x40   0 96968
  PID User     Command                         Swap      USS      PSS      RSS 
35879 codespace /usr/bin/python3 /usr/bin/s        0    12060    12311    14476 
35169 codespace ./cli kernel images/4096x40        0    93892    93940    95052 
35165 codespace ./cli kernel images/4096x40        0    95140    95192    96392 
35175 codespace ./cli kernel images/4096x40        0    95556    95609    96824 
35173 codespace ./cli kernel images/4096x40        0    96268    96319    97480 
35171 codespace ./cli kernel images/4096x40        0    96396    96448    97620 
%CPU %MEM ARGS Wed Sep 30 20:38:00 UTC 2026
 0.0  0.0 grep --color=auto ./cli       0  2292
31.4  1.1 ./cli kernel images/4096x40   0 95900
32.0  1.1 ./cli kernel images/4096x40   1 97444
32.0  1.1 ./cli kernel images/4096x40   0 97580
32.2  1.2 ./cli kernel images/4096x40   1 98180
32.4  1.2 ./cli kernel images/4096x40   1 98540
  PID User     Command                         Swap      USS      PSS      RSS 
35891 codespace /usr/bin/python3 /usr/bin/s        0    12064    12323    14516 
35169 codespace ./cli kernel images/4096x40        0    95232    95280    96392 
35165 codespace ./cli kernel images/4096x40        0    96620    96672    97872 
35175 codespace ./cli kernel images/4096x40        0    96888    96941    98156 
35173 codespace ./cli kernel images/4096x40        0    97592    97643    98804 
35171 codespace ./cli kernel images/4096x40        0    98220    98272    99444 
%CPU %MEM ARGS Wed Sep 30 20:38:01 UTC 2026
 0.0  0.0 grep --color=auto ./cli       0  2172
31.4  1.1 ./cli kernel images/4096x40   0 97144
31.9  1.2 ./cli kernel images/4096x40   0 98540
32.0  1.2 ./cli kernel images/4096x40   0 98816
32.2  1.2 ./cli kernel images/4096x40   1 99520
32.5  1.2 ./cli kernel images/4096x40   1 100212
  PID User     Command                         Swap      USS      PSS      RSS 
35896 codespace /usr/bin/python3 /usr/bin/s        0    12068    12346    14516 
35169 codespace ./cli kernel images/4096x40        0    96448    96496    97608 
35165 codespace ./cli kernel images/4096x40        0    97832    97883    99084 
35175 codespace ./cli kernel images/4096x40        0    98112    98165    99380 
35173 codespace ./cli kernel images/4096x40        0    99020    99071   100232 
35171 codespace ./cli kernel images/4096x40        0    99652    99704   100876 
%CPU %MEM ARGS Wed Sep 30 20:38:02 UTC 2026
 0.0  0.0 grep --color=auto ./cli       1  2296
31.4  1.2 ./cli kernel images/4096x40   1 98400
32.0  1.2 ./cli kernel images/4096x40   1 100072
32.0  1.2 ./cli kernel images/4096x40   0 100304
32.2  1.2 ./cli kernel images/4096x40   0 100924
32.6  1.2 ./cli kernel images/4096x40   0 101804
  PID User     Command                         Swap      USS      PSS      RSS 
35902 codespace /usr/bin/python3 /usr/bin/s        0    12056    12333    14568 
35169 codespace ./cli kernel images/4096x40        0    97704    97752    98864 
35175 codespace ./cli kernel images/4096x40        0    99360    99413   100628 
35165 codespace ./cli kernel images/4096x40        0    99492    99543   100744 
35173 codespace ./cli kernel images/4096x40        0   100248   100299   101460 
35171 codespace ./cli kernel images/4096x40        0   101088   101140   102312 
%CPU %MEM ARGS Wed Sep 30 20:38:02 UTC 2026
 0.0  0.0 grep --color=auto ./cli       1  2340
31.4  1.2 ./cli kernel images/4096x40   0 99636
32.0  1.2 ./cli kernel images/4096x40   1 101340
32.0  1.2 ./cli kernel images/4096x40   0 101592
32.2  1.2 ./cli kernel images/4096x40   0 102116
32.6  1.2 ./cli kernel images/4096x40   0 103084
  PID User     Command                         Swap      USS      PSS      RSS 
35911 codespace /usr/bin/python3 /usr/bin/s        0    12068    12339    14516 
35169 codespace ./cli kernel images/4096x40        0    98976    99024   100136 
35165 codespace ./cli kernel images/4096x40        0   100808   100859   102060 
35175 codespace ./cli kernel images/4096x40        0   101092   101145   102360 
35173 codespace ./cli kernel images/4096x40        0   101476   101527   102688 
35171 codespace ./cli kernel images/4096x40        0   102540   102593   103764 
%CPU %MEM ARGS Wed Sep 30 20:38:03 UTC 2026
 0.0  0.0 grep --color=auto ./cli       1  2164
31.4  1.2 ./cli kernel images/4096x40   0 100928
32.0  1.2 ./cli kernel images/4096x40   0 102880
32.1  1.2 ./cli kernel images/4096x40   1 103248
32.2  1.2 ./cli kernel images/4096x40   0 103412
32.6  1.2 ./cli kernel images/4096x40   1 104712
  PID User     Command                         Swap      USS      PSS      RSS 
35919 codespace /usr/bin/python3 /usr/bin/s        0    12056    12278    14476 
35169 codespace ./cli kernel images/4096x40        0   100184   100230   101344 
35165 codespace ./cli kernel images/4096x40        0   102020   102070   103272 
35175 codespace ./cli kernel images/4096x40        0   102420   102471   103688 
35173 codespace ./cli kernel images/4096x40        0   102744   102794   103956 
35171 codespace ./cli kernel images/4096x40        0   103900   103951   105124 
%CPU %MEM ARGS Wed Sep 30 20:38:03 UTC 2026
 0.0  0.0 grep --color=auto ./cli       0  2308
31.3  1.2 ./cli kernel images/4096x40   0 102028
31.9  1.2 ./cli kernel images/4096x40   0 103836
32.0  1.2 ./cli kernel images/4096x40   0 104168
32.2  1.2 ./cli kernel images/4096x40   0 104796
32.5  1.2 ./cli kernel images/4096x40   0 105636
  PID User     Command                         Swap      USS      PSS      RSS 
35938 codespace /usr/bin/python3 /usr/bin/s        0    12064    12315    14480 
35169 codespace ./cli kernel images/4096x40        0   101416   101464   102576 
35165 codespace ./cli kernel images/4096x40        0   103096   103147   104348 
35175 codespace ./cli kernel images/4096x40        0   103544   103597   104812 
35173 codespace ./cli kernel images/4096x40        0   104192   104243   105404 
35171 codespace ./cli kernel images/4096x40        0   104984   105036   106208 
%CPU %MEM ARGS Wed Sep 30 20:38:04 UTC 2026
 0.0  0.0 grep --color=auto ./cli       1  2248
31.3  1.2 ./cli kernel images/4096x40   1 103500
31.8  1.2 ./cli kernel images/4096x40   1 105196
32.0  1.2 ./cli kernel images/4096x40   0 105576
32.1  1.3 ./cli kernel images/4096x40   0 106324
32.4  1.3 ./cli kernel images/4096x40   1 106996
  PID User     Command                         Swap      USS      PSS      RSS 
35954 codespace /usr/bin/python3 /usr/bin/s        0    12056    12301    14480 
35169 codespace ./cli kernel images/4096x40        0   102804   102852   103964 
35165 codespace ./cli kernel images/4096x40        0   104380   104432   105632 
35175 codespace ./cli kernel images/4096x40        0   105140   105193   106408 
35173 codespace ./cli kernel images/4096x40        0   105904   105955   107116 
35171 codespace ./cli kernel images/4096x40        0   106280   106333   107504 
%CPU %MEM ARGS Wed Sep 30 20:38:05 UTC 2026
 0.0  0.0 grep --color=auto ./cli       0  2164
31.3  1.2 ./cli kernel images/4096x40   0 104752
31.8  1.3 ./cli kernel images/4096x40   1 106584
32.0  1.3 ./cli kernel images/4096x40   1 107084
32.2  1.3 ./cli kernel images/4096x40   0 107840
32.4  1.3 ./cli kernel images/4096x40   1 108376
  PID User     Command                         Swap      USS      PSS      RSS 
35966 codespace /usr/bin/python3 /usr/bin/s        0    12052    12297    14476 
35169 codespace ./cli kernel images/4096x40        0   104052   104100   105212 
35165 codespace ./cli kernel images/4096x40        0   105760   105812   107012 
35175 codespace ./cli kernel images/4096x40        0   106368   106421   107636 
35173 codespace ./cli kernel images/4096x40        0   107148   107199   108360 
35171 codespace ./cli kernel images/4096x40        0   107640   107693   108864 
%CPU %MEM ARGS Wed Sep 30 20:38:05 UTC 2026
 0.0  0.0 grep --color=auto ./cli       1  2172
31.3  1.3 ./cli kernel images/4096x40   1 106004
31.8  1.3 ./cli kernel images/4096x40   1 107828
32.0  1.3 ./cli kernel images/4096x40   0 108384
32.3  1.3 ./cli kernel images/4096x40   0 109252
32.4  1.3 ./cli kernel images/4096x40   1 109656
  PID User     Command                         Swap      USS      PSS      RSS 
35972 codespace /usr/bin/python3 /usr/bin/s        0    12056    12336    14564 
35169 codespace ./cli kernel images/4096x40        0   105332   105380   106492 
35165 codespace ./cli kernel images/4096x40        0   107044   107096   108296 
35175 codespace ./cli kernel images/4096x40        0   107680   107733   108948 
35173 codespace ./cli kernel images/4096x40        0   108568   108619   109780 
35171 codespace ./cli kernel images/4096x40        0   108948   109001   110172 
%CPU %MEM ARGS Wed Sep 30 20:38:06 UTC 2026
 0.0  0.0 grep --color=auto ./cli       1  2192
31.3  1.3 ./cli kernel images/4096x40   0 107228
31.9  1.3 ./cli kernel images/4096x40   1 109120
32.0  1.3 ./cli kernel images/4096x40   0 109748
32.3  1.3 ./cli kernel images/4096x40   0 110612
32.4  1.3 ./cli kernel images/4096x40   1 110940
  PID User     Command                         Swap      USS      PSS      RSS 
35977 codespace /usr/bin/python3 /usr/bin/s        0    12060    12321    14536 
35169 codespace ./cli kernel images/4096x40        0   106512   106560   107672 
35165 codespace ./cli kernel images/4096x40        0   108292   108343   109544 
35175 codespace ./cli kernel images/4096x40        0   109020   109073   110288 
35173 codespace ./cli kernel images/4096x40        0   109952   110003   111164 
35171 codespace ./cli kernel images/4096x40        0   110448   110500   111672 
%CPU %MEM ARGS Wed Sep 30 20:38:06 UTC 2026
 0.0  0.0 grep --color=auto ./cli       0  2164
31.2  1.3 ./cli kernel images/4096x40   0 108432
31.8  1.3 ./cli kernel images/4096x40   0 110332
32.0  1.3 ./cli kernel images/4096x40   1 111100
32.4  1.3 ./cli kernel images/4096x40   1 112420
32.5  1.3 ./cli kernel images/4096x40   0 112472
  PID User     Command                         Swap      USS      PSS      RSS 
35983 codespace /usr/bin/python3 /usr/bin/s        0    12064    12336    14512 
35169 codespace ./cli kernel images/4096x40        0   107788   107831   108948 
35165 codespace ./cli kernel images/4096x40        0   109548   109598   110800 
35175 codespace ./cli kernel images/4096x40        0   110412   110465   111680 
35173 codespace ./cli kernel images/4096x40        0   111760   111811   112972 
35171 codespace ./cli kernel images/4096x40        0   111796   111845   113020 
%CPU %MEM ARGS Wed Sep 30 20:38:07 UTC 2026
 0.0  0.0 grep --color=auto ./cli       0  2152
31.3  1.3 ./cli kernel images/4096x40   0 109756
31.8  1.3 ./cli kernel images/4096x40   0 111652
32.1  1.3 ./cli kernel images/4096x40   1 112364
32.4  1.3 ./cli kernel images/4096x40   1 113776
32.5  1.3 ./cli kernel images/4096x40   1 113812
  PID User     Command                         Swap      USS      PSS      RSS 
35994 codespace /usr/bin/python3 /usr/bin/s        0    12052    12331    14580 
35169 codespace ./cli kernel images/4096x40        0   109076   109124   110236 
35165 codespace ./cli kernel images/4096x40        0   110844   110896   112096 
35175 codespace ./cli kernel images/4096x40        0   111696   111749   112964 
35171 codespace ./cli kernel images/4096x40        0   113124   113176   114348 
35173 codespace ./cli kernel images/4096x40        0   113128   113179   114340 
%CPU %MEM ARGS Wed Sep 30 20:38:07 UTC 2026
 0.0  0.0 grep --color=auto ./cli       0  2296
31.3  1.3 ./cli kernel images/4096x40   0 111284
31.8  1.3 ./cli kernel images/4096x40   1 112780
32.0  1.3 ./cli kernel images/4096x40   1 113500
32.4  1.4 ./cli kernel images/4096x40   1 114912
32.5  1.4 ./cli kernel images/4096x40   1 114956
  PID User     Command                         Swap      USS      PSS      RSS 
36000 codespace /usr/bin/python3 /usr/bin/s        0    12052    12322    14468 
35169 codespace ./cli kernel images/4096x40        0   110596   110644   111756 
35165 codespace ./cli kernel images/4096x40        0   111960   112012   113212 
35175 codespace ./cli kernel images/4096x40        0   112704   112757   113972 
35171 codespace ./cli kernel images/4096x40        0   114160   114212   115384 
35173 codespace ./cli kernel images/4096x40        0   114172   114223   115384 
%CPU %MEM ARGS Wed Sep 30 20:38:08 UTC 2026
 0.0  0.0 grep --color=auto ./cli       1  2212
31.4  1.3 ./cli kernel images/4096x40   1 112708
31.8  1.4 ./cli kernel images/4096x40   1 114196
32.0  1.4 ./cli kernel images/4096x40   0 114672
32.4  1.4 ./cli kernel images/4096x40   0 116208
32.5  1.4 ./cli kernel images/4096x40   0 116248
  PID User     Command                         Swap      USS      PSS      RSS 
36005 codespace /usr/bin/python3 /usr/bin/s        0    12056    12304    14472 
35169 codespace ./cli kernel images/4096x40        0   112024   112072   113184 
35165 codespace ./cli kernel images/4096x40        0   113388   113439   114640 
35175 codespace ./cli kernel images/4096x40        0   113988   114041   115256 
35171 codespace ./cli kernel images/4096x40        0   115532   115584   116756 
35173 codespace ./cli kernel images/4096x40        0   115540   115591   116752 
%CPU %MEM ARGS Wed Sep 30 20:38:09 UTC 2026
 0.0  0.0 grep --color=auto ./cli       1  2200
31.4  1.4 ./cli kernel images/4096x40   1 114104
31.9  1.4 ./cli kernel images/4096x40   1 115580
32.0  1.4 ./cli kernel images/4096x40   1 115928
32.4  1.4 ./cli kernel images/4096x40   0 117536
32.5  1.4 ./cli kernel images/4096x40   0 117572
  PID User     Command                         Swap      USS      PSS      RSS 
36011 codespace /usr/bin/python3 /usr/bin/s        0    12092    12375    14620 
35169 codespace ./cli kernel images/4096x40        0   113376   113418   114536 
35165 codespace ./cli kernel images/4096x40        0   114732   114778   115984 
35175 codespace ./cli kernel images/4096x40        0   115160   115213   116428 
35171 codespace ./cli kernel images/4096x40        0   116760   116812   117984 
35173 codespace ./cli kernel images/4096x40        0   116868   116919   118080 
%CPU %MEM ARGS Wed Sep 30 20:38:09 UTC 2026
 0.0  0.0 grep --color=auto ./cli       0  2172
31.4  1.4 ./cli kernel images/4096x40   1 115444
31.8  1.4 ./cli kernel images/4096x40   1 116724
31.9  1.4 ./cli kernel images/4096x40   0 117116
32.4  1.4 ./cli kernel images/4096x40   1 118836
32.4  1.4 ./cli kernel images/4096x40   1 118684
  PID User     Command                         Swap      USS      PSS      RSS 
36029 codespace /usr/bin/python3 /usr/bin/s        0    12056    12339    14584 
35169 codespace ./cli kernel images/4096x40        0   114572   114620   115732 
35165 codespace ./cli kernel images/4096x40        0   115704   115755   116956 
35175 codespace ./cli kernel images/4096x40        0   116396   116449   117664 
35171 codespace ./cli kernel images/4096x40        0   117764   117816   118988 
35173 codespace ./cli kernel images/4096x40        0   117976   118027   119188 
%CPU %MEM ARGS Wed Sep 30 20:38:10 UTC 2026
 0.0  0.0 grep --color=auto ./cli       0  2208
31.4  1.4 ./cli kernel images/4096x40   1 116516
31.8  1.4 ./cli kernel images/4096x40   1 117776
32.0  1.4 ./cli kernel images/4096x40   0 118560
32.4  1.4 ./cli kernel images/4096x40   1 119752
32.4  1.4 ./cli kernel images/4096x40   0 120108
  PID User     Command                         Swap      USS      PSS      RSS 
36034 codespace /usr/bin/python3 /usr/bin/s        0    12060    12307    14476 
35169 codespace ./cli kernel images/4096x40        0   115836   115884   116996 
35165 codespace ./cli kernel images/4096x40        0   116976   117027   118228 
35175 codespace ./cli kernel images/4096x40        0   117848   117901   119116 
35171 codespace ./cli kernel images/4096x40        0   119052   119104   120276 
35173 codespace ./cli kernel images/4096x40        0   119428   119479   120640 
%CPU %MEM ARGS Wed Sep 30 20:38:10 UTC 2026
 0.0  0.0 grep --color=auto ./cli       0  2172
31.4  1.4 ./cli kernel images/4096x40   1 117696
31.8  1.4 ./cli kernel images/4096x40   1 119136
32.0  1.4 ./cli kernel images/4096x40   1 119812
32.4  1.4 ./cli kernel images/4096x40   1 121108
32.4  1.4 ./cli kernel images/4096x40   0 121432
  PID User     Command                         Swap      USS      PSS      RSS 
36040 codespace /usr/bin/python3 /usr/bin/s        0    12064    12335    14512 
35169 codespace ./cli kernel images/4096x40        0   116920   116968   118080 
35165 codespace ./cli kernel images/4096x40        0   118240   118291   119492 
35175 codespace ./cli kernel images/4096x40        0   119024   119077   120292 
35171 codespace ./cli kernel images/4096x40        0   120280   120333   121504 
35173 codespace ./cli kernel images/4096x40        0   120740   120791   121952 
%CPU %MEM ARGS Wed Sep 30 20:38:11 UTC 2026
 0.0  0.0 grep --color=auto ./cli       1  2296
31.4  1.4 ./cli kernel images/4096x40   1 118856
31.8  1.4 ./cli kernel images/4096x40   1 120284
32.1  1.4 ./cli kernel images/4096x40   0 121152
32.4  1.5 ./cli kernel images/4096x40   1 122248
32.5  1.5 ./cli kernel images/4096x40   0 122832
  PID User     Command                         Swap      USS      PSS      RSS 
36045 codespace /usr/bin/python3 /usr/bin/s        0    12060    12323    14620 
35169 codespace ./cli kernel images/4096x40        0   118176   118224   119336 
35165 codespace ./cli kernel images/4096x40        0   119476   119527   120728 
35175 codespace ./cli kernel images/4096x40        0   120460   120511   121728 
35171 codespace ./cli kernel images/4096x40        0   121540   121592   122764 
35173 codespace ./cli kernel images/4096x40        0   122184   122235   123396 
%CPU %MEM ARGS Wed Sep 30 20:38:11 UTC 2026
 0.0  0.0 grep --color=auto ./cli       1  2200
31.4  1.4 ./cli kernel images/4096x40   1 120088
31.8  1.4 ./cli kernel images/4096x40   1 121500
32.0  1.5 ./cli kernel images/4096x40   1 122460
32.4  1.5 ./cli kernel images/4096x40   0 123540
32.5  1.5 ./cli kernel images/4096x40   0 124460
  PID User     Command                         Swap      USS      PSS      RSS 
36057 codespace /usr/bin/python3 /usr/bin/s        0    12060    12307    14436 
35169 codespace ./cli kernel images/4096x40        0   119404   119452   120564 
35165 codespace ./cli kernel images/4096x40        0   120680   120731   121932 
35175 codespace ./cli kernel images/4096x40        0   121752   121805   123020 
35171 codespace ./cli kernel images/4096x40        0   122824   122876   124048 
35173 codespace ./cli kernel images/4096x40        0   123784   123835   124996 
%CPU %MEM ARGS Wed Sep 30 20:38:12 UTC 2026
 0.0  0.0 grep --color=auto ./cli       1  2252
31.4  1.4 ./cli kernel images/4096x40   1 121396
31.8  1.5 ./cli kernel images/4096x40   1 122816
32.0  1.5 ./cli kernel images/4096x40   0 123720
32.4  1.5 ./cli kernel images/4096x40   0 124972
32.6  1.5 ./cli kernel images/4096x40   0 125884
  PID User     Command                         Swap      USS      PSS      RSS 
36062 codespace /usr/bin/python3 /usr/bin/s        0    12060    12322    14512 
35169 codespace ./cli kernel images/4096x40        0   120712   120760   121872 
35165 codespace ./cli kernel images/4096x40        0   121988   122040   123240 
35175 codespace ./cli kernel images/4096x40        0   123032   123085   124300 
35171 codespace ./cli kernel images/4096x40        0   124232   124285   125456 
35173 codespace ./cli kernel images/4096x40        0   125216   125267   126428 
%CPU %MEM ARGS Wed Sep 30 20:38:12 UTC 2026
 0.0  0.0 grep --color=auto ./cli       1  2184
31.4  1.5 ./cli kernel images/4096x40   1 122768
31.8  1.5 ./cli kernel images/4096x40   1 124172
32.0  1.5 ./cli kernel images/4096x40   0 124988
32.4  1.5 ./cli kernel images/4096x40   0 126216
32.6  1.5 ./cli kernel images/4096x40   1 127128
  PID User     Command                         Swap      USS      PSS      RSS 
36068 codespace /usr/bin/python3 /usr/bin/s        0    12052    12303    14468 
35169 codespace ./cli kernel images/4096x40        0   121864   121912   123024 
35165 codespace ./cli kernel images/4096x40        0   123148   123200   124400 
35175 codespace ./cli kernel images/4096x40        0   124312   124365   125580 
35171 codespace ./cli kernel images/4096x40        0   125276   125328   126500 
35173 codespace ./cli kernel images/4096x40        0   126204   126255   127416 
%CPU %MEM ARGS Wed Sep 30 20:38:13 UTC 2026
 0.0  0.0 grep --color=auto ./cli       0  2176
31.4  1.5 ./cli kernel images/4096x40   0 123844
31.8  1.5 ./cli kernel images/4096x40   1 125196
32.1  1.5 ./cli kernel images/4096x40   0 126400
32.4  1.5 ./cli kernel images/4096x40   1 127248
32.5  1.5 ./cli kernel images/4096x40   0 128064
  PID User     Command                         Swap      USS      PSS      RSS 
36073 codespace /usr/bin/python3 /usr/bin/s        0    12060    12346    14476 
35169 codespace ./cli kernel images/4096x40        0   123152   123200   124312 
35165 codespace ./cli kernel images/4096x40        0   124372   124424   125624 
35175 codespace ./cli kernel images/4096x40        0   125712   125765   126980 
35171 codespace ./cli kernel images/4096x40        0   126532   126584   127756 
35173 codespace ./cli kernel images/4096x40        0   127404   127455   128616 
%CPU %MEM ARGS Wed Sep 30 20:38:13 UTC 2026
 0.0  0.0 grep --color=auto ./cli       0  2292
31.4  1.5 ./cli kernel images/4096x40   0 125092
31.8  1.5 ./cli kernel images/4096x40   1 126556
32.1  1.5 ./cli kernel images/4096x40   1 127580
32.4  1.5 ./cli kernel images/4096x40   1 128600
32.5  1.5 ./cli kernel images/4096x40   0 129316
  PID User     Command                         Swap      USS      PSS      RSS 
36085 codespace /usr/bin/python3 /usr/bin/s        0    12052    12312    14520 
35169 codespace ./cli kernel images/4096x40        0   124416   124464   125576 
35165 codespace ./cli kernel images/4096x40        0   125696   125748   126948 
35175 codespace ./cli kernel images/4096x40        0   126932   126985   128200 
35171 codespace ./cli kernel images/4096x40        0   127900   127953   129124 
35173 codespace ./cli kernel images/4096x40        0   128656   128706   129868 
%CPU %MEM ARGS Wed Sep 30 20:38:14 UTC 2026
 0.0  0.0 grep --color=auto ./cli       0  2164
31.4  1.5 ./cli kernel images/4096x40   0 126440
31.7  1.5 ./cli kernel images/4096x40   0 127752
32.0  1.5 ./cli kernel images/4096x40   0 128968
32.3  1.5 ./cli kernel images/4096x40   1 129840
32.4  1.6 ./cli kernel images/4096x40   1 130516
  PID User     Command                         Swap      USS      PSS      RSS 
36107 codespace /usr/bin/python3 /usr/bin/s        0    12060    12343    14620 
35169 codespace ./cli kernel images/4096x40        0   125880   125928   127040 
35165 codespace ./cli kernel images/4096x40        0   126964   127015   128216 
35175 codespace ./cli kernel images/4096x40        0   128672   128725   129940 
35171 codespace ./cli kernel images/4096x40        0   129316   129368   130540 
35173 codespace ./cli kernel images/4096x40        0   130020   130071   131232 
%CPU %MEM ARGS Wed Sep 30 20:38:15 UTC 2026
 0.0  0.0 grep --color=auto ./cli       1  2172
31.4  1.5 ./cli kernel images/4096x40   0 128100
31.7  1.5 ./cli kernel images/4096x40   1 129076
32.1  1.6 ./cli kernel images/4096x40   0 130860
32.3  1.6 ./cli kernel images/4096x40   1 131284
32.4  1.6 ./cli kernel images/4096x40   1 131956
  PID User     Command                         Swap      USS      PSS      RSS 
36119 codespace /usr/bin/python3 /usr/bin/s        0    12060    12307    14476 
35169 codespace ./cli kernel images/4096x40        0   127424   127472   128584 
35165 codespace ./cli kernel images/4096x40        0   128248   128299   129500 
35175 codespace ./cli kernel images/4096x40        0   130200   130253   131468 
35171 codespace ./cli kernel images/4096x40        0   130564   130616   131788 
35173 codespace ./cli kernel images/4096x40        0   131276   131327   132488 
%CPU %MEM ARGS Wed Sep 30 20:38:15 UTC 2026
 0.0  0.0 grep --color=auto ./cli       1  2296
31.5  1.5 ./cli kernel images/4096x40   0 129588
31.7  1.6 ./cli kernel images/4096x40   1 130340
32.2  1.6 ./cli kernel images/4096x40   0 132348
32.2  1.6 ./cli kernel images/4096x40   1 132544
32.4  1.6 ./cli kernel images/4096x40   1 133212
  PID User     Command                         Swap      USS      PSS      RSS 
36125 codespace /usr/bin/python3 /usr/bin/s        0    12060    12308    14476 
35169 codespace ./cli kernel images/4096x40        0   128912   128960   130072 
35165 codespace ./cli kernel images/4096x40        0   129500   129552   130752 
35175 codespace ./cli kernel images/4096x40        0   131668   131721   132936 
35171 codespace ./cli kernel images/4096x40        0   131812   131864   133036 
35173 codespace ./cli kernel images/4096x40        0   132520   132571   133732 
%CPU %MEM ARGS Wed Sep 30 20:38:16 UTC 2026
 0.0  0.0 grep --color=auto ./cli       1  2192
31.5  1.6 ./cli kernel images/4096x40   0 131044
31.7  1.6 ./cli kernel images/4096x40   1 131680
32.1  1.6 ./cli kernel images/4096x40   0 133648
32.3  1.6 ./cli kernel images/4096x40   1 133900
32.4  1.6 ./cli kernel images/4096x40   0 134624
  PID User     Command                         Swap      USS      PSS      RSS 
36136 codespace /usr/bin/python3 /usr/bin/s        0    12060    12310    14476 
35169 codespace ./cli kernel images/4096x40        0   130484   130532   131644 
35165 codespace ./cli kernel images/4096x40        0   130888   130940   132140 
35175 codespace ./cli kernel images/4096x40        0   133076   133129   134344 
35171 codespace ./cli kernel images/4096x40        0   133216   133268   134440 
35173 codespace ./cli kernel images/4096x40        0   133984   134035   135196 
%CPU %MEM ARGS Wed Sep 30 20:38:17 UTC 2026
 0.0  0.0 grep --color=auto ./cli       0  2204
31.5  1.6 ./cli kernel images/4096x40   0 132412
31.7  1.6 ./cli kernel images/4096x40   1 133292
32.1  1.6 ./cli kernel images/4096x40   0 135028
32.2  1.6 ./cli kernel images/4096x40   0 135172
32.4  1.6 ./cli kernel images/4096x40   1 136232
  PID User     Command                         Swap      USS      PSS      RSS 
36142 codespace /usr/bin/python3 /usr/bin/s        0    12056    12311    14472 
35169 codespace ./cli kernel images/4096x40        0   131720   131768   132880 
35165 codespace ./cli kernel images/4096x40        0   132484   132536   133736 
35175 codespace ./cli kernel images/4096x40        0   134336   134389   135604 
35171 codespace ./cli kernel images/4096x40        0   134452   134504   135676 
35173 codespace ./cli kernel images/4096x40        0   135572   135623   136784 
%CPU %MEM ARGS Wed Sep 30 20:38:17 UTC 2026
 0.0  0.0 grep --color=auto ./cli       1  2128
31.5  1.6 ./cli kernel images/4096x40   0 133728
31.8  1.6 ./cli kernel images/4096x40   1 134764
32.1  1.6 ./cli kernel images/4096x40   0 136328
32.2  1.6 ./cli kernel images/4096x40   1 136504
32.5  1.6 ./cli kernel images/4096x40   0 137664
  PID User     Command                         Swap      USS      PSS      RSS 
36147 codespace /usr/bin/python3 /usr/bin/s        0    12056    12336    14584 
35169 codespace ./cli kernel images/4096x40        0   133012   133060   134172 
35165 codespace ./cli kernel images/4096x40        0   133884   133936   135136 
35175 codespace ./cli kernel images/4096x40        0   135548   135601   136816 
35171 codespace ./cli kernel images/4096x40        0   135788   135840   137012 
35173 codespace ./cli kernel images/4096x40        0   136920   136971   138132 
%CPU %MEM ARGS Wed Sep 30 20:38:18 UTC 2026
 0.0  0.0 grep --color=auto ./cli       1  2300
31.5  1.6 ./cli kernel images/4096x40   1 134940
31.7  1.6 ./cli kernel images/4096x40   0 135772
32.1  1.6 ./cli kernel images/4096x40   0 137388
32.2  1.6 ./cli kernel images/4096x40   0 137608
32.4  1.7 ./cli kernel images/4096x40   0 138716
  PID User     Command                         Swap      USS      PSS      RSS 
36158 codespace /usr/bin/python3 /usr/bin/s        0    12080    12368    14588 
35169 codespace ./cli kernel images/4096x40        0   134256   134304   135416 
35165 codespace ./cli kernel images/4096x40        0   134876   134928   136128 
35175 codespace ./cli kernel images/4096x40        0   136616   136669   137884 
35171 codespace ./cli kernel images/4096x40        0   136820   136872   138044 
35173 codespace ./cli kernel images/4096x40        0   137984   138035   139196 
%CPU %MEM ARGS Wed Sep 30 20:38:18 UTC 2026
 0.0  0.0 grep --color=auto ./cli       0  2296
31.5  1.6 ./cli kernel images/4096x40   1 136332
31.7  1.6 ./cli kernel images/4096x40   0 137112
32.1  1.7 ./cli kernel images/4096x40   1 138704
32.2  1.7 ./cli kernel images/4096x40   1 138808
32.4  1.7 ./cli kernel images/4096x40   0 140056
  PID User     Command                         Swap      USS      PSS      RSS 
36164 codespace /usr/bin/python3 /usr/bin/s        0    12064    12314    14480 
35169 codespace ./cli kernel images/4096x40        0   135636   135684   136796 
35165 codespace ./cli kernel images/4096x40        0   136292   136344   137544 
35171 codespace ./cli kernel images/4096x40        0   138144   138196   139368 
35175 codespace ./cli kernel images/4096x40        0   138388   138441   139656 
35173 codespace ./cli kernel images/4096x40        0   139424   139475   140636 
%CPU %MEM ARGS Wed Sep 30 20:38:19 UTC 2026
 0.0  0.0 grep --color=auto ./cli       1  2204
31.5  1.6 ./cli kernel images/4096x40   0 137612
31.8  1.7 ./cli kernel images/4096x40   0 138560
32.2  1.7 ./cli kernel images/4096x40   1 140420
32.2  1.7 ./cli kernel images/4096x40   0 140288
32.4  1.7 ./cli kernel images/4096x40   1 141504
  PID User     Command                         Swap      USS      PSS      RSS 
36170 codespace /usr/bin/python3 /usr/bin/s        0    12048    12328    14576 
35169 codespace ./cli kernel images/4096x40        0   136892   136940   138052 
35165 codespace ./cli kernel images/4096x40        0   137728   137780   138980 
35171 codespace ./cli kernel images/4096x40        0   139532   139584   140756 
35175 codespace ./cli kernel images/4096x40        0   139736   139789   141004 
35173 codespace ./cli kernel images/4096x40        0   140740   140791   141952 
%CPU %MEM ARGS Wed Sep 30 20:38:19 UTC 2026
 0.0  0.0 grep --color=auto ./cli       0  2200
31.5  1.7 ./cli kernel images/4096x40   1 138936
31.7  1.7 ./cli kernel images/4096x40   1 139684
32.2  1.7 ./cli kernel images/4096x40   0 141412
32.3  1.7 ./cli kernel images/4096x40   1 141968
32.4  1.7 ./cli kernel images/4096x40   0 142572
  PID User     Command                         Swap      USS      PSS      RSS 
36176 codespace /usr/bin/python3 /usr/bin/s        0    12052    12315    14520 
35169 codespace ./cli kernel images/4096x40        0   138228   138276   139388 
35165 codespace ./cli kernel images/4096x40        0   138832   138884   140084 
35171 codespace ./cli kernel images/4096x40        0   140680   140733   141904 
35175 codespace ./cli kernel images/4096x40        0   141276   141329   142544 
35173 codespace ./cli kernel images/4096x40        0   141888   141939   143100 
%CPU %MEM ARGS Wed Sep 30 20:38:20 UTC 2026
 0.0  0.0 grep --color=auto ./cli       1  2208
31.5  1.7 ./cli kernel images/4096x40   1 140088
31.7  1.7 ./cli kernel images/4096x40   0 140824
32.2  1.7 ./cli kernel images/4096x40   1 142620
32.2  1.7 ./cli kernel images/4096x40   1 143124
32.4  1.7 ./cli kernel images/4096x40   0 143800
  PID User     Command                         Swap      USS      PSS      RSS 
36193 codespace /usr/bin/python3 /usr/bin/s        0    12056    12312    14540 
35169 codespace ./cli kernel images/4096x40        0   139444   139492   140604 
35165 codespace ./cli kernel images/4096x40        0   140052   140104   141304 
35171 codespace ./cli kernel images/4096x40        0   142064   142116   143288 
35175 codespace ./cli kernel images/4096x40        0   142592   142645   143860 
35173 codespace ./cli kernel images/4096x40        0   143164   143215   144376 
%CPU %MEM ARGS Wed Sep 30 20:38:21 UTC 2026
 0.0  0.0 grep --color=auto ./cli       1  2184
31.5  1.7 ./cli kernel images/4096x40   0 141640
31.7  1.7 ./cli kernel images/4096x40   0 142384
32.2  1.7 ./cli kernel images/4096x40   1 144080
32.2  1.7 ./cli kernel images/4096x40   1 144536
32.3  1.7 ./cli kernel images/4096x40   1 145132
  PID User     Command                         Swap      USS      PSS      RSS 
36199 codespace /usr/bin/python3 /usr/bin/s        0    12060    12301    14456 
35169 codespace ./cli kernel images/4096x40        0   140952   141000   142112 
35165 codespace ./cli kernel images/4096x40        0   141548   141599   142800 
35171 codespace ./cli kernel images/4096x40        0   143364   143416   144588 
35175 codespace ./cli kernel images/4096x40        0   143856   143909   145124 
35173 codespace ./cli kernel images/4096x40        0   144476   144527   145688 
%CPU %MEM ARGS Wed Sep 30 20:38:21 UTC 2026
 0.0  0.0 grep --color=auto ./cli       0  2288
31.6  1.7 ./cli kernel images/4096x40   0 143104
31.8  1.7 ./cli kernel images/4096x40   0 143844
32.2  1.7 ./cli kernel images/4096x40   1 145384
32.2  1.7 ./cli kernel images/4096x40   1 145832
32.4  1.8 ./cli kernel images/4096x40   1 146468
  PID User     Command                         Swap      USS      PSS      RSS 
36204 codespace /usr/bin/python3 /usr/bin/s        0    12072    12363    14588 
35169 codespace ./cli kernel images/4096x40        0   142424   142472   143584 
35165 codespace ./cli kernel images/4096x40        0   142976   143028   144228 
35171 codespace ./cli kernel images/4096x40        0   144672   144725   145896 
35175 codespace ./cli kernel images/4096x40        0   145140   145193   146408 
35173 codespace ./cli kernel images/4096x40        0   145784   145835   146996 
%CPU %MEM ARGS Wed Sep 30 20:38:22 UTC 2026
 0.0  0.0 grep --color=auto ./cli       0  2212
31.6  1.7 ./cli kernel images/4096x40   0 144616
31.8  1.7 ./cli kernel images/4096x40   1 145296
32.2  1.8 ./cli kernel images/4096x40   0 146680
32.2  1.8 ./cli kernel images/4096x40   1 147124
32.3  1.8 ./cli kernel images/4096x40   1 147756
  PID User     Command                         Swap      USS      PSS      RSS 
36210 codespace /usr/bin/python3 /usr/bin/s        0    12052    12304    14468 
35169 codespace ./cli kernel images/4096x40        0   143936   143984   145096 
35165 codespace ./cli kernel images/4096x40        0   144772   144824   146024 
35171 codespace ./cli kernel images/4096x40        0   146056   146107   147280 
35175 codespace ./cli kernel images/4096x40        0   146412   146465   147680 
35173 codespace ./cli kernel images/4096x40        0   147052   147097   148264 
%CPU %MEM ARGS Wed Sep 30 20:38:22 UTC 2026
 0.0  0.0 grep --color=auto ./cli       1  2172
31.6  1.7 ./cli kernel images/4096x40   0 145912
31.9  1.8 ./cli kernel images/4096x40   1 147260
32.2  1.8 ./cli kernel images/4096x40   0 148372
32.2  1.8 ./cli kernel images/4096x40   1 148416
32.3  1.8 ./cli kernel images/4096x40   0 149004
  PID User     Command                         Swap      USS      PSS      RSS 
36222 codespace /usr/bin/python3 /usr/bin/s        0    12056    12314    14540 
35169 codespace ./cli kernel images/4096x40        0   145264   145312   146424 
35165 codespace ./cli kernel images/4096x40        0   146440   146491   147692 
35171 codespace ./cli kernel images/4096x40        0   147704   147756   148928 
35175 codespace ./cli kernel images/4096x40        0   147856   147909   149124 
35173 codespace ./cli kernel images/4096x40        0   148432   148483   149644 
%CPU %MEM ARGS Wed Sep 30 20:38:23 UTC 2026
 0.0  0.0 grep --color=auto ./cli       1  2172
31.6  1.8 ./cli kernel images/4096x40   1 147328
32.0  1.8 ./cli kernel images/4096x40   1 148976
32.2  1.8 ./cli kernel images/4096x40   0 149740
32.2  1.8 ./cli kernel images/4096x40   0 149612
32.3  1.8 ./cli kernel images/4096x40   0 150368
  PID User     Command                         Swap      USS      PSS      RSS 
36227 codespace /usr/bin/python3 /usr/bin/s        0    12080    12371    14588 
35169 codespace ./cli kernel images/4096x40        0   146652   146700   147812 
35165 codespace ./cli kernel images/4096x40        0   148172   148223   149424 
35171 codespace ./cli kernel images/4096x40        0   148904   148956   150128 
35175 codespace ./cli kernel images/4096x40        0   149080   149133   150348 
35173 codespace ./cli kernel images/4096x40        0   149724   149775   150936 
%CPU %MEM ARGS Wed Sep 30 20:38:24 UTC 2026
 0.0  0.0 grep --color=auto ./cli       1  2300
31.7  1.8 ./cli kernel images/4096x40   1 148844
32.0  1.8 ./cli kernel images/4096x40   1 150496
32.2  1.8 ./cli kernel images/4096x40   0 151040
32.2  1.8 ./cli kernel images/4096x40   0 150924
32.3  1.8 ./cli kernel images/4096x40   0 151672
  PID User     Command                         Swap      USS      PSS      RSS 
36233 codespace /usr/bin/python3 /usr/bin/s        0    12060    12313    14464 
35169 codespace ./cli kernel images/4096x40        0   148156   148204   149316 
35165 codespace ./cli kernel images/4096x40        0   149672   149723   150924 
35171 codespace ./cli kernel images/4096x40        0   150228   150280   151452 
35175 codespace ./cli kernel images/4096x40        0   150388   150441   151656 
35173 codespace ./cli kernel images/4096x40        0   151044   151095   152256 
%CPU %MEM ARGS Wed Sep 30 20:38:24 UTC 2026
 0.0  0.0 grep --color=auto ./cli       1  2252
31.7  1.8 ./cli kernel images/4096x40   1 150284
32.0  1.8 ./cli kernel images/4096x40   1 151932
32.1  1.8 ./cli kernel images/4096x40   1 152352
32.2  1.8 ./cli kernel images/4096x40   0 152260
32.3  1.8 ./cli kernel images/4096x40   1 152984
  PID User     Command                         Swap      USS      PSS      RSS 
36238 codespace /usr/bin/python3 /usr/bin/s        0    12048    12295    14464 
35169 codespace ./cli kernel images/4096x40        0   149640   149688   150800 
35165 codespace ./cli kernel images/4096x40        0   151140   151191   152392 
35175 codespace ./cli kernel images/4096x40        0   151844   151897   153112 
35173 codespace ./cli kernel images/4096x40        0   152368   152419   153580 
35171 codespace ./cli kernel images/4096x40        0   152444   152496   153668 
%CPU %MEM ARGS Wed Sep 30 20:38:25 UTC 2026
 0.0  0.0 grep --color=auto ./cli       0  2180
31.6  1.8 ./cli kernel images/4096x40   0 151744
32.0  1.8 ./cli kernel images/4096x40   1 153452
32.1  1.8 ./cli kernel images/4096x40   1 153908
32.2  1.8 ./cli kernel images/4096x40   0 154432
32.3  1.8 ./cli kernel images/4096x40   1 154524
  PID User     Command                         Swap      USS      PSS      RSS 
36268 codespace /usr/bin/python3 /usr/bin/s        0    12060    12314    14540 
35169 codespace ./cli kernel images/4096x40        0   151056   151104   152216 
35165 codespace ./cli kernel images/4096x40        0   152692   152743   153944 
35175 codespace ./cli kernel images/4096x40        0   153308   153361   154576 
35173 codespace ./cli kernel images/4096x40        0   153792   153843   155004 
35171 codespace ./cli kernel images/4096x40        0   153836   153888   155060 
%CPU %MEM ARGS Wed Sep 30 20:38:25 UTC 2026
 0.0  0.0 grep --color=auto ./cli       1  2252
31.6  1.8 ./cli kernel images/4096x40   0 152884
32.1  1.9 ./cli kernel images/4096x40   0 155104
32.1  1.9 ./cli kernel images/4096x40   1 155212
32.1  1.9 ./cli kernel images/4096x40   0 155564
32.2  1.9 ./cli kernel images/4096x40   0 155652
  PID User     Command                         Swap      USS      PSS      RSS 
36280 codespace /usr/bin/python3 /usr/bin/s        0    12068    12344    14516 
35169 codespace ./cli kernel images/4096x40        0   152320   152368   153480 
35175 codespace ./cli kernel images/4096x40        0   154356   154409   155624 
35165 codespace ./cli kernel images/4096x40        0   154448   154499   155700 
35173 codespace ./cli kernel images/4096x40        0   154864   154915   156076 
35171 codespace ./cli kernel images/4096x40        0   155060   155112   156284 
%CPU %MEM ARGS Wed Sep 30 20:38:26 UTC 2026
 0.0  0.0 grep --color=auto ./cli       0  2168
31.6  1.8 ./cli kernel images/4096x40   0 154204
32.0  1.9 ./cli kernel images/4096x40   0 156268
32.1  1.9 ./cli kernel images/4096x40   0 156728
32.1  1.9 ./cli kernel images/4096x40   1 156732
32.2  1.9 ./cli kernel images/4096x40   0 156968
  PID User     Command                         Swap      USS      PSS      RSS 
36285 codespace /usr/bin/python3 /usr/bin/s        0    12056    12297    14564 
35169 codespace ./cli kernel images/4096x40        0   153324   153372   154484 
35175 codespace ./cli kernel images/4096x40        0   155368   155415   156636 
35173 codespace ./cli kernel images/4096x40        0   155864   155909   157076 
35165 codespace ./cli kernel images/4096x40        0   155920   155972   157172 
35171 codespace ./cli kernel images/4096x40        0   156048   156100   157272 
%CPU %MEM ARGS Wed Sep 30 20:38:27 UTC 2026
 0.0  0.0 grep --color=auto ./cli       0  2252
31.5  1.9 ./cli kernel images/4096x40   0 155112
31.9  1.9 ./cli kernel images/4096x40   0 157172
32.0  1.9 ./cli kernel images/4096x40   0 157624
32.1  1.9 ./cli kernel images/4096x40   1 157940
32.2  1.9 ./cli kernel images/4096x40   1 158460
  PID User     Command                         Swap      USS      PSS      RSS 
36297 codespace /usr/bin/python3 /usr/bin/s        0    12064    12342    14512 
35169 codespace ./cli kernel images/4096x40        0   154408   154456   155568 
35175 codespace ./cli kernel images/4096x40        0   156512   156565   157780 
35173 codespace ./cli kernel images/4096x40        0   156968   157019   158180 
35171 codespace ./cli kernel images/4096x40        0   157228   157281   158452 
35165 codespace ./cli kernel images/4096x40        0   157632   157684   158884 
%CPU %MEM ARGS Wed Sep 30 20:38:27 UTC 2026
 0.0  0.0 grep --color=auto ./cli       0  2248
31.5  1.9 ./cli kernel images/4096x40   0 156460
32.0  1.9 ./cli kernel images/4096x40   0 158516
32.0  1.9 ./cli kernel images/4096x40   1 158936
32.2  1.9 ./cli kernel images/4096x40   1 159432
32.2  1.9 ./cli kernel images/4096x40   1 159940
  PID User     Command                         Swap      USS      PSS      RSS 
36302 codespace /usr/bin/python3 /usr/bin/s        0    12060    12303    14508 
35169 codespace ./cli kernel images/4096x40        0   155772   155820   156932 
35175 codespace ./cli kernel images/4096x40        0   157852   157905   159120 
35173 codespace ./cli kernel images/4096x40        0   158276   158327   159488 
35171 codespace ./cli kernel images/4096x40        0   158712   158764   159936 
35165 codespace ./cli kernel images/4096x40        0   159112   159164   160364 
%CPU %MEM ARGS Wed Sep 30 20:38:28 UTC 2026
 0.0  0.0 grep --color=auto ./cli       0  2344
31.5  1.9 ./cli kernel images/4096x40   0 157788
32.0  1.9 ./cli kernel images/4096x40   1 159792
32.0  1.9 ./cli kernel images/4096x40   1 160256
32.2  1.9 ./cli kernel images/4096x40   0 160748
32.2  1.9 ./cli kernel images/4096x40   1 161172
  PID User     Command                         Swap      USS      PSS      RSS 
36308 codespace /usr/bin/python3 /usr/bin/s        0    12064    12343    14512 
35169 codespace ./cli kernel images/4096x40        0   157004   157052   158164 
35175 codespace ./cli kernel images/4096x40        0   159020   159073   160288 
35173 codespace ./cli kernel images/4096x40        0   159476   159527   160688 
35171 codespace ./cli kernel images/4096x40        0   159940   159992   161164 
35165 codespace ./cli kernel images/4096x40        0   160516   160568   161768 
%CPU %MEM ARGS Wed Sep 30 20:38:28 UTC 2026
 0.0  0.0 grep --color=auto ./cli       0  2304
31.5  1.9 ./cli kernel images/4096x40   0 159048
31.9  1.9 ./cli kernel images/4096x40   0 161032
32.0  1.9 ./cli kernel images/4096x40   1 161416
32.2  1.9 ./cli kernel images/4096x40   1 162136
32.3  2.0 ./cli kernel images/4096x40   1 162824
  PID User     Command                         Swap      USS      PSS      RSS 
36313 codespace /usr/bin/python3 /usr/bin/s        0    12060    12343    14588 
35169 codespace ./cli kernel images/4096x40        0   158360   158408   159520 
35175 codespace ./cli kernel images/4096x40        0   160364   160415   161632 
35173 codespace ./cli kernel images/4096x40        0   160748   160794   161960 
35171 codespace ./cli kernel images/4096x40        0   161408   161460   162632 
35165 codespace ./cli kernel images/4096x40        0   162016   162067   163268 
%CPU %MEM ARGS Wed Sep 30 20:38:29 UTC 2026
 0.0  0.0 grep --color=auto ./cli       0  2340
31.6  1.9 ./cli kernel images/4096x40   0 160580
32.0  1.9 ./cli kernel images/4096x40   0 162568
32.0  2.0 ./cli kernel images/4096x40   1 162688
32.2  2.0 ./cli kernel images/4096x40   0 163396
32.3  2.0 ./cli kernel images/4096x40   1 164092
  PID User     Command                         Swap      USS      PSS      RSS 
36325 codespace /usr/bin/python3 /usr/bin/s        0    12056    12339    14584 
35169 codespace ./cli kernel images/4096x40        0   159904   159952   161064 
35175 codespace ./cli kernel images/4096x40        0   161912   161965   163180 
35173 codespace ./cli kernel images/4096x40        0   162076   162127   163288 
35171 codespace ./cli kernel images/4096x40        0   162716   162768   163940 
35165 codespace ./cli kernel images/4096x40        0   163284   163335   164536 
%CPU %MEM ARGS Wed Sep 30 20:38:29 UTC 2026
 0.0  0.0 grep --color=auto ./cli       1  2248
31.6  1.9 ./cli kernel images/4096x40   0 162116
32.0  2.0 ./cli kernel images/4096x40   1 164044
32.0  2.0 ./cli kernel images/4096x40   0 164100
32.2  2.0 ./cli kernel images/4096x40   0 164748
32.3  2.0 ./cli kernel images/4096x40   1 165444
  PID User     Command                         Swap      USS      PSS      RSS 
36331 codespace /usr/bin/python3 /usr/bin/s        0    12056    12319    14540 
35169 codespace ./cli kernel images/4096x40        0   161404   161452   162564 
35173 codespace ./cli kernel images/4096x40        0   163404   163455   164616 
35175 codespace ./cli kernel images/4096x40        0   163584   163637   164852 
35171 codespace ./cli kernel images/4096x40        0   164192   164244   165416 
35165 codespace ./cli kernel images/4096x40        0   164624   164676   165876 
%CPU %MEM ARGS Wed Sep 30 20:38:30 UTC 2026
 0.0  0.0 grep --color=auto ./cli       1  2204
31.6  2.0 ./cli kernel images/4096x40   0 163344
32.0  2.0 ./cli kernel images/4096x40   0 165408
32.1  2.0 ./cli kernel images/4096x40   0 165880
32.2  2.0 ./cli kernel images/4096x40   1 166148
32.3  2.0 ./cli kernel images/4096x40   1 166708
  PID User     Command                         Swap      USS      PSS      RSS 
36336 codespace /usr/bin/python3 /usr/bin/s        0    12068    12336    14508 
35169 codespace ./cli kernel images/4096x40        0   162716   162764   163876 
35173 codespace ./cli kernel images/4096x40        0   164780   164831   165992 
35175 codespace ./cli kernel images/4096x40        0   165204   165257   166472 
35171 codespace ./cli kernel images/4096x40        0   165464   165517   166688 
35165 codespace ./cli kernel images/4096x40        0   165876   165930   167128 
%CPU %MEM ARGS Wed Sep 30 20:38:31 UTC 2026
 0.0  0.0 grep --color=auto ./cli       1  2212
31.6  2.0 ./cli kernel images/4096x40   1 164668
32.0  2.0 ./cli kernel images/4096x40   1 166580
32.1  2.0 ./cli kernel images/4096x40   0 167096
32.2  2.0 ./cli kernel images/4096x40   0 167840
32.3  2.0 ./cli kernel images/4096x40   1 167680
  PID User     Command                         Swap      USS      PSS      RSS 
36342 codespace /usr/bin/python3 /usr/bin/s        0    12072    12319    14524 
35169 codespace ./cli kernel images/4096x40        0   163916   163963   165076 
35173 codespace ./cli kernel images/4096x40        0   165876   165926   167088 
35175 codespace ./cli kernel images/4096x40        0   166460   166511   167728 
35171 codespace ./cli kernel images/4096x40        0   166900   166951   168124 
35165 codespace ./cli kernel images/4096x40        0   167032   167083   168284 
%CPU %MEM ARGS Wed Sep 30 20:38:31 UTC 2026
 0.0  0.0 grep --color=auto ./cli       1  2216
31.6  2.0 ./cli kernel images/4096x40   1 165968
31.9  2.0 ./cli kernel images/4096x40   0 167836
32.1  2.0 ./cli kernel images/4096x40   1 168424
32.2  2.0 ./cli kernel images/4096x40   0 169092
32.2  2.0 ./cli kernel images/4096x40   1 168976
  PID User     Command                         Swap      USS      PSS      RSS 
36358 codespace /usr/bin/python3 /usr/bin/s        0    12064    12334    14512 
35169 codespace ./cli kernel images/4096x40        0   165080   165128   166240 
35173 codespace ./cli kernel images/4096x40        0   166952   167003   168164 
35175 codespace ./cli kernel images/4096x40        0   167468   167521   168736 
35171 codespace ./cli kernel images/4096x40        0   168016   168069   169240 
35165 codespace ./cli kernel images/4096x40        0   168068   168120   169320 
%CPU %MEM ARGS Wed Sep 30 20:38:32 UTC 2026
 0.0  0.0 grep --color=auto ./cli       1  2296
31.6  2.0 ./cli kernel images/4096x40   0 167328
31.9  2.0 ./cli kernel images/4096x40   0 169116
32.0  2.0 ./cli kernel images/4096x40   1 169464
32.1  2.0 ./cli kernel images/4096x40   1 170132
32.2  2.0 ./cli kernel images/4096x40   1 170020
  PID User     Command                         Swap      USS      PSS      RSS 
36364 codespace /usr/bin/python3 /usr/bin/s        0    12060    12317    14540 
35169 codespace ./cli kernel images/4096x40        0   166668   166716   167828 
35173 codespace ./cli kernel images/4096x40        0   168492   168543   169704 
35175 codespace ./cli kernel images/4096x40        0   168832   168885   170100 
35165 codespace ./cli kernel images/4096x40        0   169312   169364   170564 
35171 codespace ./cli kernel images/4096x40        0   169336   169388   170560 
%CPU %MEM ARGS Wed Sep 30 20:38:32 UTC 2026
 0.0  0.0 grep --color=auto ./cli       1  2340
31.6  2.0 ./cli kernel images/4096x40   1 168528
32.0  2.0 ./cli kernel images/4096x40   0 170768
32.0  2.0 ./cli kernel images/4096x40   1 170712
32.2  2.1 ./cli kernel images/4096x40   1 171260
32.2  2.1 ./cli kernel images/4096x40   0 171584
  PID User     Command                         Swap      USS      PSS      RSS 
36370 codespace /usr/bin/python3 /usr/bin/s        0    12028    12274    14444 
35169 codespace ./cli kernel images/4096x40        0   167868   167916   169028 
35175 codespace ./cli kernel images/4096x40        0   170100   170153   171368 
35173 codespace ./cli kernel images/4096x40        0   170136   170187   171348 
35171 codespace ./cli kernel images/4096x40        0   170580   170632   171804 
35165 codespace ./cli kernel images/4096x40        0   170772   170823   172024 
%CPU %MEM ARGS Wed Sep 30 20:38:33 UTC 2026
 0.0  0.0 grep --color=auto ./cli       1  2192
31.5  2.0 ./cli kernel images/4096x40   0 169680
32.0  2.1 ./cli kernel images/4096x40   0 171880
32.0  2.1 ./cli kernel images/4096x40   0 172036
32.2  2.1 ./cli kernel images/4096x40   0 172844
32.2  2.1 ./cli kernel images/4096x40   1 172640
  PID User     Command                         Swap      USS      PSS      RSS 
36378 codespace /usr/bin/python3 /usr/bin/s        0    12052    12300    14468 
35169 codespace ./cli kernel images/4096x40        0   168808   168856   169968 
35175 codespace ./cli kernel images/4096x40        0   171004   171057   172272 
35173 codespace ./cli kernel images/4096x40        0   171176   171227   172388 
35165 codespace ./cli kernel images/4096x40        0   171840   171891   173092 
35171 codespace ./cli kernel images/4096x40        0   171944   171996   173168 
%CPU %MEM ARGS Wed Sep 30 20:38:34 UTC 2026
 0.0  0.0 grep --color=auto ./cli       0  2200
31.6  2.1 ./cli kernel images/4096x40   1 170992
31.9  2.1 ./cli kernel images/4096x40   0 172984
32.0  2.1 ./cli kernel images/4096x40   0 173132
32.1  2.1 ./cli kernel images/4096x40   0 173936
32.2  2.1 ./cli kernel images/4096x40   1 174180
  PID User     Command                         Swap      USS      PSS      RSS 
36387 codespace /usr/bin/python3 /usr/bin/s        0    12052    12314    14520 
35169 codespace ./cli kernel images/4096x40        0   170340   170388   171500 
35173 codespace ./cli kernel images/4096x40        0   172496   172547   173708 
35175 codespace ./cli kernel images/4096x40        0   172512   172565   173780 
35171 codespace ./cli kernel images/4096x40        0   173516   173568   174740 
35165 codespace ./cli kernel images/4096x40        0   173616   173668   174868 
%CPU %MEM ARGS Wed Sep 30 20:38:34 UTC 2026
 0.0  0.0 grep --color=auto ./cli       0  2176
31.6  2.1 ./cli kernel images/4096x40   1 172484
32.0  2.1 ./cli kernel images/4096x40   1 174596
32.0  2.1 ./cli kernel images/4096x40   0 174560
32.2  2.1 ./cli kernel images/4096x40   0 175744
32.2  2.1 ./cli kernel images/4096x40   0 175608
  PID User     Command                         Swap      USS      PSS      RSS 
36392 codespace /usr/bin/python3 /usr/bin/s        0    12056    12302    14472 
35169 codespace ./cli kernel images/4096x40        0   171796   171844   172956 
35175 codespace ./cli kernel images/4096x40        0   173920   173973   175188 
35173 codespace ./cli kernel images/4096x40        0   173952   174003   175164 
35171 codespace ./cli kernel images/4096x40        0   174920   174972   176144 
35165 codespace ./cli kernel images/4096x40        0   174928   174982   176180 
%CPU %MEM ARGS Wed Sep 30 20:38:35 UTC 2026
 0.0  0.0 grep --color=auto ./cli       1  2304
31.5  2.1 ./cli kernel images/4096x40   1 173664
31.9  2.1 ./cli kernel images/4096x40   1 175776
32.0  2.1 ./cli kernel images/4096x40   0 175836
32.2  2.1 ./cli kernel images/4096x40   1 176928
32.2  2.1 ./cli kernel images/4096x40   0 176880
  PID User     Command                         Swap      USS      PSS      RSS 
36404 codespace /usr/bin/python3 /usr/bin/s        0    12060    12323    14512 
35169 codespace ./cli kernel images/4096x40        0   173332   173380   174492 
35173 codespace ./cli kernel images/4096x40        0   175188   175239   176400 
35175 codespace ./cli kernel images/4096x40        0   175244   175297   176512 
35171 codespace ./cli kernel images/4096x40        0   176248   176301   177472 
35165 codespace ./cli kernel images/4096x40        0   176464   176516   177716 
%CPU %MEM ARGS Wed Sep 30 20:38:35 UTC 2026
 0.0  0.0 grep --color=auto ./cli       1  2184
31.5  2.1 ./cli kernel images/4096x40   1 175240
31.9  2.1 ./cli kernel images/4096x40   0 177348
32.0  2.1 ./cli kernel images/4096x40   0 177412
32.1  2.1 ./cli kernel images/4096x40   1 178184
32.2  2.1 ./cli kernel images/4096x40   1 178504
  PID User     Command                         Swap      USS      PSS      RSS 
36428 codespace /usr/bin/python3 /usr/bin/s        0    12060    12307    14476 
35169 codespace ./cli kernel images/4096x40        0   174560   174608   175720 
35173 codespace ./cli kernel images/4096x40        0   176688   176739   177900 
35175 codespace ./cli kernel images/4096x40        0   176756   176809   178024 
35171 codespace ./cli kernel images/4096x40        0   177524   177576   178748 
35165 codespace ./cli kernel images/4096x40        0   177692   177743   178944 
%CPU %MEM ARGS Wed Sep 30 20:38:36 UTC 2026
 0.0  0.0 grep --color=auto ./cli       1  2172
31.6  2.1 ./cli kernel images/4096x40   1 176572
32.0  2.1 ./cli kernel images/4096x40   0 178880
32.0  2.2 ./cli kernel images/4096x40   0 178940
32.2  2.2 ./cli kernel images/4096x40   1 179544
32.2  2.2 ./cli kernel images/4096x40   1 179852
  PID User     Command                         Swap      USS      PSS      RSS 
36433 codespace /usr/bin/python3 /usr/bin/s        0    12032    12323    14540 
35169 codespace ./cli kernel images/4096x40        0   175908   175956   177068 
35173 codespace ./cli kernel images/4096x40        0   178232   178283   179444 
35175 codespace ./cli kernel images/4096x40        0   178288   178341   179556 
35171 codespace ./cli kernel images/4096x40        0   178844   178896   180068 
35165 codespace ./cli kernel images/4096x40        0   179028   179079   180280 
%CPU %MEM ARGS Wed Sep 30 20:38:37 UTC 2026
 0.0  0.0 grep --color=auto ./cli       1  2248
31.5  2.1 ./cli kernel images/4096x40   1 177804
32.0  2.2 ./cli kernel images/4096x40   0 180120
32.0  2.2 ./cli kernel images/4096x40   0 180184
32.1  2.2 ./cli kernel images/4096x40   0 180724
32.1  2.2 ./cli kernel images/4096x40   1 181060
  PID User     Command                         Swap      USS      PSS      RSS 
36444 codespace /usr/bin/python3 /usr/bin/s        0    12064    12326    14540 
35169 codespace ./cli kernel images/4096x40        0   177124   177172   178284 
35173 codespace ./cli kernel images/4096x40        0   179500   179551   180712 
35175 codespace ./cli kernel images/4096x40        0   179568   179621   180836 
35171 codespace ./cli kernel images/4096x40        0   180052   180104   181276 
35165 codespace ./cli kernel images/4096x40        0   180244   180296   181496 
%CPU %MEM ARGS Wed Sep 30 20:38:37 UTC 2026
 0.0  0.0 grep --color=auto ./cli       1  2340
31.6  2.2 ./cli kernel images/4096x40   1 179908
31.9  2.2 ./cli kernel images/4096x40   1 181556
31.9  2.2 ./cli kernel images/4096x40   0 181540
32.1  2.2 ./cli kernel images/4096x40   0 182088
32.2  2.2 ./cli kernel images/4096x40   0 182816
  PID User     Command                         Swap      USS      PSS      RSS 
36449 codespace /usr/bin/python3 /usr/bin/s        0    12080    12364    14584 
35169 codespace ./cli kernel images/4096x40        0   179248   179296   180408 
35175 codespace ./cli kernel images/4096x40        0   180908   180961   182176 
35173 codespace ./cli kernel images/4096x40        0   180932   180983   182144 
35171 codespace ./cli kernel images/4096x40        0   181392   181444   182616 
35165 codespace ./cli kernel images/4096x40        0   182000   182051   183252 
%CPU %MEM ARGS Wed Sep 30 20:38:38 UTC 2026
 0.0  0.0 grep --color=auto ./cli       1  2344
31.6  2.2 ./cli kernel images/4096x40   0 181436
31.9  2.2 ./cli kernel images/4096x40   0 182864
32.0  2.2 ./cli kernel images/4096x40   0 183080
32.1  2.2 ./cli kernel images/4096x40   0 183408
32.1  2.2 ./cli kernel images/4096x40   0 184144
  PID User     Command                         Swap      USS      PSS      RSS 
36461 codespace /usr/bin/python3 /usr/bin/s        0    12060    12317    14540 
35169 codespace ./cli kernel images/4096x40        0   180512   180560   181672 
35175 codespace ./cli kernel images/4096x40        0   181892   181945   183160 
35173 codespace ./cli kernel images/4096x40        0   182136   182187   183348 
35171 codespace ./cli kernel images/4096x40        0   182420   182472   183644 
35165 codespace ./cli kernel images/4096x40        0   183072   183124   184324 
%CPU %MEM ARGS Wed Sep 30 20:38:38 UTC 2026
 0.0  0.0 grep --color=auto ./cli       0  2212
31.7  2.2 ./cli kernel images/4096x40   1 182788
31.9  2.2 ./cli kernel images/4096x40   0 183988
31.9  2.2 ./cli kernel images/4096x40   1 183972
32.0  2.2 ./cli kernel images/4096x40   0 184308
32.1  2.2 ./cli kernel images/4096x40   0 185040
  PID User     Command                         Swap      USS      PSS      RSS 
36466 codespace /usr/bin/python3 /usr/bin/s        0    12068    12347    14576 
35169 codespace ./cli kernel images/4096x40        0   182104   182152   183264 
35175 codespace ./cli kernel images/4096x40        0   183332   183385   184600 
35173 codespace ./cli kernel images/4096x40        0   183348   183399   184560 
35171 codespace ./cli kernel images/4096x40        0   183624   183677   184848 
35165 codespace ./cli kernel images/4096x40        0   184228   184280   185480 
%CPU %MEM ARGS Wed Sep 30 20:38:39 UTC 2026
 0.0  0.0 grep --color=auto ./cli       1  2192
31.7  2.2 ./cli kernel images/4096x40   1 184364
31.9  2.2 ./cli kernel images/4096x40   0 185332
32.0  2.2 ./cli kernel images/4096x40   1 185544
32.0  2.2 ./cli kernel images/4096x40   0 185680
32.1  2.2 ./cli kernel images/4096x40   0 186396
  PID User     Command                         Swap      USS      PSS      RSS 
36472 codespace /usr/bin/python3 /usr/bin/s        0    12060    12312    14476 
35169 codespace ./cli kernel images/4096x40        0   183716   183764   184876 
35173 codespace ./cli kernel images/4096x40        0   184724   184775   185936 
35175 codespace ./cli kernel images/4096x40        0   184928   184981   186196 
35171 codespace ./cli kernel images/4096x40        0   185012   185064   186236 
35165 codespace ./cli kernel images/4096x40        0   185612   185663   186864 
%CPU %MEM ARGS Wed Sep 30 20:38:40 UTC 2026
 0.0  0.0 grep --color=auto ./cli       0  2156
31.8  2.2 ./cli kernel images/4096x40   1 185928
31.9  2.2 ./cli kernel images/4096x40   0 186708
32.0  2.3 ./cli kernel images/4096x40   1 187108
32.0  2.2 ./cli kernel images/4096x40   0 187044
32.1  2.3 ./cli kernel images/4096x40   0 187772
  PID User     Command                         Swap      USS      PSS      RSS 
36479 codespace /usr/bin/python3 /usr/bin/s        0    12052    12302    14468 
35169 codespace ./cli kernel images/4096x40        0   185392   185440   186552 
35173 codespace ./cli kernel images/4096x40        0   186100   186151   187312 
35171 codespace ./cli kernel images/4096x40        0   186356   186408   187580 
35175 codespace ./cli kernel images/4096x40        0   186660   186713   187928 
35165 codespace ./cli kernel images/4096x40        0   186956   187008   188208 
%CPU %MEM ARGS Wed Sep 30 20:38:40 UTC 2026
 0.0  0.0 grep --color=auto ./cli       0  2204
31.8  2.3 ./cli kernel images/4096x40   1 187544
31.9  2.3 ./cli kernel images/4096x40   0 188172
32.0  2.3 ./cli kernel images/4096x40   0 188608
32.0  2.3 ./cli kernel images/4096x40   1 188476
32.1  2.3 ./cli kernel images/4096x40   0 189204
  PID User     Command                         Swap      USS      PSS      RSS 
36489 codespace /usr/bin/python3 /usr/bin/s        0    12012    12270    14496 
35169 codespace ./cli kernel images/4096x40        0   186860   186908   188020 
35173 codespace ./cli kernel images/4096x40        0   187532   187583   188744 
35171 codespace ./cli kernel images/4096x40        0   187780   187832   189004 
35175 codespace ./cli kernel images/4096x40        0   187960   188013   189228 
35165 codespace ./cli kernel images/4096x40        0   188388   188440   189640 
%CPU %MEM ARGS Wed Sep 30 20:38:41 UTC 2026
 0.0  0.0 grep --color=auto ./cli       1  2192
31.8  2.3 ./cli kernel images/4096x40   1 189076
31.9  2.3 ./cli kernel images/4096x40   0 189528
32.0  2.3 ./cli kernel images/4096x40   0 189980
32.1  2.3 ./cli kernel images/4096x40   0 190000
32.1  2.3 ./cli kernel images/4096x40   0 190572
  PID User     Command                         Swap      USS      PSS      RSS 
36495 codespace /usr/bin/python3 /usr/bin/s        0    12068    12340    14516 
35169 codespace ./cli kernel images/4096x40        0   188556   188604   189716 
35173 codespace ./cli kernel images/4096x40        0   188888   188939   190100 
35171 codespace ./cli kernel images/4096x40        0   189304   189357   190528 
35175 codespace ./cli kernel images/4096x40        0   189316   189369   190584 
35165 codespace ./cli kernel images/4096x40        0   189744   189795   190996 
%CPU %MEM ARGS Wed Sep 30 20:38:41 UTC 2026
 0.0  0.0 grep --color=auto ./cli       1  2184
31.9  2.3 ./cli kernel images/4096x40   0 190688
31.9  2.3 ./cli kernel images/4096x40   1 190836
32.0  2.3 ./cli kernel images/4096x40   1 191208
32.1  2.3 ./cli kernel images/4096x40   1 191416
32.1  2.3 ./cli kernel images/4096x40   0 191984
  PID User     Command                         Swap      USS      PSS      RSS 
36500 codespace /usr/bin/python3 /usr/bin/s        0    12056    12303    14616 
35169 codespace ./cli kernel images/4096x40        0   190016   190064   191176 
35173 codespace ./cli kernel images/4096x40        0   190288   190339   191500 
35175 codespace ./cli kernel images/4096x40        0   190656   190703   191924 
35171 codespace ./cli kernel images/4096x40        0   190656   190708   191880 
35165 codespace ./cli kernel images/4096x40        0   191176   191227   192428 
%CPU %MEM ARGS Wed Sep 30 20:38:42 UTC 2026
 0.0  0.0 grep --color=auto ./cli       1  2292
31.8  2.3 ./cli kernel images/4096x40   1 191964
31.9  2.3 ./cli kernel images/4096x40   0 192160
32.0  2.3 ./cli kernel images/4096x40   0 192528
32.1  2.3 ./cli kernel images/4096x40   1 193060
32.1  2.3 ./cli kernel images/4096x40   0 193216
  PID User     Command                         Swap      USS      PSS      RSS 
36512 codespace /usr/bin/python3 /usr/bin/s        0    12056    12281    14540 
35169 codespace ./cli kernel images/4096x40        0   191288   191335   192448 
35173 codespace ./cli kernel images/4096x40        0   191516   191566   192728 
35175 codespace ./cli kernel images/4096x40        0   191876   191927   193144 
35165 codespace ./cli kernel images/4096x40        0   192344   192394   193596 
35171 codespace ./cli kernel images/4096x40        0   192356   192407   193580 
%CPU %MEM ARGS Wed Sep 30 20:38:43 UTC 2026
 0.0  0.0 grep --color=auto ./cli       0  2248
31.8  2.3 ./cli kernel images/4096x40   1 193168
31.9  2.3 ./cli kernel images/4096x40   1 193396
32.0  2.3 ./cli kernel images/4096x40   0 194208
32.1  2.3 ./cli kernel images/4096x40   0 194464
32.1  2.3 ./cli kernel images/4096x40   1 194260
  PID User     Command                         Swap      USS      PSS      RSS 
36524 codespace /usr/bin/python3 /usr/bin/s        0    12052    12300    14468 
35173 codespace ./cli kernel images/4096x40        0   192740   192791   193952 
35169 codespace ./cli kernel images/4096x40        0   192812   192860   193972 
35175 codespace ./cli kernel images/4096x40        0   193604   193657   194872 
35165 codespace ./cli kernel images/4096x40        0   193652   193703   194904 
35171 codespace ./cli kernel images/4096x40        0   193948   194000   195172 
%CPU %MEM ARGS Wed Sep 30 20:38:43 UTC 2026
 0.0  0.0 grep --color=auto ./cli       0  2172
31.8  2.3 ./cli kernel images/4096x40   1 194796
31.9  2.3 ./cli kernel images/4096x40   0 195040
32.0  2.4 ./cli kernel images/4096x40   0 195716
32.0  2.4 ./cli kernel images/4096x40   1 195876
32.1  2.4 ./cli kernel images/4096x40   0 195984
  PID User     Command                         Swap      USS      PSS      RSS 
36529 codespace /usr/bin/python3 /usr/bin/s        0    12028    12294    14480 
35173 codespace ./cli kernel images/4096x40        0   194220   194271   195432 
35169 codespace ./cli kernel images/4096x40        0   194412   194460   195572 
35165 codespace ./cli kernel images/4096x40        0   195100   195152   196352 
35175 codespace ./cli kernel images/4096x40        0   195148   195201   196416 
35171 codespace ./cli kernel images/4096x40        0   195368   195421   196592 
%CPU %MEM ARGS Wed Sep 30 20:38:44 UTC 2026
 0.0  0.0 grep --color=auto ./cli       0  2192
31.8  2.4 ./cli kernel images/4096x40   1 196132
31.9  2.4 ./cli kernel images/4096x40   1 196372
32.0  2.4 ./cli kernel images/4096x40   1 197200
32.0  2.4 ./cli kernel images/4096x40   0 197364
32.1  2.4 ./cli kernel images/4096x40   1 197452
  PID User     Command                         Swap      USS      PSS      RSS 
36538 codespace /usr/bin/python3 /usr/bin/s        0    12052    12335    14580 
35173 codespace ./cli kernel images/4096x40        0   195392   195443   196604 
35169 codespace ./cli kernel images/4096x40        0   195572   195620   196732 
35165 codespace ./cli kernel images/4096x40        0   196272   196323   197524 
35171 codespace ./cli kernel images/4096x40        0   196652   196704   197876 
35175 codespace ./cli kernel images/4096x40        0   196828   196880   198096 
%CPU %MEM ARGS Wed Sep 30 20:38:45 UTC 2026
 0.0  0.0 grep --color=auto ./cli       1  2176
31.8  2.4 ./cli kernel images/4096x40   1 197360
31.9  2.4 ./cli kernel images/4096x40   0 197808
32.0  2.4 ./cli kernel images/4096x40   1 200648
32.1  2.4 ./cli kernel images/4096x40   0 203288
32.1  2.4 ./cli kernel images/4096x40   1 202216
  PID User     Command                         Swap      USS      PSS      RSS 
36547 codespace /usr/bin/python3 /usr/bin/s        0    12056    12312    14540 
35173 codespace ./cli kernel images/4096x40        0   196828   196879   198040 
35169 codespace ./cli kernel images/4096x40        0   199116   199167   200340 
35165 codespace ./cli kernel images/4096x40        0   201892   201943   203144 
35171 codespace ./cli kernel images/4096x40        0   204032   204087   205320 
35175 codespace ./cli kernel images/4096x40        0   205568   205621   206836 
%CPU %MEM ARGS Wed Sep 30 20:38:45 UTC 2026
 0.0  0.0 grep --color=auto ./cli       0  2184
31.8  2.4 ./cli kernel images/4096x40   1 202252
31.9  2.5 ./cli kernel images/4096x40   0 205220
32.0  2.5 ./cli kernel images/4096x40   0 207868
32.1  2.5 ./cli kernel images/4096x40   1 210704
32.1  2.5 ./cli kernel images/4096x40   0 209488
  PID User     Command                         Swap      USS      PSS      RSS 
36558 codespace /usr/bin/python3 /usr/bin/s        0    12064    12321    14480 
35173 codespace ./cli kernel images/4096x40        0   204376   204427   205588 
35169 codespace ./cli kernel images/4096x40        0   206808   206859   208032 
35165 codespace ./cli kernel images/4096x40        0   209200   209251   210452 
35171 codespace ./cli kernel images/4096x40        0   211320   211375   212608 
35175 codespace ./cli kernel images/4096x40        0   216976   217029   218244 
%CPU %MEM ARGS Wed Sep 30 20:38:46 UTC 2026
 0.0  0.0 grep --color=auto ./cli       0  2172
31.8  2.5 ./cli kernel images/4096x40   1 209620
31.8  2.6 ./cli kernel images/4096x40   1 212696
32.0  2.6 ./cli kernel images/4096x40   1 215396
32.1  2.6 ./cli kernel images/4096x40   0 218784
32.1  2.7 ./cli kernel images/4096x40   0 222272
  PID User     Command                         Swap      USS      PSS      RSS 
36575 codespace /usr/bin/python3 /usr/bin/s        0    12064    12312    14480 
35173 codespace ./cli kernel images/4096x40        0   211716   211767   212928 
35169 codespace ./cli kernel images/4096x40        0   214036   214084   215260 
35165 codespace ./cli kernel images/4096x40        0   216192   216244   217444 
35171 codespace ./cli kernel images/4096x40        0   220460   220515   221748 
35175 codespace ./cli kernel images/4096x40        0   224540   224593   225808 
%CPU %MEM ARGS Wed Sep 30 20:38:46 UTC 2026
 0.0  0.0 grep --color=auto ./cli       1  2252
31.7  2.6 ./cli kernel images/4096x40   1 216976
31.8  2.7 ./cli kernel images/4096x40   0 220744
31.9  2.7 ./cli kernel images/4096x40   1 222696
32.1  2.7 ./cli kernel images/4096x40   0 227536
32.1  2.8 ./cli kernel images/4096x40   1 229456
  PID User     Command                         Swap      USS      PSS      RSS 
36586 codespace /usr/bin/python3 /usr/bin/s        0    12024    12276    14440 
35173 codespace ./cli kernel images/4096x40        0   219016   219067   220228 
35169 codespace ./cli kernel images/4096x40        0   222248   222299   223472 
35165 codespace ./cli kernel images/4096x40        0   223820   223872   225072 
35171 codespace ./cli kernel images/4096x40        0   229296   229351   230584 
35175 codespace ./cli kernel images/4096x40        0   231832   231885   233100 
%CPU %MEM ARGS Wed Sep 30 20:38:47 UTC 2026
 0.0  0.0 grep --color=auto ./cli       0  2212
31.7  2.7 ./cli kernel images/4096x40   1 224992
31.8  2.8 ./cli kernel images/4096x40   1 228716
31.9  2.8 ./cli kernel images/4096x40   1 230508
32.1  2.9 ./cli kernel images/4096x40   0 236700
32.1  2.8 ./cli kernel images/4096x40   0 235580
  PID User     Command                         Swap      USS      PSS      RSS 
36592 codespace /usr/bin/python3 /usr/bin/s        0    12060    12318    14540 
35173 codespace ./cli kernel images/4096x40        0   227144   227195   228356 
35169 codespace ./cli kernel images/4096x40        0   230240   230291   231464 
35165 codespace ./cli kernel images/4096x40        0   231676   231728   232928 
35171 codespace ./cli kernel images/4096x40        0   237164   237219   238452 
35175 codespace ./cli kernel images/4096x40        0   238860   238913   240128 
%CPU %MEM ARGS Wed Sep 30 20:38:48 UTC 2026
 0.0  0.0 grep --color=auto ./cli       1  2152
31.8  2.8 ./cli kernel images/4096x40   1 232228
31.8  2.9 ./cli kernel images/4096x40   1 236024
31.9  2.9 ./cli kernel images/4096x40   1 237816
32.1  3.0 ./cli kernel images/4096x40   0 244052
32.2  3.0 ./cli kernel images/4096x40   0 245100
  PID User     Command                         Swap      USS      PSS      RSS 
36598 codespace /usr/bin/python3 /usr/bin/s        0    12024    12248    14444 
35173 codespace ./cli kernel images/4096x40        0   234632   234682   235844 
35169 codespace ./cli kernel images/4096x40        0   237868   237918   239092 
35165 codespace ./cli kernel images/4096x40        0   239252   239302   240504 
35175 codespace ./cli kernel images/4096x40        0   246752   246803   248020 
35171 codespace ./cli kernel images/4096x40        0   247120   247174   248408 
%CPU %MEM ARGS Wed Sep 30 20:38:48 UTC 2026
 0.0  0.0 grep --color=auto ./cli       0  2180
31.7  2.9 ./cli kernel images/4096x40   1 240772
31.8  3.0 ./cli kernel images/4096x40   1 244520
31.9  3.0 ./cli kernel images/4096x40   0 245952
32.0  3.0 ./cli kernel images/4096x40   0 250984
32.1  3.1 ./cli kernel images/4096x40   0 253224
  PID User     Command                         Swap      USS      PSS      RSS 
36612 codespace /usr/bin/python3 /usr/bin/s        0    12060    12312    14476 
35173 codespace ./cli kernel images/4096x40        0   244064   244115   245276 
35165 codespace ./cli kernel images/4096x40        0   247088   247140   248340 
35169 codespace ./cli kernel images/4096x40        0   247304   247355   248528 
35175 codespace ./cli kernel images/4096x40        0   253500   253553   254768 
35171 codespace ./cli kernel images/4096x40        0   255104   255159   256392 
%CPU %MEM ARGS Wed Sep 30 20:38:49 UTC 2026
 0.0  0.0 grep --color=auto ./cli       1  2176
31.7  3.0 ./cli kernel images/4096x40   0 249396
31.8  3.1 ./cli kernel images/4096x40   1 253156
31.9  3.1 ./cli kernel images/4096x40   0 254480
32.0  3.1 ./cli kernel images/4096x40   0 259592
32.1  3.2 ./cli kernel images/4096x40   1 260748
  PID User     Command                         Swap      USS      PSS      RSS 
36621 codespace /usr/bin/python3 /usr/bin/s        0    12080    12337    14496 
35173 codespace ./cli kernel images/4096x40        0   251436   251487   252648 
35169 codespace ./cli kernel images/4096x40        0   254596   254647   255820 
35165 codespace ./cli kernel images/4096x40        0   255720   255772   256972 
35175 codespace ./cli kernel images/4096x40        0   261880   261933   263148 
35171 codespace ./cli kernel images/4096x40        0   262532   262587   263820 
%CPU %MEM ARGS Wed Sep 30 20:38:50 UTC 2026
 0.0  0.0 grep --color=auto ./cli       0  2200
31.7  3.1 ./cli kernel images/4096x40   0 257220
31.8  3.2 ./cli kernel images/4096x40   1 261528
31.9  3.2 ./cli kernel images/4096x40   0 262396
32.0  3.2 ./cli kernel images/4096x40   1 267000
32.1  3.3 ./cli kernel images/4096x40   1 269084
  PID User     Command                         Swap      USS      PSS      RSS 
36627 codespace /usr/bin/python3 /usr/bin/s        0    12056    12308    14472 
35173 codespace ./cli kernel images/4096x40        0   259980   260031   261192 
35169 codespace ./cli kernel images/4096x40        0   263252   263303   264476 
35165 codespace ./cli kernel images/4096x40        0   264096   264148   265348 
35175 codespace ./cli kernel images/4096x40        0   269788   269841   271056 
35171 codespace ./cli kernel images/4096x40        0   271120   271175   272408 
%CPU %MEM ARGS Wed Sep 30 20:38:50 UTC 2026
 0.0  0.0 grep --color=auto ./cli       0  2168
31.8  3.2 ./cli kernel images/4096x40   0 265952
31.8  3.3 ./cli kernel images/4096x40   0 269788
31.9  3.3 ./cli kernel images/4096x40   0 271068
32.1  3.3 ./cli kernel images/4096x40   1 275884
32.2  3.4 ./cli kernel images/4096x40   1 277892
  PID User     Command                         Swap      USS      PSS      RSS 
36632 codespace /usr/bin/python3 /usr/bin/s        0    12060    12319    14536 
35173 codespace ./cli kernel images/4096x40        0   268500   268551   269712 
35169 codespace ./cli kernel images/4096x40        0   271816   271867   273040 
35165 codespace ./cli kernel images/4096x40        0   272572   272624   273824 
35175 codespace ./cli kernel images/4096x40        0   278700   278753   279968 
35171 codespace ./cli kernel images/4096x40        0   279972   280022   281260 
%CPU %MEM ARGS Wed Sep 30 20:38:51 UTC 2026
 0.0  0.0 grep --color=auto ./cli       0  2172
31.7  3.3 ./cli kernel images/4096x40   1 273884
31.9  3.4 ./cli kernel images/4096x40   1 278776
32.0  3.4 ./cli kernel images/4096x40   0 280412
32.0  3.4 ./cli kernel images/4096x40   1 283828
32.2  3.5 ./cli kernel images/4096x40   0 286060
  PID User     Command                         Swap      USS      PSS      RSS 
36644 codespace /usr/bin/python3 /usr/bin/s        0    12060    12323    14512 
35173 codespace ./cli kernel images/4096x40        0   276636   276687   277848 
35169 codespace ./cli kernel images/4096x40        0   280772   280823   281996 
35165 codespace ./cli kernel images/4096x40        0   283664   283716   284916 
35171 codespace ./cli kernel images/4096x40        0   287892   287947   289180 
35175 codespace ./cli kernel images/4096x40        0   288112   288165   289380 
%CPU %MEM ARGS Wed Sep 30 20:38:52 UTC 2026
 0.0  0.0 grep --color=auto ./cli       1  2180
31.7  3.4 ./cli kernel images/4096x40   0 282360
31.9  3.5 ./cli kernel images/4096x40   1 287792
32.0  3.5 ./cli kernel images/4096x40   1 290808
32.1  3.6 ./cli kernel images/4096x40   1 293428
32.2  3.6 ./cli kernel images/4096x40   0 294516
  PID User     Command                         Swap      USS      PSS      RSS 
36650 codespace /usr/bin/python3 /usr/bin/s        0    12056    12326    14472 
35173 codespace ./cli kernel images/4096x40        0   284904   284955   286116 
35169 codespace ./cli kernel images/4096x40        0   289568   289619   290792 
35165 codespace ./cli kernel images/4096x40        0   292560   292611   293812 
35175 codespace ./cli kernel images/4096x40        0   296192   296245   297460 
35171 codespace ./cli kernel images/4096x40        0   296276   296331   297564 
%CPU %MEM ARGS Wed Sep 30 20:38:52 UTC 2026
 0.0  0.0 grep --color=auto ./cli       0  2160
31.7  3.5 ./cli kernel images/4096x40   0 290872
31.9  3.6 ./cli kernel images/4096x40   1 297056
32.0  3.7 ./cli kernel images/4096x40   1 301816
32.1  3.7 ./cli kernel images/4096x40   0 302988
32.1  3.7 ./cli kernel images/4096x40   1 302572
  PID User     Command                         Swap      USS      PSS      RSS 
36655 codespace /usr/bin/python3 /usr/bin/s        0    12060    12308    14476 
35173 codespace ./cli kernel images/4096x40        0   294076   294126   295288 
35169 codespace ./cli kernel images/4096x40        0   298508   298559   299732 
35175 codespace ./cli kernel images/4096x40        0   304096   304149   305364 
35171 codespace ./cli kernel images/4096x40        0   304148   304203   305436 
35165 codespace ./cli kernel images/4096x40        0   304940   304991   306192 
%CPU %MEM ARGS Wed Sep 30 20:38:53 UTC 2026
 0.0  0.0 grep --color=auto ./cli       1  2180
31.8  3.6 ./cli kernel images/4096x40   0 300652
31.9  3.7 ./cli kernel images/4096x40   0 305252
32.0  3.7 ./cli kernel images/4096x40   1 309012
32.1  3.8 ./cli kernel images/4096x40   1 310876
32.1  3.8 ./cli kernel images/4096x40   1 309640
  PID User     Command                         Swap      USS      PSS      RSS 
36667 codespace /usr/bin/python3 /usr/bin/s        0    12056    12321    14508 
35173 codespace ./cli kernel images/4096x40        0   304500   304551   305712 
35169 codespace ./cli kernel images/4096x40        0   306332   306383   307556 
35175 codespace ./cli kernel images/4096x40        0   311504   311557   312772 
35171 codespace ./cli kernel images/4096x40        0   311552   311607   312840 
35165 codespace ./cli kernel images/4096x40        0   312352   312404   313604 
%CPU %MEM ARGS Wed Sep 30 20:38:54 UTC 2026
 0.0  0.0 grep --color=auto ./cli       0  2152
31.8  3.8 ./cli kernel images/4096x40   1 311296
31.9  3.8 ./cli kernel images/4096x40   0 311444
32.0  3.8 ./cli kernel images/4096x40   1 315728
32.0  3.9 ./cli kernel images/4096x40   1 317556
32.0  3.8 ./cli kernel images/4096x40   0 316328
  PID User     Command                         Swap      USS      PSS      RSS 
36678 codespace /usr/bin/python3 /usr/bin/s        0    12032    12283    14448 
35173 codespace ./cli kernel images/4096x40        0   314216   314267   315428 
35169 codespace ./cli kernel images/4096x40        0   314324   314375   315548 
35171 codespace ./cli kernel images/4096x40        0   318540   318595   319828 
35165 codespace ./cli kernel images/4096x40        0   318904   318955   320156 
35175 codespace ./cli kernel images/4096x40        0   320488   320540   321756 
%CPU %MEM ARGS Wed Sep 30 20:38:54 UTC 2026
 0.0  0.0 grep --color=auto ./cli       1  2168
31.8  3.9 ./cli kernel images/4096x40   0 321612
31.9  3.9 ./cli kernel images/4096x40   0 321920
32.0  4.0 ./cli kernel images/4096x40   1 325784
32.0  3.9 ./cli kernel images/4096x40   1 324964
32.0  4.0 ./cli kernel images/4096x40   1 327660
  PID User     Command                         Swap      USS      PSS      RSS 
36684 codespace /usr/bin/python3 /usr/bin/s        0    12048    12310    14516 
35169 codespace ./cli kernel images/4096x40        0   323160   323211   324384 
35173 codespace ./cli kernel images/4096x40        0   324348   324399   325560 
35171 codespace ./cli kernel images/4096x40        0   327308   327363   328596 
35165 codespace ./cli kernel images/4096x40        0   328944   328998   330196 
35175 codespace ./cli kernel images/4096x40        0   328960   329013   330228 
%CPU %MEM ARGS Wed Sep 30 20:38:55 UTC 2026
 0.0  0.0 grep --color=auto ./cli       0  2164
31.8  4.0 ./cli kernel images/4096x40   0 330160
31.9  4.0 ./cli kernel images/4096x40   0 330492
32.0  4.1 ./cli kernel images/4096x40   1 333952
32.0  4.0 ./cli kernel images/4096x40   1 333136
32.0  4.1 ./cli kernel images/4096x40   1 335748
  PID User     Command                         Swap      USS      PSS      RSS 
36696 codespace /usr/bin/python3 /usr/bin/s        0    12056    12321    14472 
35169 codespace ./cli kernel images/4096x40        0   332744   332795   333968 
35173 codespace ./cli kernel images/4096x40        0   333204   333255   334416 
35171 codespace ./cli kernel images/4096x40        0   336160   336215   337448 
35165 codespace ./cli kernel images/4096x40        0   337368   337419   338620 
35175 codespace ./cli kernel images/4096x40        0   339864   339917   341132 
%CPU %MEM ARGS Wed Sep 30 20:38:56 UTC 2026
 0.0  0.0 grep --color=auto ./cli       0  2204
31.8  4.1 ./cli kernel images/4096x40   0 338144
31.8  4.1 ./cli kernel images/4096x40   0 339432
32.0  4.2 ./cli kernel images/4096x40   1 341660
32.0  4.2 ./cli kernel images/4096x40   0 344824
32.0  4.2 ./cli kernel images/4096x40   1 344240
  PID User     Command                         Swap      USS      PSS      RSS 
36720 codespace /usr/bin/python3 /usr/bin/s        0    12056    12309    14472 
35173 codespace ./cli kernel images/4096x40        0   340796   340847   342008 
35169 codespace ./cli kernel images/4096x40        0   341148   341199   342372 
35171 codespace ./cli kernel images/4096x40        0   343756   343811   345044 
35165 codespace ./cli kernel images/4096x40        0   345472   345523   346724 
35175 codespace ./cli kernel images/4096x40        0   348140   348193   349408 
%CPU %MEM ARGS Wed Sep 30 20:38:56 UTC 2026
 0.0  0.0 grep --color=auto ./cli       0  2172
31.8  4.2 ./cli kernel images/4096x40   0 346620
31.8  4.2 ./cli kernel images/4096x40   1 347800
32.0  4.3 ./cli kernel images/4096x40   0 353424
32.0  4.3 ./cli kernel images/4096x40   1 350808
32.0  4.3 ./cli kernel images/4096x40   1 353364
  PID User     Command                         Swap      USS      PSS      RSS 
36725 codespace /usr/bin/python3 /usr/bin/s        0    12068    12340    14516 
35173 codespace ./cli kernel images/4096x40        0   349152   349203   350364 
35169 codespace ./cli kernel images/4096x40        0   349700   349751   350924 
35171 codespace ./cli kernel images/4096x40        0   353040   353095   354328 
35165 codespace ./cli kernel images/4096x40        0   354704   354755   355956 
35175 codespace ./cli kernel images/4096x40        0   356408   356460   357676 
%CPU %MEM ARGS Wed Sep 30 20:38:57 UTC 2026
 0.0  0.0 grep --color=auto ./cli       1  2176
31.8  4.3 ./cli kernel images/4096x40   1 355844
31.8  4.3 ./cli kernel images/4096x40   0 354552
32.0  4.4 ./cli kernel images/4096x40   0 361356
32.0  4.4 ./cli kernel images/4096x40   1 358816
32.0  4.4 ./cli kernel images/4096x40   1 361368
  PID User     Command                         Swap      USS      PSS      RSS 
36737 codespace /usr/bin/python3 /usr/bin/s        0    12060    12307    14476 
35173 codespace ./cli kernel images/4096x40        0   357148   357199   358360 
35169 codespace ./cli kernel images/4096x40        0   357800   357851   359024 
35171 codespace ./cli kernel images/4096x40        0   361164   361219   362452 
35165 codespace ./cli kernel images/4096x40        0   362764   362815   364016 
35175 codespace ./cli kernel images/4096x40        0   364280   364333   365548 
%CPU %MEM ARGS Wed Sep 30 20:38:58 UTC 2026
 0.0  0.0 grep --color=auto ./cli       1  2172
31.8  4.4 ./cli kernel images/4096x40   1 364216
31.8  4.4 ./cli kernel images/4096x40   0 363696
32.0  4.5 ./cli kernel images/4096x40   1 367288
32.0  4.5 ./cli kernel images/4096x40   1 369800
32.0  4.5 ./cli kernel images/4096x40   0 370432
  PID User     Command                         Swap      USS      PSS      RSS 
36743 codespace /usr/bin/python3 /usr/bin/s        0    12060    12313    14540 
35173 codespace ./cli kernel images/4096x40        0   365344   365395   366556 
35169 codespace ./cli kernel images/4096x40        0   365704   365755   366928 
35171 codespace ./cli kernel images/4096x40        0   368972   369027   370260 
35165 codespace ./cli kernel images/4096x40        0   371004   371055   372256 
35175 codespace ./cli kernel images/4096x40        0   373548   373601   374816 
%CPU %MEM ARGS Wed Sep 30 20:38:58 UTC 2026
 0.0  0.0 grep --color=auto ./cli       1  2200
31.8  4.5 ./cli kernel images/4096x40   1 371268
31.8  4.5 ./cli kernel images/4096x40   1 371188
32.0  4.6 ./cli kernel images/4096x40   0 375044
32.0  4.6 ./cli kernel images/4096x40   1 377664
32.0  4.6 ./cli kernel images/4096x40   0 379184
  PID User     Command                         Swap      USS      PSS      RSS 
36748 codespace /usr/bin/python3 /usr/bin/s        0    12052    12313    14520 
35169 codespace ./cli kernel images/4096x40        0   372456   372507   373680 
35173 codespace ./cli kernel images/4096x40        0   373804   373855   375016 
35171 codespace ./cli kernel images/4096x40        0   377392   377447   378680 
35165 codespace ./cli kernel images/4096x40        0   379008   379060   380260 
35175 codespace ./cli kernel images/4096x40        0   381176   381229   382444 
%CPU %MEM ARGS Wed Sep 30 20:38:59 UTC 2026
 0.0  0.0 grep --color=auto ./cli       1  2180
31.8  4.6 ./cli kernel images/4096x40   1 378616
31.8  4.6 ./cli kernel images/4096x40   0 379496
32.0  4.7 ./cli kernel images/4096x40   0 383340
32.0  4.7 ./cli kernel images/4096x40   0 387092
32.0  4.7 ./cli kernel images/4096x40   1 387420
  PID User     Command                         Swap      USS      PSS      RSS 
36754 codespace /usr/bin/python3 /usr/bin/s        0    12056    12317    14460 
35169 codespace ./cli kernel images/4096x40        0   382140   382191   383364 
35173 codespace ./cli kernel images/4096x40        0   383040   383091   384252 
35171 codespace ./cli kernel images/4096x40        0   385872   385927   387160 
35165 codespace ./cli kernel images/4096x40        0   389920   389971   391172 
35175 codespace ./cli kernel images/4096x40        0   390768   390821   392036 
%CPU %MEM ARGS Wed Sep 30 20:39:00 UTC 2026
 0.0  0.0 grep --color=auto ./cli       1  2160
31.8  4.7 ./cli kernel images/4096x40   0 389136
31.8  4.7 ./cli kernel images/4096x40   1 388436
31.9  4.8 ./cli kernel images/4096x40   0 392384
32.0  4.8 ./cli kernel images/4096x40   1 394592
32.0  4.8 ./cli kernel images/4096x40   1 394572
  PID User     Command                         Swap      USS      PSS      RSS 
36772 codespace /usr/bin/python3 /usr/bin/s        0    12060    12311    14476 
35173 codespace ./cli kernel images/4096x40        0   393312   393363   394524 
35165 codespace ./cli kernel images/4096x40        0   393320   393371   394572 
35169 codespace ./cli kernel images/4096x40        0   393324   393375   394548 
35175 codespace ./cli kernel images/4096x40        0   393324   393377   394592 
35171 codespace ./cli kernel images/4096x40        0   393324   393379   394612 
%CPU %MEM ARGS Wed Sep 30 20:39:01 UTC 2026
 0.0  0.0 grep --color=auto ./cli       0  2180
31.7  4.8 ./cli kernel images/4096x40   0 394548
31.7  4.8 ./cli kernel images/4096x40   0 394532
31.8  4.8 ./cli kernel images/4096x40   0 394592
31.9  4.8 ./cli kernel images/4096x40   0 394612
31.9  4.8 ./cli kernel images/4096x40   0 394572
  PID User     Command                         Swap      USS      PSS      RSS 
36778 codespace /usr/bin/python3 /usr/bin/s        0    12056    12317    14524 
35165 codespace ./cli kernel images/4096x40        0   393320   393371   394572 
35173 codespace ./cli kernel images/4096x40        0   393320   393371   394532 
35169 codespace ./cli kernel images/4096x40        0   393324   393375   394548 
35175 codespace ./cli kernel images/4096x40        0   393324   393377   394592 
35171 codespace ./cli kernel images/4096x40        0   393324   393379   394612 
%CPU %MEM ARGS Wed Sep 30 20:39:01 UTC 2026
 0.0  0.0 grep --color=auto ./cli       0  2184
31.6  4.8 ./cli kernel images/4096x40   0 394548
31.7  4.8 ./cli kernel images/4096x40   0 394532
31.8  4.8 ./cli kernel images/4096x40   0 394592
31.8  4.8 ./cli kernel images/4096x40   1 394612
31.8  4.8 ./cli kernel images/4096x40   1 394572
  PID User     Command                         Swap      USS      PSS      RSS 
36786 codespace /usr/bin/python3 /usr/bin/s        0    12060    12338    14508 
35165 codespace ./cli kernel images/4096x40        0   393320   393371   394572 
35173 codespace ./cli kernel images/4096x40        0   393320   393371   394532 
35169 codespace ./cli kernel images/4096x40        0   393324   393375   394548 
35175 codespace ./cli kernel images/4096x40        0   393324   393377   394592 
35171 codespace ./cli kernel images/4096x40        0   393324   393379   394612 
%CPU %MEM ARGS Wed Sep 30 20:39:02 UTC 2026
 0.0  0.0 grep --color=auto ./cli       1  2304
31.4  4.8 ./cli kernel images/4096x40   0 394548
31.5  4.8 ./cli kernel images/4096x40   1 394532
31.6  4.8 ./cli kernel images/4096x40   0 394592
31.6  4.8 ./cli kernel images/4096x40   0 394612
31.7  4.8 ./cli kernel images/4096x40   0 394572
  PID User     Command                         Swap      USS      PSS      RSS 
36795 codespace /usr/bin/python3 /usr/bin/s        0    12068    12321    14484 
35165 codespace ./cli kernel images/4096x40        0   393320   393371   394572 
35173 codespace ./cli kernel images/4096x40        0   393320   393371   394532 
35169 codespace ./cli kernel images/4096x40        0   393324   393375   394548 
35175 codespace ./cli kernel images/4096x40        0   393324   393377   394592 
35171 codespace ./cli kernel images/4096x40        0   393324   393379   394612 
%CPU %MEM ARGS Wed Sep 30 20:39:04 UTC 2026
 0.0  0.0 grep --color=auto ./cli       1  2156
31.3  4.8 ./cli kernel images/4096x40   0 394548
31.4  4.8 ./cli kernel images/4096x40   0 394592
31.5  4.8 ./cli kernel images/4096x40   0 394612
31.6  4.8 ./cli kernel images/4096x40   1 394532
31.6  4.8 ./cli kernel images/4096x40   0 394572
  PID User     Command                         Swap      USS      PSS      RSS 
36801 codespace /usr/bin/python3 /usr/bin/s        0    12064    12335    14512 
35165 codespace ./cli kernel images/4096x40        0   393320   393371   394572 
35173 codespace ./cli kernel images/4096x40        0   393320   393371   394532 
35169 codespace ./cli kernel images/4096x40        0   393324   393375   394548 
35175 codespace ./cli kernel images/4096x40        0   393324   393377   394592 
35171 codespace ./cli kernel images/4096x40        0   393324   393379   394612 
%CPU %MEM ARGS Wed Sep 30 20:39:05 UTC 2026
 0.0  0.0 grep --color=auto ./cli       0  2248
31.1  4.8 ./cli kernel images/4096x40   1 394548
31.3  4.8 ./cli kernel images/4096x40   1 394592
31.3  4.8 ./cli kernel images/4096x40   1 394612
31.4  4.8 ./cli kernel images/4096x40   0 394532
31.4  4.8 ./cli kernel images/4096x40   1 394572
  PID User     Command                         Swap      USS      PSS      RSS 
36819 codespace /usr/bin/python3 /usr/bin/s        0    12056    12326    14472 
35165 codespace ./cli kernel images/4096x40        0   393320   393371   394572 
35173 codespace ./cli kernel images/4096x40        0   393320   393371   394532 
35169 codespace ./cli kernel images/4096x40        0   393324   393375   394548 
35175 codespace ./cli kernel images/4096x40        0   393324   393377   394592 
35171 codespace ./cli kernel images/4096x40        0   393324   393379   394612 
%CPU %MEM ARGS Wed Sep 30 20:39:06 UTC 2026
 0.0  0.0 grep --color=auto ./cli       1  2300
31.0  4.8 ./cli kernel images/4096x40   1 394548
31.2  4.8 ./cli kernel images/4096x40   1 394592
31.2  4.8 ./cli kernel images/4096x40   1 394612
31.3  4.8 ./cli kernel images/4096x40   1 394572
31.3  4.8 ./cli kernel images/4096x40   0 394532
  PID User     Command                         Swap      USS      PSS      RSS 
36825 codespace /usr/bin/python3 /usr/bin/s        0    12068    12341    14516 
35165 codespace ./cli kernel images/4096x40        0   393320   393371   394572 
35173 codespace ./cli kernel images/4096x40        0   393320   393371   394532 
35169 codespace ./cli kernel images/4096x40        0   393324   393375   394548 
35175 codespace ./cli kernel images/4096x40        0   393324   393377   394592 
35171 codespace ./cli kernel images/4096x40        0   393324   393379   394612 
%CPU %MEM ARGS Wed Sep 30 20:39:07 UTC 2026
 0.0  0.0 grep --color=auto ./cli       0  2308
30.9  4.8 ./cli kernel images/4096x40   1 394548
31.0  4.8 ./cli kernel images/4096x40   0 394592
31.0  4.8 ./cli kernel images/4096x40   0 394612
31.1  4.8 ./cli kernel images/4096x40   0 394572
31.2  4.8 ./cli kernel images/4096x40   0 394532
  PID User     Command                         Swap      USS      PSS      RSS 
36855 codespace /usr/bin/python3 /usr/bin/s        0    12056    12317    14524 
35165 codespace ./cli kernel images/4096x40        0   393320   393371   394572 
35173 codespace ./cli kernel images/4096x40        0   393320   393371   394532 
35169 codespace ./cli kernel images/4096x40        0   393324   393375   394548 
35175 codespace ./cli kernel images/4096x40        0   393324   393377   394592 
35171 codespace ./cli kernel images/4096x40        0   393324   393379   394612 
%CPU %MEM ARGS Wed Sep 30 20:39:08 UTC 2026
 0.0  0.0 grep --color=auto ./cli       0  2252
30.8  4.8 ./cli kernel images/4096x40   1 394548
30.9  4.8 ./cli kernel images/4096x40   1 394592
31.0  4.8 ./cli kernel images/4096x40   1 394612
31.0  4.8 ./cli kernel images/4096x40   1 394572
31.1  4.8 ./cli kernel images/4096x40   0 394532
  PID User     Command                         Swap      USS      PSS      RSS 
36862 codespace /usr/bin/python3 /usr/bin/s        0    12052    12331    14584 
35173 codespace ./cli kernel images/4096x40        0   393320   393366   394532 
35165 codespace ./cli kernel images/4096x40        0   393320   393368   394572 
35169 codespace ./cli kernel images/4096x40        0   393324   393375   394548 
35175 codespace ./cli kernel images/4096x40        0   393324   393377   394592 
35171 codespace ./cli kernel images/4096x40        0   393324   393379   394612 
%CPU %MEM ARGS Wed Sep 30 20:39:09 UTC 2026
 0.0  0.0 grep --color=auto ./cli       0  2204
30.6  4.8 ./cli kernel images/4096x40   0 394548
30.8  4.8 ./cli kernel images/4096x40   0 394612
30.9  4.8 ./cli kernel images/4096x40   1 394572
30.9  4.8 ./cli kernel images/4096x40   0 394592
30.9  4.8 ./cli kernel images/4096x40   0 394532
  PID User     Command                         Swap      USS      PSS      RSS 
36874 codespace /usr/bin/python3 /usr/bin/s        0    12052    12302    14468 
35173 codespace ./cli kernel images/4096x40        0   393320   393371   394532 
35165 codespace ./cli kernel images/4096x40        0   393320   393372   394572 
35169 codespace ./cli kernel images/4096x40        0   393324   393375   394548 
35175 codespace ./cli kernel images/4096x40        0   393324   393377   394592 
35171 codespace ./cli kernel images/4096x40        0   393324   393379   394612 
%CPU %MEM ARGS Wed Sep 30 20:39:10 UTC 2026
 0.0  0.0 grep --color=auto ./cli       0  2180
30.5  4.8 ./cli kernel images/4096x40   0 394548
30.7  4.8 ./cli kernel images/4096x40   0 394612
30.7  4.8 ./cli kernel images/4096x40   0 394592
30.8  4.8 ./cli kernel images/4096x40   0 394532
30.9  4.8 ./cli kernel images/4096x40   1 394572
  PID User     Command                         Swap      USS      PSS      RSS 
36880 codespace /usr/bin/python3 /usr/bin/s        0    12056    12282    14472 
35165 codespace ./cli kernel images/4096x40        0   393320   393370   394572 
35173 codespace ./cli kernel images/4096x40        0   393320   393371   394532 
35175 codespace ./cli kernel images/4096x40        0   393324   393373   394592 
35169 codespace ./cli kernel images/4096x40        0   393324   393375   394548 
35171 codespace ./cli kernel images/4096x40        0   393324   393375   394612 
%CPU %MEM ARGS Wed Sep 30 20:39:11 UTC 2026
 0.0  0.0 grep --color=auto ./cli       1  2160
30.3  4.8 ./cli kernel images/4096x40   1 394548
30.5  4.8 ./cli kernel images/4096x40   1 394612
30.7  4.8 ./cli kernel images/4096x40   1 394532
30.7  4.8 ./cli kernel images/4096x40   1 394592
30.8  4.8 ./cli kernel images/4096x40   0 394572
  PID User     Command                         Swap      USS      PSS      RSS 
36898 codespace /usr/bin/python3 /usr/bin/s        0    12060    12339    14568 
35165 codespace ./cli kernel images/4096x40        0   393320   393371   394572 
35173 codespace ./cli kernel images/4096x40        0   393320   393371   394532 
35169 codespace ./cli kernel images/4096x40        0   393324   393375   394548 
35175 codespace ./cli kernel images/4096x40        0   393324   393377   394592 
35171 codespace ./cli kernel images/4096x40        0   393324   393379   394612 
%CPU %MEM ARGS Wed Sep 30 20:39:12 UTC 2026
 0.0  0.0 grep --color=auto ./cli       1  2180
30.2  4.8 ./cli kernel images/4096x40   1 394548
30.4  4.8 ./cli kernel images/4096x40   1 394612
30.5  4.8 ./cli kernel images/4096x40   1 394592
30.6  4.8 ./cli kernel images/4096x40   0 394532
30.7  4.8 ./cli kernel images/4096x40   1 394572
  PID User     Command                         Swap      USS      PSS      RSS 
36904 codespace /usr/bin/python3 /usr/bin/s        0    12060    12337    14568 
35165 codespace ./cli kernel images/4096x40        0   393320   393371   394572 
35173 codespace ./cli kernel images/4096x40        0   393320   393371   394532 
35169 codespace ./cli kernel images/4096x40        0   393324   393375   394548 
35175 codespace ./cli kernel images/4096x40        0   393324   393377   394592 
35171 codespace ./cli kernel images/4096x40        0   393324   393380   394612 
%CPU %MEM ARGS Wed Sep 30 20:39:14 UTC 2026
 0.0  0.0 grep --color=auto ./cli       0  2196
30.1  4.8 ./cli kernel images/4096x40   1 394548
30.3  4.8 ./cli kernel images/4096x40   1 394612
30.4  4.8 ./cli kernel images/4096x40   1 394592
30.5  4.8 ./cli kernel images/4096x40   1 394572
30.7  4.8 ./cli kernel images/4096x40   0 394532
  PID User     Command                         Swap      USS      PSS      RSS 
36916 codespace /usr/bin/python3 /usr/bin/s        0    12068    12349    14516 
35173 codespace ./cli kernel images/4096x40        0   393320   393371   394532 
35165 codespace ./cli kernel images/4096x40        0   393320   393372   394572 
35169 codespace ./cli kernel images/4096x40        0   393324   393375   394548 
35175 codespace ./cli kernel images/4096x40        0   393324   393377   394592 
35171 codespace ./cli kernel images/4096x40        0   393324   393379   394612 
%CPU %MEM ARGS Wed Sep 30 20:39:15 UTC 2026
 0.0  0.0 grep --color=auto ./cli       1  2300
29.9  4.8 ./cli kernel images/4096x40   0 394548
30.1  4.8 ./cli kernel images/4096x40   1 394612
30.3  4.8 ./cli kernel images/4096x40   1 394592
30.4  4.8 ./cli kernel images/4096x40   1 394572
30.6  4.8 ./cli kernel images/4096x40   1 394532
  PID User     Command                         Swap      USS      PSS      RSS 
36922 codespace /usr/bin/python3 /usr/bin/s        0    12000    12261    14452 
35173 codespace ./cli kernel images/4096x40        0   393320   393365   394532 
35165 codespace ./cli kernel images/4096x40        0   393320   393372   394572 
35169 codespace ./cli kernel images/4096x40        0   393324   393375   394548 
35175 codespace ./cli kernel images/4096x40        0   393324   393377   394592 
35171 codespace ./cli kernel images/4096x40        0   393324   393380   394612 
%CPU %MEM ARGS Wed Sep 30 20:39:16 UTC 2026
 0.0  0.0 grep --color=auto ./cli       0  2252
30.0  4.8 ./cli kernel images/4096x40   1 394612
30.0  4.8 ./cli kernel images/4096x40   0 394548
30.2  4.8 ./cli kernel images/4096x40   1 394592
30.3  4.8 ./cli kernel images/4096x40   1 394572
30.4  4.8 ./cli kernel images/4096x40   1 394532
  PID User     Command                         Swap      USS      PSS      RSS 
36934 codespace /usr/bin/python3 /usr/bin/s        0    12064    12334    14512 
35165 codespace ./cli kernel images/4096x40        0   393320   393371   394572 
35173 codespace ./cli kernel images/4096x40        0   393320   393371   394532 
35169 codespace ./cli kernel images/4096x40        0   393324   393375   394548 
35175 codespace ./cli kernel images/4096x40        0   393324   393375   394592 
35171 codespace ./cli kernel images/4096x40        0   393324   393379   394612 
%CPU %MEM ARGS Wed Sep 30 20:39:17 UTC 2026
 0.0  0.0 grep --color=auto ./cli       1  2324
29.8  4.8 ./cli kernel images/4096x40   0 394548
29.9  4.8 ./cli kernel images/4096x40   0 394612
30.0  4.8 ./cli kernel images/4096x40   0 394592
30.1  4.8 ./cli kernel images/4096x40   0 394572
30.2  4.8 ./cli kernel images/4096x40   0 394532
  PID User     Command                         Swap      USS      PSS      RSS 
36965 codespace /usr/bin/python3 /usr/bin/s        0    12064    12333    14512 
35173 codespace ./cli kernel images/4096x40        0   393320   393371   394532 
35165 codespace ./cli kernel images/4096x40        0   393320   393372   394572 
35169 codespace ./cli kernel images/4096x40        0   393324   393375   394548 
35175 codespace ./cli kernel images/4096x40        0   393324   393377   394592 
35171 codespace ./cli kernel images/4096x40        0   393324   393379   394612 
%CPU %MEM ARGS Wed Sep 30 20:39:18 UTC 2026
 0.0  0.0 grep --color=auto ./cli       1  2156
29.8  4.8 ./cli kernel images/4096x40   1 394612
29.8  4.8 ./cli kernel images/4096x40   0 394548
29.9  4.8 ./cli kernel images/4096x40   1 394592
30.0  4.8 ./cli kernel images/4096x40   1 394572
30.1  4.8 ./cli kernel images/4096x40   1 394532
  PID User     Command                         Swap      USS      PSS      RSS 
36977 codespace /usr/bin/python3 /usr/bin/s        0    12060    12317    14536 
35165 codespace ./cli kernel images/4096x40        0   393320   393371   394572 
35173 codespace ./cli kernel images/4096x40        0   393320   393371   394532 
35169 codespace ./cli kernel images/4096x40        0   393324   393375   394548 
35175 codespace ./cli kernel images/4096x40        0   393324   393377   394592 
35171 codespace ./cli kernel images/4096x40        0   393324   393379   394612 
%CPU %MEM ARGS Wed Sep 30 20:39:19 UTC 2026
 0.0  0.0 grep --color=auto ./cli       0  2184
29.6  4.8 ./cli kernel images/4096x40   0 394612
29.8  4.8 ./cli kernel images/4096x40   0 394548
29.8  4.8 ./cli kernel images/4096x40   1 394592
29.9  4.8 ./cli kernel images/4096x40   0 394572
30.0  4.8 ./cli kernel images/4096x40   0 394532
  PID User     Command                         Swap      USS      PSS      RSS 
36983 codespace /usr/bin/python3 /usr/bin/s        0    12056    12290    14472 
35165 codespace ./cli kernel images/4096x40        0   393320   393371   394572 
35173 codespace ./cli kernel images/4096x40        0   393320   393371   394532 
35175 codespace ./cli kernel images/4096x40        0   393324   393371   394592 
35169 codespace ./cli kernel images/4096x40        0   393324   393375   394548 
35171 codespace ./cli kernel images/4096x40        0   393324   393379   394612 
%CPU %MEM ARGS Wed Sep 30 20:39:20 UTC 2026
 0.0  0.0 grep --color=auto ./cli       1  2288
29.5  4.8 ./cli kernel images/4096x40   1 394612
29.7  4.8 ./cli kernel images/4096x40   0 394548
29.7  4.8 ./cli kernel images/4096x40   1 394592
29.8  4.8 ./cli kernel images/4096x40   0 394572
29.9  4.8 ./cli kernel images/4096x40   0 394532
  PID User     Command                         Swap      USS      PSS      RSS 
36995 codespace /usr/bin/python3 /usr/bin/s        0    12052    12310    14468 
35165 codespace ./cli kernel images/4096x40        0   393320   393371   394572 
35173 codespace ./cli kernel images/4096x40        0   393320   393371   394532 
35169 codespace ./cli kernel images/4096x40        0   393324   393375   394548 
35175 codespace ./cli kernel images/4096x40        0   393324   393377   394592 
35171 codespace ./cli kernel images/4096x40        0   393324   393379   394612 
%CPU %MEM ARGS Wed Sep 30 20:39:22 UTC 2026
 0.0  0.0 grep --color=auto ./cli       1  2340
29.5  4.8 ./cli kernel images/4096x40   0 394612
29.6  4.8 ./cli kernel images/4096x40   1 394548
29.7  4.8 ./cli kernel images/4096x40   0 394572
29.7  4.8 ./cli kernel images/4096x40   1 394592
29.8  4.8 ./cli kernel images/4096x40   1 394532
  PID User     Command                         Swap      USS      PSS      RSS 
37007 codespace /usr/bin/python3 /usr/bin/s        0    12060    12319    14544 
35165 codespace ./cli kernel images/4096x40        0   393320   393371   394572 
35173 codespace ./cli kernel images/4096x40        0   393320   393371   394532 
35169 codespace ./cli kernel images/4096x40        0   393324   393375   394548 
35175 codespace ./cli kernel images/4096x40        0   393324   393377   394592 
35171 codespace ./cli kernel images/4096x40        0   393324   393379   394612 
%CPU %MEM ARGS Wed Sep 30 20:39:23 UTC 2026
 0.0  0.0 grep --color=auto ./cli       0  2180
29.4  4.8 ./cli kernel images/4096x40   0 394612
29.4  4.8 ./cli kernel images/4096x40   0 394548
29.6  4.8 ./cli kernel images/4096x40   0 394572
29.6  4.8 ./cli kernel images/4096x40   0 394592
29.7  4.8 ./cli kernel images/4096x40   1 394532
  PID User     Command                         Swap      USS      PSS      RSS 
37019 codespace /usr/bin/python3 /usr/bin/s        0    12060    12325    14512 
35173 codespace ./cli kernel images/4096x40        0   393320   393371   394532 
35165 codespace ./cli kernel images/4096x40        0   393320   393372   394572 
35169 codespace ./cli kernel images/4096x40        0   393324   393375   394548 
35175 codespace ./cli kernel images/4096x40        0   393324   393377   394592 
35171 codespace ./cli kernel images/4096x40        0   393324   393379   394612 
%CPU %MEM ARGS Wed Sep 30 20:39:24 UTC 2026
 0.0  0.0 grep --color=auto ./cli       1  2208
29.3  4.8 ./cli kernel images/4096x40   0 394548
29.4  4.8 ./cli kernel images/4096x40   1 394612
29.5  4.8 ./cli kernel images/4096x40   0 394572
29.5  4.8 ./cli kernel images/4096x40   0 394592
29.6  4.8 ./cli kernel images/4096x40   0 394532
  PID User     Command                         Swap      USS      PSS      RSS 
37025 codespace /usr/bin/python3 /usr/bin/s        0    12056    12302    14472 
35173 codespace ./cli kernel images/4096x40        0   393320   393370   394532 
35165 codespace ./cli kernel images/4096x40        0   393320   393371   394572 
35169 codespace ./cli kernel images/4096x40        0   393324   393375   394548 
35175 codespace ./cli kernel images/4096x40        0   393324   393377   394592 
35171 codespace ./cli kernel images/4096x40        0   393324   393379   394612 
%CPU %MEM ARGS Wed Sep 30 20:39:25 UTC 2026
 0.0  0.0 grep --color=auto ./cli       0  2176
29.2  4.8 ./cli kernel images/4096x40   0 394548
29.3  4.8 ./cli kernel images/4096x40   1 394612
29.4  4.8 ./cli kernel images/4096x40   0 394572
29.4  4.8 ./cli kernel images/4096x40   0 394592
29.5  4.8 ./cli kernel images/4096x40   0 394532
  PID User     Command                         Swap      USS      PSS      RSS 
37038 codespace /usr/bin/python3 /usr/bin/s        0    12064    12338    14508 
35165 codespace ./cli kernel images/4096x40        0   393320   393371   394572 
35173 codespace ./cli kernel images/4096x40        0   393320   393371   394532 
35169 codespace ./cli kernel images/4096x40        0   393324   393375   394548 
35175 codespace ./cli kernel images/4096x40        0   393324   393377   394592 
35171 codespace ./cli kernel images/4096x40        0   393324   393379   394612 
%CPU %MEM ARGS Wed Sep 30 20:39:26 UTC 2026
 0.0  0.0 grep --color=auto ./cli       1  2176
29.1  4.8 ./cli kernel images/4096x40   1 394548
29.3  4.8 ./cli kernel images/4096x40   1 394572
29.3  4.8 ./cli kernel images/4096x40   1 394592
29.3  4.8 ./cli kernel images/4096x40   1 394612
29.4  4.8 ./cli kernel images/4096x40   1 394532
  PID User     Command                         Swap      USS      PSS      RSS 
37044 codespace /usr/bin/python3 /usr/bin/s        0    12052    12283    14564 
35165 codespace ./cli kernel images/4096x40        0   393320   393371   394572 
35173 codespace ./cli kernel images/4096x40        0   393320   393371   394532 
35169 codespace ./cli kernel images/4096x40        0   393324   393374   394548 
35175 codespace ./cli kernel images/4096x40        0   393324   393374   394592 
35171 codespace ./cli kernel images/4096x40        0   393324   393379   394612 
%CPU %MEM ARGS Wed Sep 30 20:39:28 UTC 2026
 0.0  0.0 grep --color=auto ./cli       1  2252
29.0  4.8 ./cli kernel images/4096x40   0 394548
29.1  4.8 ./cli kernel images/4096x40   1 394612
29.1  4.8 ./cli kernel images/4096x40   1 394592
29.2  4.8 ./cli kernel images/4096x40   1 394572
29.3  4.8 ./cli kernel images/4096x40   0 394532
  PID User     Command                         Swap      USS      PSS      RSS 
37083 codespace /usr/bin/python3 /usr/bin/s        0    12056    12313    14540 
35165 codespace ./cli kernel images/4096x40        0   393320   393371   394572 
35173 codespace ./cli kernel images/4096x40        0   393320   393371   394532 
35169 codespace ./cli kernel images/4096x40        0   393324   393375   394548 
35175 codespace ./cli kernel images/4096x40        0   393324   393377   394592 
35171 codespace ./cli kernel images/4096x40        0   393324   393379   394612 
%CPU %MEM ARGS Wed Sep 30 20:39:29 UTC 2026
 0.0  0.0 grep --color=auto ./cli       0  2248
28.9  4.8 ./cli kernel images/4096x40   1 394548
29.0  4.8 ./cli kernel images/4096x40   1 394592
29.1  4.8 ./cli kernel images/4096x40   1 394612
29.1  4.8 ./cli kernel images/4096x40   1 394572
29.2  4.8 ./cli kernel images/4096x40   1 394532
  PID User     Command                         Swap      USS      PSS      RSS 
37089 codespace /usr/bin/python3 /usr/bin/s        0    12064    12342    14512 
35165 codespace ./cli kernel images/4096x40        0   393320   393371   394572 
35173 codespace ./cli kernel images/4096x40        0   393320   393371   394532 
35169 codespace ./cli kernel images/4096x40        0   393324   393375   394548 
35175 codespace ./cli kernel images/4096x40        0   393324   393377   394592 
35171 codespace ./cli kernel images/4096x40        0   393324   393379   394612 
%CPU %MEM ARGS Wed Sep 30 20:39:29 UTC 2026
 0.0  0.0 grep --color=auto ./cli       1  2176
28.8  4.8 ./cli kernel images/4096x40   0 394548
29.0  4.8 ./cli kernel images/4096x40   1 394592
29.0  4.8 ./cli kernel images/4096x40   1 394612
29.0  4.8 ./cli kernel images/4096x40   1 394572
29.1  4.8 ./cli kernel images/4096x40   1 394532
  PID User     Command                         Swap      USS      PSS      RSS 
37095 codespace /usr/bin/python3 /usr/bin/s        0    12056    12320    14472 
35173 codespace ./cli kernel images/4096x40        0   393320   393366   394532 
35165 codespace ./cli kernel images/4096x40        0   393320   393371   394572 
35175 codespace ./cli kernel images/4096x40        0   393324   393373   394592 
35169 codespace ./cli kernel images/4096x40        0   393324   393375   394548 
35171 codespace ./cli kernel images/4096x40        0   393324   393378   394612 
%CPU %MEM ARGS Wed Sep 30 20:39:30 UTC 2026
 0.0  0.0 grep --color=auto ./cli       0  2200
28.8  4.8 ./cli kernel images/4096x40   0 394548
28.9  4.8 ./cli kernel images/4096x40   0 394592
29.0  4.8 ./cli kernel images/4096x40   1 394612
29.0  4.8 ./cli kernel images/4096x40   1 394572
29.1  4.8 ./cli kernel images/4096x40   1 394532
  PID User     Command                         Swap      USS      PSS      RSS 
37106 codespace /usr/bin/python3 /usr/bin/s        0    12060    12321    14512 
35173 codespace ./cli kernel images/4096x40        0   393320   393371   394532 
35165 codespace ./cli kernel images/4096x40        0   393320   393372   394572 
35169 codespace ./cli kernel images/4096x40        0   393324   393375   394548 
35175 codespace ./cli kernel images/4096x40        0   393324   393377   394592 
35171 codespace ./cli kernel images/4096x40        0   393324   393380   394612 
%CPU %MEM ARGS Wed Sep 30 20:39:31 UTC 2026
 0.0  0.0 grep --color=auto ./cli       0  2292
28.7  4.8 ./cli kernel images/4096x40   0 394548
28.8  4.8 ./cli kernel images/4096x40   1 394592
28.9  4.8 ./cli kernel images/4096x40   0 394612
28.9  4.8 ./cli kernel images/4096x40   0 394572
29.1  4.8 ./cli kernel images/4096x40   0 394532
  PID User     Command                         Swap      USS      PSS      RSS 
37112 codespace /usr/bin/python3 /usr/bin/s        0    12080    12373    14588 
35173 codespace ./cli kernel images/4096x40        0   393320   393371   394532 
35165 codespace ./cli kernel images/4096x40        0   393320   393372   394572 
35169 codespace ./cli kernel images/4096x40        0   393324   393375   394548 
35175 codespace ./cli kernel images/4096x40        0   393324   393377   394592 
35171 codespace ./cli kernel images/4096x40        0   393324   393378   394612 
%CPU %MEM ARGS Wed Sep 30 20:39:32 UTC 2026
 0.0  0.0 grep --color=auto ./cli       1  2292
28.7  4.8 ./cli kernel images/4096x40   0 394548
28.7  4.8 ./cli kernel images/4096x40   1 394592
28.8  4.8 ./cli kernel images/4096x40   0 394612
28.8  4.8 ./cli kernel images/4096x40   1 394572
29.0  4.8 ./cli kernel images/4096x40   1 394532
  PID User     Command                         Swap      USS      PSS      RSS 
37125 codespace /usr/bin/python3 /usr/bin/s        0    12056    12314    14536 
35173 codespace ./cli kernel images/4096x40        0   393320   393371   394532 
35165 codespace ./cli kernel images/4096x40        0   393320   393372   394572 
35169 codespace ./cli kernel images/4096x40        0   393324   393375   394548 
35175 codespace ./cli kernel images/4096x40        0   393324   393377   394592 
35171 codespace ./cli kernel images/4096x40        0   393324   393379   394612 
%CPU %MEM ARGS Wed Sep 30 20:39:33 UTC 2026
 0.0  0.0 grep --color=auto ./cli       1  2196
28.7  4.8 ./cli kernel images/4096x40   1 394548
28.7  4.8 ./cli kernel images/4096x40   1 394592
28.7  4.8 ./cli kernel images/4096x40   0 394612
28.7  4.8 ./cli kernel images/4096x40   0 394572
28.9  4.8 ./cli kernel images/4096x40   0 394532
  PID User     Command                         Swap      USS      PSS      RSS 
37136 codespace /usr/bin/python3 /usr/bin/s        0    12048    12328    14576 
35165 codespace ./cli kernel images/4096x40        0   393320   393371   394572 
35173 codespace ./cli kernel images/4096x40        0   393320   393371   394532 
35169 codespace ./cli kernel images/4096x40        0   393324   393375   394548 
35175 codespace ./cli kernel images/4096x40        0   393324   393375   394592 
35171 codespace ./cli kernel images/4096x40        0   393324   393379   394612 
%CPU %MEM ARGS Wed Sep 30 20:39:34 UTC 2026
 0.0  0.0 grep --color=auto ./cli       1  2340
28.6  4.8 ./cli kernel images/4096x40   1 394592
28.6  4.8 ./cli kernel images/4096x40   1 394548
28.6  4.8 ./cli kernel images/4096x40   0 394612
28.6  4.8 ./cli kernel images/4096x40   1 394572
28.8  4.8 ./cli kernel images/4096x40   1 394532
  PID User     Command                         Swap      USS      PSS      RSS 
37148 codespace /usr/bin/python3 /usr/bin/s        0    12056    12318    14524 
35173 codespace ./cli kernel images/4096x40        0   393320   393371   394532 
35165 codespace ./cli kernel images/4096x40        0   393320   393372   394572 
35169 codespace ./cli kernel images/4096x40        0   393324   393375   394548 
35175 codespace ./cli kernel images/4096x40        0   393324   393377   394592 
35171 codespace ./cli kernel images/4096x40        0   393324   393379   394612 
%CPU %MEM ARGS Wed Sep 30 20:39:35 UTC 2026
 0.0  0.0 grep --color=auto ./cli       0  2248
28.5  4.8 ./cli kernel images/4096x40   0 394592
28.5  4.8 ./cli kernel images/4096x40   0 394548
28.5  4.8 ./cli kernel images/4096x40   0 394572
28.5  4.8 ./cli kernel images/4096x40   1 394612
28.7  4.8 ./cli kernel images/4096x40   0 394532
  PID User     Command                         Swap      USS      PSS      RSS 
37154 codespace /usr/bin/python3 /usr/bin/s        0    12064    12321    14540 
35165 codespace ./cli kernel images/4096x40        0   393320   393371   394572 
35173 codespace ./cli kernel images/4096x40        0   393320   393371   394532 
35169 codespace ./cli kernel images/4096x40        0   393324   393375   394548 
35175 codespace ./cli kernel images/4096x40        0   393324   393377   394592 
35171 codespace ./cli kernel images/4096x40        0   393324   393379   394612 
%CPU %MEM ARGS Wed Sep 30 20:39:36 UTC 2026
 0.0  0.0 grep --color=auto ./cli       0  2340
28.4  4.8 ./cli kernel images/4096x40   0 394592
28.4  4.8 ./cli kernel images/4096x40   0 394548
28.4  4.8 ./cli kernel images/4096x40   0 394572
28.5  4.8 ./cli kernel images/4096x40   0 394612
28.6  4.8 ./cli kernel images/4096x40   0 394532
  PID User     Command                         Swap      USS      PSS      RSS 
37163 codespace /usr/bin/python3 /usr/bin/s        0    12056    12315    14540 
35165 codespace ./cli kernel images/4096x40        0   393320   393371   394572 
35173 codespace ./cli kernel images/4096x40        0   393320   393371   394532 
35169 codespace ./cli kernel images/4096x40        0   393324   393375   394548 
35175 codespace ./cli kernel images/4096x40        0   393324   393377   394592 
35171 codespace ./cli kernel images/4096x40        0   393324   393379   394612 
%CPU %MEM ARGS Wed Sep 30 20:39:37 UTC 2026
 0.0  0.0 grep --color=auto ./cli       0  2152
28.3  4.8 ./cli kernel images/4096x40   0 394592
28.3  4.8 ./cli kernel images/4096x40   0 394548
28.3  4.8 ./cli kernel images/4096x40   0 394572
28.4  4.8 ./cli kernel images/4096x40   0 394612
28.6  4.8 ./cli kernel images/4096x40   1 394532
  PID User     Command                         Swap      USS      PSS      RSS 
37178 codespace /usr/bin/python3 /usr/bin/s        0    12060    12314    14540 
35165 codespace ./cli kernel images/4096x40        0   393320   393371   394572 
35173 codespace ./cli kernel images/4096x40        0   393320   393371   394532 
35169 codespace ./cli kernel images/4096x40        0   393324   393375   394548 
35175 codespace ./cli kernel images/4096x40        0   393324   393377   394592 
35171 codespace ./cli kernel images/4096x40        0   393324   393379   394612 
%CPU %MEM ARGS Wed Sep 30 20:39:39 UTC 2026
 0.0  0.0 grep --color=auto ./cli       0  2304
28.2  4.8 ./cli kernel images/4096x40   0 394592
28.2  4.8 ./cli kernel images/4096x40   1 394548
28.2  4.8 ./cli kernel images/4096x40   0 394572
28.3  4.8 ./cli kernel images/4096x40   0 394612
28.5  4.8 ./cli kernel images/4096x40   1 394532
  PID User     Command                         Swap      USS      PSS      RSS 
37204 codespace /usr/bin/python3 /usr/bin/s        0    12060    12318    14536 
35165 codespace ./cli kernel images/4096x40        0   393320   393371   394572 
35173 codespace ./cli kernel images/4096x40        0   393320   393371   394532 
35169 codespace ./cli kernel images/4096x40        0   393324   393375   394548 
35175 codespace ./cli kernel images/4096x40        0   393324   393377   394592 
35171 codespace ./cli kernel images/4096x40        0   393324   393379   394612 
%CPU %MEM ARGS Wed Sep 30 20:39:40 UTC 2026
 0.0  0.0 grep --color=auto ./cli       0  2288
28.1  4.8 ./cli kernel images/4096x40   0 394592
28.1  4.8 ./cli kernel images/4096x40   0 394548
28.2  4.8 ./cli kernel images/4096x40   0 394572
28.2  4.8 ./cli kernel images/4096x40   1 394612
28.4  4.8 ./cli kernel images/4096x40   0 394532
  PID User     Command                         Swap      USS      PSS      RSS 
37213 codespace /usr/bin/python3 /usr/bin/s        0    12064    12340    14508 
35165 codespace ./cli kernel images/4096x40        0   393320   393371   394572 
35173 codespace ./cli kernel images/4096x40        0   393320   393371   394532 
35169 codespace ./cli kernel images/4096x40        0   393324   393375   394548 
35175 codespace ./cli kernel images/4096x40        0   393324   393377   394592 
35171 codespace ./cli kernel images/4096x40        0   393324   393379   394612 
%CPU %MEM ARGS Wed Sep 30 20:39:41 UTC 2026
 0.0  0.0 grep --color=auto ./cli       0  2176
28.0  4.8 ./cli kernel images/4096x40   1 394592
28.1  4.8 ./cli kernel images/4096x40   1 394548
28.1  4.8 ./cli kernel images/4096x40   1 394572
28.2  4.8 ./cli kernel images/4096x40   1 394612
28.3  4.8 ./cli kernel images/4096x40   0 394532
  PID User     Command                         Swap      USS      PSS      RSS 
37222 codespace /usr/bin/python3 /usr/bin/s        0    12096    12372    14544 
35165 codespace ./cli kernel images/4096x40        0   393320   393371   394572 
35173 codespace ./cli kernel images/4096x40        0   393320   393371   394532 
35169 codespace ./cli kernel images/4096x40        0   393324   393375   394548 
35175 codespace ./cli kernel images/4096x40        0   393324   393377   394592 
35171 codespace ./cli kernel images/4096x40        0   393324   393379   394612 
%CPU %MEM ARGS Wed Sep 30 20:39:42 UTC 2026
 0.0  0.0 grep --color=auto ./cli       1  2156
28.0  4.8 ./cli kernel images/4096x40   1 394592
28.0  4.8 ./cli kernel images/4096x40   1 394548
28.0  4.8 ./cli kernel images/4096x40   1 394572
28.2  4.8 ./cli kernel images/4096x40   1 394612
28.3  4.8 ./cli kernel images/4096x40   1 394532
  PID User     Command                         Swap      USS      PSS      RSS 
37231 codespace /usr/bin/python3 /usr/bin/s        0    12084    12373    14592 
35165 codespace ./cli kernel images/4096x40        0   393320   393371   394572 
35173 codespace ./cli kernel images/4096x40        0   393320   393371   394532 
35169 codespace ./cli kernel images/4096x40        0   393324   393375   394548 
35175 codespace ./cli kernel images/4096x40        0   393324   393377   394592 
35171 codespace ./cli kernel images/4096x40        0   393324   393379   394612 
%CPU %MEM ARGS Wed Sep 30 20:39:43 UTC 2026
 0.0  0.0 grep --color=auto ./cli       1  2252
27.9  4.8 ./cli kernel images/4096x40   0 394592
27.9  4.8 ./cli kernel images/4096x40   1 394548
28.0  4.8 ./cli kernel images/4096x40   1 394572
28.1  4.8 ./cli kernel images/4096x40   1 394612
28.2  4.8 ./cli kernel images/4096x40   1 394532
  PID User     Command                         Swap      USS      PSS      RSS 
37237 codespace /usr/bin/python3 /usr/bin/s        0    12060    12344    14620 
35173 codespace ./cli kernel images/4096x40        0   393320   393366   394532 
35169 codespace ./cli kernel images/4096x40        0   393324   393370   394548 
35165 codespace ./cli kernel images/4096x40        0   393320   393371   394572 
35175 codespace ./cli kernel images/4096x40        0   393324   393377   394592 
35171 codespace ./cli kernel images/4096x40        0   393324   393379   394612 
%CPU %MEM ARGS Wed Sep 30 20:39:44 UTC 2026
 0.0  0.0 grep --color=auto ./cli       1  2208
27.8  4.8 ./cli kernel images/4096x40   1 394548
27.8  4.8 ./cli kernel images/4096x40   1 394592
27.9  4.8 ./cli kernel images/4096x40   1 394572
28.0  4.8 ./cli kernel images/4096x40   1 394612
28.1  4.8 ./cli kernel images/4096x40   1 394532
  PID User     Command                         Swap      USS      PSS      RSS 
37249 codespace /usr/bin/python3 /usr/bin/s        0    12064    12337    14512 
35173 codespace ./cli kernel images/4096x40        0   393320   393370   394532 
35165 codespace ./cli kernel images/4096x40        0   393320   393371   394572 
35169 codespace ./cli kernel images/4096x40        0   393324   393374   394548 
35175 codespace ./cli kernel images/4096x40        0   393324   393377   394592 
35171 codespace ./cli kernel images/4096x40        0   393324   393378   394612 
%CPU %MEM ARGS Wed Sep 30 20:39:45 UTC 2026
 0.0  0.0 grep --color=auto ./cli       0  2180
27.8  4.8 ./cli kernel images/4096x40   0 394592
27.8  4.8 ./cli kernel images/4096x40   0 394548
27.8  4.8 ./cli kernel images/4096x40   1 394572
27.9  4.8 ./cli kernel images/4096x40   0 394612
28.0  4.8 ./cli kernel images/4096x40   1 394532
  PID User     Command                         Swap      USS      PSS      RSS 
37261 codespace /usr/bin/python3 /usr/bin/s        0    12064    12371    14512 
35165 codespace ./cli kernel images/4096x40        0   393320   393371   394572 
35173 codespace ./cli kernel images/4096x40        0   393320   393371   394532 
35169 codespace ./cli kernel images/4096x40        0   393324   393375   394548 
35175 codespace ./cli kernel images/4096x40        0   393324   393377   394592 
35171 codespace ./cli kernel images/4096x40        0   393324   393379   394612 
%CPU %MEM ARGS Wed Sep 30 20:39:46 UTC 2026
 0.0  0.0 grep --color=auto ./cli       1  2184
27.7  4.8 ./cli kernel images/4096x40   0 394592
27.8  4.8 ./cli kernel images/4096x40   1 394548
27.8  4.8 ./cli kernel images/4096x40   1 394572
27.9  4.8 ./cli kernel images/4096x40   0 394612
28.0  4.8 ./cli kernel images/4096x40   0 394532
  PID User     Command                         Swap      USS      PSS      RSS 
37267 codespace /usr/bin/python3 /usr/bin/s        0    12060    12313    14476 
35165 codespace ./cli kernel images/4096x40        0   393320   393371   394572 
35173 codespace ./cli kernel images/4096x40        0   393320   393371   394532 
35169 codespace ./cli kernel images/4096x40        0   393324   393375   394548 
35175 codespace ./cli kernel images/4096x40        0   393324   393377   394592 
35171 codespace ./cli kernel images/4096x40        0   393324   393379   394612 
%CPU %MEM ARGS Wed Sep 30 20:39:46 UTC 2026
 0.0  0.0 grep --color=auto ./cli       1  2344
27.7  4.8 ./cli kernel images/4096x40   0 394592
27.7  4.8 ./cli kernel images/4096x40   0 394548
27.7  4.8 ./cli kernel images/4096x40   0 394572
27.8  4.8 ./cli kernel images/4096x40   0 394612
27.9  4.8 ./cli kernel images/4096x40   1 394532
  PID User     Command                         Swap      USS      PSS      RSS 
37278 codespace /usr/bin/python3 /usr/bin/s        0    12056    12316    14540 
35165 codespace ./cli kernel images/4096x40        0   393320   393371   394572 
35173 codespace ./cli kernel images/4096x40        0   393320   393371   394532 
35169 codespace ./cli kernel images/4096x40        0   393324   393375   394548 
35175 codespace ./cli kernel images/4096x40        0   393324   393377   394592 
35171 codespace ./cli kernel images/4096x40        0   393324   393379   394612 
%CPU %MEM ARGS Wed Sep 30 20:39:47 UTC 2026
 0.0  0.0 grep --color=auto ./cli       0  2172
27.7  4.8 ./cli kernel images/4096x40   0 394548
27.7  4.8 ./cli kernel images/4096x40   1 394592
27.7  4.8 ./cli kernel images/4096x40   0 394572
27.8  4.8 ./cli kernel images/4096x40   0 394612
27.9  4.8 ./cli kernel images/4096x40   0 394532
  PID User     Command                         Swap      USS      PSS      RSS 
37284 codespace /usr/bin/python3 /usr/bin/s        0    12056    12316    14524 
35165 codespace ./cli kernel images/4096x40        0   393320   393371   394572 
35173 codespace ./cli kernel images/4096x40        0   393320   393371   394532 
35169 codespace ./cli kernel images/4096x40        0   393324   393375   394548 
35175 codespace ./cli kernel images/4096x40        0   393324   393377   394592 
35171 codespace ./cli kernel images/4096x40        0   393324   393379   394612 
%CPU %MEM ARGS Wed Sep 30 20:39:48 UTC 2026
 0.0  0.0 grep --color=auto ./cli       1  2252
27.6  4.8 ./cli kernel images/4096x40   1 394548
27.6  4.8 ./cli kernel images/4096x40   1 394572
27.7  4.8 ./cli kernel images/4096x40   0 394592
27.7  4.8 ./cli kernel images/4096x40   0 394612
27.8  4.8 ./cli kernel images/4096x40   0 394532
  PID User     Command                         Swap      USS      PSS      RSS 
37301 codespace /usr/bin/python3 /usr/bin/s        0    12060    12339    14508 
35165 codespace ./cli kernel images/4096x40        0   393320   393371   394572 
35173 codespace ./cli kernel images/4096x40        0   393320   393371   394532 
35169 codespace ./cli kernel images/4096x40        0   393324   393375   394548 
35175 codespace ./cli kernel images/4096x40        0   393324   393377   394592 
35171 codespace ./cli kernel images/4096x40        0   393324   393379   394612 
%CPU %MEM ARGS Wed Sep 30 20:39:49 UTC 2026
 0.0  0.0 grep --color=auto ./cli       0  2172
27.5  4.8 ./cli kernel images/4096x40   0 394548
27.5  4.8 ./cli kernel images/4096x40   0 394572
27.6  4.8 ./cli kernel images/4096x40   0 394612
27.6  4.8 ./cli kernel images/4096x40   1 394592
27.7  4.8 ./cli kernel images/4096x40   0 394532
  PID User     Command                         Swap      USS      PSS      RSS 
37320 codespace /usr/bin/python3 /usr/bin/s        0    12056    12314    14620 
35173 codespace ./cli kernel images/4096x40        0   393320   393365   394532 
35165 codespace ./cli kernel images/4096x40        0   393320   393371   394572 
35169 codespace ./cli kernel images/4096x40        0   393324   393375   394548 
35175 codespace ./cli kernel images/4096x40        0   393324   393375   394592 
35171 codespace ./cli kernel images/4096x40        0   393324   393379   394612 
%CPU %MEM ARGS Wed Sep 30 20:39:51 UTC 2026
 0.0  0.0 grep --color=auto ./cli       1  2212
27.4  4.8 ./cli kernel images/4096x40   0 394548
27.5  4.8 ./cli kernel images/4096x40   0 394572
27.5  4.8 ./cli kernel images/4096x40   1 394612
27.6  4.8 ./cli kernel images/4096x40   1 394592
27.6  4.8 ./cli kernel images/4096x40   0 394532
  PID User     Command                         Swap      USS      PSS      RSS 
37338 codespace /usr/bin/python3 /usr/bin/s        0    12056    12324    14472 
35165 codespace ./cli kernel images/4096x40        0   393320   393371   394572 
35173 codespace ./cli kernel images/4096x40        0   393320   393371   394532 
35169 codespace ./cli kernel images/4096x40        0   393324   393375   394548 
35175 codespace ./cli kernel images/4096x40        0   393324   393377   394592 
35171 codespace ./cli kernel images/4096x40        0   393324   393379   394612 
%CPU %MEM ARGS Wed Sep 30 20:39:52 UTC 2026
 0.0  0.0 grep --color=auto ./cli       1  2156
27.3  4.8 ./cli kernel images/4096x40   0 394548
27.4  4.8 ./cli kernel images/4096x40   1 394572
27.5  4.8 ./cli kernel images/4096x40   1 394612
27.5  4.8 ./cli kernel images/4096x40   0 394592
27.5  4.8 ./cli kernel images/4096x40   1 394532
  PID User     Command                         Swap      USS      PSS      RSS 
37344 codespace /usr/bin/python3 /usr/bin/s        0    12068    12339    14516 
35165 codespace ./cli kernel images/4096x40        0   393320   393371   394572 
35173 codespace ./cli kernel images/4096x40        0   393320   393371   394532 
35169 codespace ./cli kernel images/4096x40        0   393324   393375   394548 
35175 codespace ./cli kernel images/4096x40        0   393324   393376   394592 
35171 codespace ./cli kernel images/4096x40        0   393324   393382   394612 
%CPU %MEM ARGS Wed Sep 30 20:39:53 UTC 2026
 0.0  0.0 grep --color=auto ./cli       1  2160
27.3  4.8 ./cli kernel images/4096x40   0 394548
27.3  4.8 ./cli kernel images/4096x40   0 394572
27.4  4.8 ./cli kernel images/4096x40   0 394612
27.4  4.8 ./cli kernel images/4096x40   0 394592
27.6  4.8 ./cli kernel images/4096x40   1 394532
  PID User     Command                         Swap      USS      PSS      RSS 
37356 codespace /usr/bin/python3 /usr/bin/s        0    12060    12307    14476 
35165 codespace ./cli kernel images/4096x40        0   393320   393371   394572 
35173 codespace ./cli kernel images/4096x40        0   393320   393371   394532 
35169 codespace ./cli kernel images/4096x40        0   393324   393375   394548 
35175 codespace ./cli kernel images/4096x40        0   393324   393377   394592 
35171 codespace ./cli kernel images/4096x40        0   393324   393379   394612 
%CPU %MEM ARGS Wed Sep 30 20:39:54 UTC 2026
 0.0  0.0 grep --color=auto ./cli       0  2340
27.2  4.8 ./cli kernel images/4096x40   0 394548
27.2  4.8 ./cli kernel images/4096x40   0 394572
27.3  4.8 ./cli kernel images/4096x40   0 394612
27.3  4.8 ./cli kernel images/4096x40   0 394592
27.6  4.8 ./cli kernel images/4096x40   1 394532
  PID User     Command                         Swap      USS      PSS      RSS 
37362 codespace /usr/bin/python3 /usr/bin/s        0    12060    12317    14540 
35173 codespace ./cli kernel images/4096x40        0   393320   393366   394532 
35165 codespace ./cli kernel images/4096x40        0   393320   393371   394572 
35169 codespace ./cli kernel images/4096x40        0   393324   393375   394548 
35175 codespace ./cli kernel images/4096x40        0   393324   393377   394592 
35171 codespace ./cli kernel images/4096x40        0   393324   393379   394612 
%CPU %MEM ARGS Wed Sep 30 20:39:55 UTC 2026
 0.0  0.0 grep --color=auto ./cli       1  2192
27.1  4.8 ./cli kernel images/4096x40   1 394548
27.1  4.8 ./cli kernel images/4096x40   1 394572
27.2  4.8 ./cli kernel images/4096x40   1 394612
27.2  4.8 ./cli kernel images/4096x40   1 394592
27.6  4.8 ./cli kernel images/4096x40   0 394532
  PID User     Command                         Swap      USS      PSS      RSS 
37374 codespace /usr/bin/python3 /usr/bin/s        0    12064    12320    14544 
35165 codespace ./cli kernel images/4096x40        0   393320   393370   394572 
35173 codespace ./cli kernel images/4096x40        0   393320   393371   394532 
35169 codespace ./cli kernel images/4096x40        0   393324   393374   394548 
35171 codespace ./cli kernel images/4096x40        0   393324   393377   394612 
35175 codespace ./cli kernel images/4096x40        0   393324   393377   394592 
%CPU %MEM ARGS Wed Sep 30 20:39:57 UTC 2026
 0.0  0.0 grep --color=auto ./cli       0  2368
27.0  4.8 ./cli kernel images/4096x40   0 394548
27.1  4.8 ./cli kernel images/4096x40   0 394572
27.1  4.8 ./cli kernel images/4096x40   0 394612
27.2  4.8 ./cli kernel images/4096x40   1 394592
27.6  4.8 ./cli kernel images/4096x40   0 394532
  PID User     Command                         Swap      USS      PSS      RSS 
37387 codespace /usr/bin/python3 /usr/bin/s        0    12064    12340    14512 
35173 codespace ./cli kernel images/4096x40        0   393320   393371   394532 
35165 codespace ./cli kernel images/4096x40        0   393320   393372   394572 
35171 codespace ./cli kernel images/4096x40        0   393324   393373   394612 
35169 codespace ./cli kernel images/4096x40        0   393324   393375   394548 
35175 codespace ./cli kernel images/4096x40        0   393324   393376   394592 
%CPU %MEM ARGS Wed Sep 30 20:39:58 UTC 2026
 0.0  0.0 grep --color=auto ./cli       0  2152
26.9  4.8 ./cli kernel images/4096x40   0 394548
27.0  4.8 ./cli kernel images/4096x40   0 394572
27.0  4.8 ./cli kernel images/4096x40   1 394612
27.3  4.8 ./cli kernel images/4096x40   1 394592
27.5  4.8 ./cli kernel images/4096x40   0 394532
  PID User     Command                         Swap      USS      PSS      RSS 
37399 codespace /usr/bin/python3 /usr/bin/s        0    12052    12315    14520 
35173 codespace ./cli kernel images/4096x40        0   393320   393371   394532 
35165 codespace ./cli kernel images/4096x40        0   393320   393372   394572 
35169 codespace ./cli kernel images/4096x40        0   393324   393375   394548 
35175 codespace ./cli kernel images/4096x40        0   393324   393377   394592 
35171 codespace ./cli kernel images/4096x40        0   393324   393379   394612 
%CPU %MEM ARGS Wed Sep 30 20:39:59 UTC 2026
 0.0  0.0 grep --color=auto ./cli       1  2340
26.9  4.8 ./cli kernel images/4096x40   1 394548
26.9  4.8 ./cli kernel images/4096x40   1 394572
27.0  4.8 ./cli kernel images/4096x40   1 394612
27.2  4.8 ./cli kernel images/4096x40   0 394592
27.4  4.8 ./cli kernel images/4096x40   0 394532
  PID User     Command                         Swap      USS      PSS      RSS 
37423 codespace /usr/bin/python3 /usr/bin/s        0    12060    12345    14620 
35173 codespace ./cli kernel images/4096x40        0   393320   393365   394532 
35165 codespace ./cli kernel images/4096x40        0   393320   393371   394572 
35169 codespace ./cli kernel images/4096x40        0   393324   393374   394548 
35175 codespace ./cli kernel images/4096x40        0   393324   393377   394592 
35171 codespace ./cli kernel images/4096x40        0   393324   393379   394612 
%CPU %MEM ARGS Wed Sep 30 20:40:00 UTC 2026
 0.0  0.0 grep --color=auto ./cli       0  2344
26.8  4.8 ./cli kernel images/4096x40   0 394548
26.8  4.8 ./cli kernel images/4096x40   1 394572
26.9  4.8 ./cli kernel images/4096x40   1 394612
27.2  4.8 ./cli kernel images/4096x40   0 394592
27.3  4.8 ./cli kernel images/4096x40   0 394532
  PID User     Command                         Swap      USS      PSS      RSS 
37435 codespace /usr/bin/python3 /usr/bin/s        0    12060    12338    14508 
35173 codespace ./cli kernel images/4096x40        0   393320   393371   394532 
35165 codespace ./cli kernel images/4096x40        0   393320   393372   394572 
35169 codespace ./cli kernel images/4096x40        0   393324   393375   394548 
35175 codespace ./cli kernel images/4096x40        0   393324   393377   394592 
35171 codespace ./cli kernel images/4096x40        0   393324   393379   394612 
%CPU %MEM ARGS Wed Sep 30 20:40:01 UTC 2026
 0.0  0.0 grep --color=auto ./cli       0  2184
26.7  4.8 ./cli kernel images/4096x40   0 394548
26.8  4.8 ./cli kernel images/4096x40   1 394572
26.9  4.8 ./cli kernel images/4096x40   0 394612
27.2  4.8 ./cli kernel images/4096x40   1 394592
27.3  4.8 ./cli kernel images/4096x40   1 394532
  PID User     Command                         Swap      USS      PSS      RSS 
37441 codespace /usr/bin/python3 /usr/bin/s        0    12060    12312    14476 
35169 codespace ./cli kernel images/4096x40        0   393324   393369   394548 
35173 codespace ./cli kernel images/4096x40        0   393320   393371   394532 
35165 codespace ./cli kernel images/4096x40        0   393320   393372   394572 
35175 codespace ./cli kernel images/4096x40        0   393324   393377   394592 
35171 codespace ./cli kernel images/4096x40        0   393324   393379   394612 
%CPU %MEM ARGS Wed Sep 30 20:40:03 UTC 2026
 0.0  0.0 grep --color=auto ./cli       0  2248
26.6  4.8 ./cli kernel images/4096x40   1 394548
26.7  4.8 ./cli kernel images/4096x40   1 394572
26.8  4.8 ./cli kernel images/4096x40   1 394612
27.1  4.8 ./cli kernel images/4096x40   0 394592
27.2  4.8 ./cli kernel images/4096x40   1 394532
  PID User     Command                         Swap      USS      PSS      RSS 
37460 codespace /usr/bin/python3 /usr/bin/s        0    12080    12344    14496 
35165 codespace ./cli kernel images/4096x40        0   393320   393371   394572 
35173 codespace ./cli kernel images/4096x40        0   393320   393371   394532 
35169 codespace ./cli kernel images/4096x40        0   393324   393375   394548 
35175 codespace ./cli kernel images/4096x40        0   393324   393376   394592 
35171 codespace ./cli kernel images/4096x40        0   393324   393379   394612 
%CPU %MEM ARGS Wed Sep 30 20:40:04 UTC 2026
 0.0  0.0 grep --color=auto ./cli       0  2248
26.6  4.8 ./cli kernel images/4096x40   1 394548
26.7  4.8 ./cli kernel images/4096x40   0 394572
26.8  4.8 ./cli kernel images/4096x40   0 394612
27.1  4.8 ./cli kernel images/4096x40   0 394592
27.1  4.8 ./cli kernel images/4096x40   0 394532
  PID User     Command                         Swap      USS      PSS      RSS 
37466 codespace /usr/bin/python3 /usr/bin/s        0    12064    12335    14508 
35173 codespace ./cli kernel images/4096x40        0   393320   393365   394532 
35165 codespace ./cli kernel images/4096x40        0   393320   393371   394572 
35169 codespace ./cli kernel images/4096x40        0   393324   393375   394548 
35175 codespace ./cli kernel images/4096x40        0   393324   393376   394592 
35171 codespace ./cli kernel images/4096x40        0   393324   393379   394612 
%CPU %MEM ARGS Wed Sep 30 20:40:05 UTC 2026
 0.0  0.0 grep --color=auto ./cli       0  2252
26.6  4.8 ./cli kernel images/4096x40   0 394572
26.6  4.8 ./cli kernel images/4096x40   1 394548
26.7  4.8 ./cli kernel images/4096x40   0 394612
27.0  4.8 ./cli kernel images/4096x40   0 394592
27.1  4.8 ./cli kernel images/4096x40   0 394532
  PID User     Command                         Swap      USS      PSS      RSS 
37478 codespace /usr/bin/python3 /usr/bin/s        0    12056    12337    14584 
35165 codespace ./cli kernel images/4096x40        0   393320   393371   394572 
35173 codespace ./cli kernel images/4096x40        0   393320   393371   394532 
35169 codespace ./cli kernel images/4096x40        0   393324   393375   394548 
35175 codespace ./cli kernel images/4096x40        0   393324   393377   394592 
35171 codespace ./cli kernel images/4096x40        0   393324   393379   394612 
%CPU %MEM ARGS Wed Sep 30 20:40:06 UTC 2026
 0.0  0.0 grep --color=auto ./cli       1  2168
26.5  4.8 ./cli kernel images/4096x40   1 394572
26.6  4.8 ./cli kernel images/4096x40   1 394612
26.6  4.8 ./cli kernel images/4096x40   0 394548
26.9  4.8 ./cli kernel images/4096x40   1 394592
27.0  4.8 ./cli kernel images/4096x40   1 394532
  PID User     Command                         Swap      USS      PSS      RSS 
37484 codespace /usr/bin/python3 /usr/bin/s        0    12080    12370    14588 
35165 codespace ./cli kernel images/4096x40        0   393320   393371   394572 
35173 codespace ./cli kernel images/4096x40        0   393320   393371   394532 
35169 codespace ./cli kernel images/4096x40        0   393324   393375   394548 
35171 codespace ./cli kernel images/4096x40        0   393324   393376   394612 
35175 codespace ./cli kernel images/4096x40        0   393324   393377   394592 
%CPU %MEM ARGS Wed Sep 30 20:40:07 UTC 2026
 0.0  0.0 grep --color=auto ./cli       0  2204
26.5  4.8 ./cli kernel images/4096x40   1 394572
26.5  4.8 ./cli kernel images/4096x40   1 394612
26.7  4.8 ./cli kernel images/4096x40   0 394548
26.8  4.8 ./cli kernel images/4096x40   1 394592
26.9  4.8 ./cli kernel images/4096x40   1 394532
  PID User     Command                         Swap      USS      PSS      RSS 
37502 codespace /usr/bin/python3 /usr/bin/s        0    12064    12339    14504 
35165 codespace ./cli kernel images/4096x40        0   393320   393371   394572 
35173 codespace ./cli kernel images/4096x40        0   393320   393371   394532 
35169 codespace ./cli kernel images/4096x40        0   393324   393375   394548 
35175 codespace ./cli kernel images/4096x40        0   393324   393377   394592 
35171 codespace ./cli kernel images/4096x40        0   393324   393379   394612 
%CPU %MEM ARGS Wed Sep 30 20:40:08 UTC 2026
 0.0  0.0 grep --color=auto ./cli       1  2248
26.4  4.8 ./cli kernel images/4096x40   0 394572
26.5  4.8 ./cli kernel images/4096x40   0 394612
26.7  4.8 ./cli kernel images/4096x40   1 394548
26.8  4.8 ./cli kernel images/4096x40   0 394592
26.8  4.8 ./cli kernel images/4096x40   0 394532
  PID User     Command                         Swap      USS      PSS      RSS 
37508 codespace /usr/bin/python3 /usr/bin/s        0    12052    12315    14468 
35173 codespace ./cli kernel images/4096x40        0   393320   393367   394532 
35165 codespace ./cli kernel images/4096x40        0   393320   393371   394572 
35169 codespace ./cli kernel images/4096x40        0   393324   393375   394548 
35175 codespace ./cli kernel images/4096x40        0   393324   393376   394592 
35171 codespace ./cli kernel images/4096x40        0   393324   393379   394612 
%CPU %MEM ARGS Wed Sep 30 20:40:09 UTC 2026
 0.0  0.0 grep --color=auto ./cli       0  2192
26.4  4.8 ./cli kernel images/4096x40   0 394572
26.4  4.8 ./cli kernel images/4096x40   0 394612
26.6  4.8 ./cli kernel images/4096x40   0 394548
26.7  4.8 ./cli kernel images/4096x40   1 394592
26.8  4.8 ./cli kernel images/4096x40   1 394532
  PID User     Command                         Swap      USS      PSS      RSS 
37532 codespace /usr/bin/python3 /usr/bin/s        0    12052    12301    14468 
35165 codespace ./cli kernel images/4096x40        0   393320   393371   394572 
35173 codespace ./cli kernel images/4096x40        0   393320   393371   394532 
35169 codespace ./cli kernel images/4096x40        0   393324   393375   394548 
35175 codespace ./cli kernel images/4096x40        0   393324   393377   394592 
35171 codespace ./cli kernel images/4096x40        0   393324   393379   394612 
%CPU %MEM ARGS Wed Sep 30 20:40:11 UTC 2026
 0.0  0.0 grep --color=auto ./cli       0  2196
26.3  4.8 ./cli kernel images/4096x40   1 394572
26.3  4.8 ./cli kernel images/4096x40   1 394612
26.6  4.8 ./cli kernel images/4096x40   1 394548
26.6  4.8 ./cli kernel images/4096x40   1 394592
26.8  4.8 ./cli kernel images/4096x40   1 394532
  PID User     Command                         Swap      USS      PSS      RSS 
37544 codespace /usr/bin/python3 /usr/bin/s        0    12048    12252    14416 
35165 codespace ./cli kernel images/4096x40        0   393320   393371   394572 
35173 codespace ./cli kernel images/4096x40        0   393320   393371   394532 
35175 codespace ./cli kernel images/4096x40        0   393324   393371   394592 
35169 codespace ./cli kernel images/4096x40        0   393324   393375   394548 
35171 codespace ./cli kernel images/4096x40        0   393324   393379   394612 
%CPU %MEM ARGS Wed Sep 30 20:40:12 UTC 2026
 0.0  0.0 grep --color=auto ./cli       1  2304
26.2  4.8 ./cli kernel images/4096x40   1 394572
26.3  4.8 ./cli kernel images/4096x40   1 394612
26.5  4.8 ./cli kernel images/4096x40   1 394548
26.6  4.8 ./cli kernel images/4096x40   1 394592
26.7  4.8 ./cli kernel images/4096x40   1 394532
  PID User     Command                         Swap      USS      PSS      RSS 
37557 codespace /usr/bin/python3 /usr/bin/s        0    12060    12310    14476 
35165 codespace ./cli kernel images/4096x40        0   393320   393371   394572 
35173 codespace ./cli kernel images/4096x40        0   393320   393371   394532 
35169 codespace ./cli kernel images/4096x40        0   393324   393375   394548 
35175 codespace ./cli kernel images/4096x40        0   393324   393377   394592 
35171 codespace ./cli kernel images/4096x40        0   393324   393379   394612 
%CPU %MEM ARGS Wed Sep 30 20:40:13 UTC 2026
 0.0  0.0 grep --color=auto ./cli       0  2156
26.2  4.8 ./cli kernel images/4096x40   1 394612
26.3  4.8 ./cli kernel images/4096x40   0 394572
26.5  4.8 ./cli kernel images/4096x40   1 394548
26.5  4.8 ./cli kernel images/4096x40   0 394592
26.6  4.8 ./cli kernel images/4096x40   0 394532
  PID User     Command                         Swap      USS      PSS      RSS 
37569 codespace /usr/bin/python3 /usr/bin/s        0    12004    12263    14488 
35165 codespace ./cli kernel images/4096x40        0   393320   393371   394572 
35173 codespace ./cli kernel images/4096x40        0   393320   393371   394532 
35171 codespace ./cli kernel images/4096x40        0   393324   393373   394612 
35169 codespace ./cli kernel images/4096x40        0   393324   393375   394548 
35175 codespace ./cli kernel images/4096x40        0   393324   393376   394592 
%CPU %MEM ARGS Wed Sep 30 20:40:14 UTC 2026
 0.0  0.0 grep --color=auto ./cli       1  2344
26.2  4.8 ./cli kernel images/4096x40   1 394612
26.2  4.8 ./cli kernel images/4096x40   1 394572
26.4  4.8 ./cli kernel images/4096x40   0 394548
26.5  4.8 ./cli kernel images/4096x40   1 394592
26.6  4.8 ./cli kernel images/4096x40   1 394532
  PID User     Command                         Swap      USS      PSS      RSS 
37581 codespace /usr/bin/python3 /usr/bin/s        0    12048    12308    14516 
35173 codespace ./cli kernel images/4096x40        0   393320   393371   394532 
35165 codespace ./cli kernel images/4096x40        0   393320   393372   394572 
35169 codespace ./cli kernel images/4096x40        0   393324   393375   394548 
35175 codespace ./cli kernel images/4096x40        0   393324   393377   394592 
35171 codespace ./cli kernel images/4096x40        0   393324   393379   394612 
%CPU %MEM ARGS Wed Sep 30 20:40:15 UTC 2026
 0.0  0.0 grep --color=auto ./cli       0  2144
26.1  4.8 ./cli kernel images/4096x40   1 394612
26.2  4.8 ./cli kernel images/4096x40   1 394572
26.4  4.8 ./cli kernel images/4096x40   1 394592
26.5  4.8 ./cli kernel images/4096x40   1 394548
26.5  4.8 ./cli kernel images/4096x40   0 394532
  PID User     Command                         Swap      USS      PSS      RSS 
37587 codespace /usr/bin/python3 /usr/bin/s        0    12060    12321    14512 
35173 codespace ./cli kernel images/4096x40        0   393320   393371   394532 
35165 codespace ./cli kernel images/4096x40        0   393320   393372   394572 
35169 codespace ./cli kernel images/4096x40        0   393324   393375   394548 
35175 codespace ./cli kernel images/4096x40        0   393324   393377   394592 
35171 codespace ./cli kernel images/4096x40        0   393324   393379   394612 
%CPU %MEM ARGS Wed Sep 30 20:40:16 UTC 2026
 0.0  0.0 grep --color=auto ./cli       1  2204
26.1  4.8 ./cli kernel images/4096x40   0 394612
26.1  4.8 ./cli kernel images/4096x40   0 394572
26.4  4.8 ./cli kernel images/4096x40   0 394592
26.5  4.8 ./cli kernel images/4096x40   0 394532
26.5  4.8 ./cli kernel images/4096x40   0 394548
  PID User     Command                         Swap      USS      PSS      RSS 
37599 codespace /usr/bin/python3 /usr/bin/s        0    12060    12317    14536 
35165 codespace ./cli kernel images/4096x40        0   393320   393371   394572 
35173 codespace ./cli kernel images/4096x40        0   393320   393371   394532 
35169 codespace ./cli kernel images/4096x40        0   393324   393375   394548 
35175 codespace ./cli kernel images/4096x40        0   393324   393377   394592 
35171 codespace ./cli kernel images/4096x40        0   393324   393379   394612 
%CPU %MEM ARGS Wed Sep 30 20:40:17 UTC 2026
 0.0  0.0 grep --color=auto ./cli       1  2172
26.0  4.8 ./cli kernel images/4096x40   0 394612
26.1  4.8 ./cli kernel images/4096x40   0 394572
26.4  4.8 ./cli kernel images/4096x40   1 394592
26.4  4.8 ./cli kernel images/4096x40   0 394532
26.4  4.8 ./cli kernel images/4096x40   0 394548
  PID User     Command                         Swap      USS      PSS      RSS 
37605 codespace /usr/bin/python3 /usr/bin/s        0    12056    12321    14460 
35165 codespace ./cli kernel images/4096x40        0   393320   393371   394572 
35173 codespace ./cli kernel images/4096x40        0   393320   393371   394532 
35175 codespace ./cli kernel images/4096x40        0   393324   393377   394592 
35169 codespace ./cli kernel images/4096x40        0   393324   393378   394548 
35171 codespace ./cli kernel images/4096x40        0   393324   393379   394612 
%CPU %MEM ARGS Wed Sep 30 20:40:18 UTC 2026
 0.0  0.0 grep --color=auto ./cli       0  2188
26.0  4.8 ./cli kernel images/4096x40   0 394572
26.0  4.8 ./cli kernel images/4096x40   1 394612
26.3  4.8 ./cli kernel images/4096x40   0 394592
26.3  4.8 ./cli kernel images/4096x40   0 394532
26.4  4.8 ./cli kernel images/4096x40   0 394548
  PID User     Command                         Swap      USS      PSS      RSS 
37617 codespace /usr/bin/python3 /usr/bin/s        0    12048    12294    14464 
35165 codespace ./cli kernel images/4096x40        0   393320   393371   394572 
35173 codespace ./cli kernel images/4096x40        0   393320   393371   394532 
35169 codespace ./cli kernel images/4096x40        0   393324   393375   394548 
35175 codespace ./cli kernel images/4096x40        0   393324   393377   394592 
35171 codespace ./cli kernel images/4096x40        0   393324   393379   394612 
%CPU %MEM ARGS Wed Sep 30 20:40:19 UTC 2026
 0.0  0.0 grep --color=auto ./cli       1  2168
26.0  4.8 ./cli kernel images/4096x40   1 394572
26.0  4.8 ./cli kernel images/4096x40   1 394612
26.3  4.8 ./cli kernel images/4096x40   1 394592
26.3  4.8 ./cli kernel images/4096x40   0 394532
26.3  4.8 ./cli kernel images/4096x40   1 394548
  PID User     Command                         Swap      USS      PSS      RSS 
37629 codespace /usr/bin/python3 /usr/bin/s        0    12052    12312    14520 
35165 codespace ./cli kernel images/4096x40        0   393320   393371   394572 
35173 codespace ./cli kernel images/4096x40        0   393320   393371   394532 
35169 codespace ./cli kernel images/4096x40        0   393324   393375   394548 
35175 codespace ./cli kernel images/4096x40        0   393324   393377   394592 
35171 codespace ./cli kernel images/4096x40        0   393324   393379   394612 
%CPU %MEM ARGS Wed Sep 30 20:40:21 UTC 2026
 0.0  0.0 grep --color=auto ./cli       1  2208
25.9  4.8 ./cli kernel images/4096x40   0 394572
25.9  4.8 ./cli kernel images/4096x40   0 394612
26.2  4.8 ./cli kernel images/4096x40   0 394592
26.3  4.8 ./cli kernel images/4096x40   1 394548
26.3  4.8 ./cli kernel images/4096x40   0 394532
  PID User     Command                         Swap      USS      PSS      RSS 
37656 codespace /usr/bin/python3 /usr/bin/s        0    12068    12343    14516 
35165 codespace ./cli kernel images/4096x40        0   393320   393371   394572 
35173 codespace ./cli kernel images/4096x40        0   393320   393371   394532 
35169 codespace ./cli kernel images/4096x40        0   393324   393375   394548 
35175 codespace ./cli kernel images/4096x40        0   393324   393377   394592 
35171 codespace ./cli kernel images/4096x40        0   393324   393379   394612 
%CPU %MEM ARGS Wed Sep 30 20:40:22 UTC 2026
 0.0  0.0 grep --color=auto ./cli       1  2160
25.8  4.8 ./cli kernel images/4096x40   0 394572
25.9  4.8 ./cli kernel images/4096x40   1 394612
26.1  4.8 ./cli kernel images/4096x40   1 394592
26.2  4.8 ./cli kernel images/4096x40   1 394548
26.3  4.8 ./cli kernel images/4096x40   1 394532
  PID User     Command                         Swap      USS      PSS      RSS 
37665 codespace /usr/bin/python3 /usr/bin/s        0    12092    12374    14620 
35165 codespace ./cli kernel images/4096x40        0   393320   393371   394572 
35173 codespace ./cli kernel images/4096x40        0   393320   393371   394532 
35169 codespace ./cli kernel images/4096x40        0   393324   393375   394548 
35175 codespace ./cli kernel images/4096x40        0   393324   393376   394592 
35171 codespace ./cli kernel images/4096x40        0   393324   393379   394612 
%CPU %MEM ARGS Wed Sep 30 20:40:23 UTC 2026
 0.0  0.0 grep --color=auto ./cli       0  2172
25.8  4.8 ./cli kernel images/4096x40   1 394572
25.8  4.8 ./cli kernel images/4096x40   1 394612
26.2  4.8 ./cli kernel images/4096x40   0 394592
26.2  4.8 ./cli kernel images/4096x40   1 394548
26.3  4.8 ./cli kernel images/4096x40   1 394532
  PID User     Command                         Swap      USS      PSS      RSS 
37671 codespace /usr/bin/python3 /usr/bin/s        0    12052    12284    14436 
35165 codespace ./cli kernel images/4096x40        0   393320   393366   394572 
35173 codespace ./cli kernel images/4096x40        0   393320   393367   394532 
35169 codespace ./cli kernel images/4096x40        0   393324   393370   394548 
35171 codespace ./cli kernel images/4096x40        0   393324   393373   394612 
35175 codespace ./cli kernel images/4096x40        0   393324   393377   394592 
%CPU %MEM ARGS Wed Sep 30 20:40:23 UTC 2026
 0.0  0.0 grep --color=auto ./cli       1  2292
25.8  4.8 ./cli kernel images/4096x40   1 394572
25.8  4.8 ./cli kernel images/4096x40   1 394612
26.1  4.8 ./cli kernel images/4096x40   1 394548
26.2  4.8 ./cli kernel images/4096x40   0 394592
26.2  4.8 ./cli kernel images/4096x40   1 394532
  PID User     Command                         Swap      USS      PSS      RSS 
37683 codespace /usr/bin/python3 /usr/bin/s        0    12072    12319    14488 
35165 codespace ./cli kernel images/4096x40        0   393320   393371   394572 
35173 codespace ./cli kernel images/4096x40        0   393320   393371   394532 
35169 codespace ./cli kernel images/4096x40        0   393324   393375   394548 
35175 codespace ./cli kernel images/4096x40        0   393324   393377   394592 
35171 codespace ./cli kernel images/4096x40        0   393324   393379   394612 
%CPU %MEM ARGS Wed Sep 30 20:40:24 UTC 2026
 0.0  0.0 grep --color=auto ./cli       1  2212
25.7  4.8 ./cli kernel images/4096x40   1 394572
25.8  4.8 ./cli kernel images/4096x40   0 394612
26.1  4.8 ./cli kernel images/4096x40   0 394592
26.1  4.8 ./cli kernel images/4096x40   0 394548
26.2  4.8 ./cli kernel images/4096x40   0 394532
  PID User     Command                         Swap      USS      PSS      RSS 
37689 codespace /usr/bin/python3 /usr/bin/s        0    12060    12298    14492 
35165 codespace ./cli kernel images/4096x40        0   393320   393371   394572 
35173 codespace ./cli kernel images/4096x40        0   393320   393371   394532 
35169 codespace ./cli kernel images/4096x40        0   393324   393375   394548 
35175 codespace ./cli kernel images/4096x40        0   393324   393377   394592 
35171 codespace ./cli kernel images/4096x40        0   393324   393379   394612 
%CPU %MEM ARGS Wed Sep 30 20:40:25 UTC 2026
 0.0  0.0 grep --color=auto ./cli       0  2340
25.7  4.8 ./cli kernel images/4096x40   1 394572
25.7  4.8 ./cli kernel images/4096x40   1 394612
26.1  4.8 ./cli kernel images/4096x40   1 394548
26.1  4.8 ./cli kernel images/4096x40   1 394592
26.1  4.8 ./cli kernel images/4096x40   1 394532
  PID User     Command                         Swap      USS      PSS      RSS 
37707 codespace /usr/bin/python3 /usr/bin/s        0    12060    12316    14476 
35165 codespace ./cli kernel images/4096x40        0   393320   393371   394572 
35173 codespace ./cli kernel images/4096x40        0   393320   393371   394532 
35169 codespace ./cli kernel images/4096x40        0   393324   393375   394548 
35175 codespace ./cli kernel images/4096x40        0   393324   393377   394592 
35171 codespace ./cli kernel images/4096x40        0   393324   393381   394612 
%CPU %MEM ARGS Wed Sep 30 20:40:27 UTC 2026
 0.0  0.0 grep --color=auto ./cli       1  2196
25.6  4.8 ./cli kernel images/4096x40   1 394572
25.6  4.8 ./cli kernel images/4096x40   1 394612
26.0  4.8 ./cli kernel images/4096x40   1 394592
26.1  4.8 ./cli kernel images/4096x40   0 394548
26.1  4.8 ./cli kernel images/4096x40   1 394532
  PID User     Command                         Swap      USS      PSS      RSS 
37713 codespace /usr/bin/python3 /usr/bin/s        0    12016    12264    14432 
35165 codespace ./cli kernel images/4096x40        0   393320   393371   394572 
35173 codespace ./cli kernel images/4096x40        0   393320   393371   394532 
35169 codespace ./cli kernel images/4096x40        0   393324   393375   394548 
35175 codespace ./cli kernel images/4096x40        0   393324   393377   394592 
35171 codespace ./cli kernel images/4096x40        0   393324   393379   394612 
%CPU %MEM ARGS Wed Sep 30 20:40:28 UTC 2026
 0.0  0.0 grep --color=auto ./cli       1  2176
25.5  4.8 ./cli kernel images/4096x40   1 394572
25.6  4.8 ./cli kernel images/4096x40   1 394612
26.0  4.8 ./cli kernel images/4096x40   1 394592
26.0  4.8 ./cli kernel images/4096x40   1 394532
26.1  4.8 ./cli kernel images/4096x40   0 394548
  PID User     Command                         Swap      USS      PSS      RSS 
37722 codespace /usr/bin/python3 /usr/bin/s        0    12056    12294    14500 
35165 codespace ./cli kernel images/4096x40        0   393320   393371   394572 
35173 codespace ./cli kernel images/4096x40        0   393320   393371   394532 
35169 codespace ./cli kernel images/4096x40        0   393324   393375   394548 
35175 codespace ./cli kernel images/4096x40        0   393324   393377   394592 
35171 codespace ./cli kernel images/4096x40        0   393324   393379   394612 
%CPU %MEM ARGS Wed Sep 30 20:40:29 UTC 2026
 0.0  0.0 grep --color=auto ./cli       1  2164
25.5  4.8 ./cli kernel images/4096x40   1 394572
25.5  4.8 ./cli kernel images/4096x40   1 394612
25.9  4.8 ./cli kernel images/4096x40   1 394592
25.9  4.8 ./cli kernel images/4096x40   1 394532
26.2  4.8 ./cli kernel images/4096x40   0 394548
  PID User     Command                         Swap      USS      PSS      RSS 
37731 codespace /usr/bin/python3 /usr/bin/s        0    12060    12310    14476 
35165 codespace ./cli kernel images/4096x40        0   393320   393371   394572 
35173 codespace ./cli kernel images/4096x40        0   393320   393371   394532 
35169 codespace ./cli kernel images/4096x40        0   393324   393375   394548 
35175 codespace ./cli kernel images/4096x40        0   393324   393377   394592 
35171 codespace ./cli kernel images/4096x40        0   393324   393379   394612 
%CPU %MEM ARGS Wed Sep 30 20:40:30 UTC 2026
 0.0  0.0 grep --color=auto ./cli       1  2156
25.4  4.8 ./cli kernel images/4096x40   1 394572
25.4  4.8 ./cli kernel images/4096x40   0 394612
25.9  4.8 ./cli kernel images/4096x40   0 394592
25.9  4.8 ./cli kernel images/4096x40   1 394532
26.2  4.8 ./cli kernel images/4096x40   0 394548
  PID User     Command                         Swap      USS      PSS      RSS 
37747 codespace /usr/bin/python3 /usr/bin/s        0    12060    12323    14512 
35173 codespace ./cli kernel images/4096x40        0   393320   393371   394532 
35165 codespace ./cli kernel images/4096x40        0   393320   393372   394572 
35169 codespace ./cli kernel images/4096x40        0   393324   393375   394548 
35171 codespace ./cli kernel images/4096x40        0   393324   393379   394612 
35175 codespace ./cli kernel images/4096x40        0   393324   393379   394592 
%CPU %MEM ARGS Wed Sep 30 20:40:31 UTC 2026
 0.0  0.0 grep --color=auto ./cli       0  2184
25.4  4.8 ./cli kernel images/4096x40   1 394572
25.4  4.8 ./cli kernel images/4096x40   1 394612
25.8  4.8 ./cli kernel images/4096x40   0 394592
25.8  4.8 ./cli kernel images/4096x40   0 394532
26.1  4.8 ./cli kernel images/4096x40   1 394548
  PID User     Command                         Swap      USS      PSS      RSS 
37774 codespace /usr/bin/python3 /usr/bin/s        0    12060    12327    14500 
35165 codespace ./cli kernel images/4096x40        0   393320   393371   394572 
35173 codespace ./cli kernel images/4096x40        0   393320   393371   394532 
35169 codespace ./cli kernel images/4096x40        0   393324   393375   394548 
35175 codespace ./cli kernel images/4096x40        0   393324   393377   394592 
35171 codespace ./cli kernel images/4096x40        0   393324   393379   394612 
%CPU %MEM ARGS Wed Sep 30 20:40:32 UTC 2026
 0.0  0.0 grep --color=auto ./cli       1  2168
25.3  4.8 ./cli kernel images/4096x40   1 394572
25.4  4.8 ./cli kernel images/4096x40   0 394612
25.8  4.8 ./cli kernel images/4096x40   0 394592
25.8  4.8 ./cli kernel images/4096x40   1 394532
26.1  4.8 ./cli kernel images/4096x40   1 394548
  PID User     Command                         Swap      USS      PSS      RSS 
37783 codespace /usr/bin/python3 /usr/bin/s        0    12060    12313    14476 
35165 codespace ./cli kernel images/4096x40        0   393320   393371   394572 
35173 codespace ./cli kernel images/4096x40        0   393320   393371   394532 
35169 codespace ./cli kernel images/4096x40        0   393324   393375   394548 
35175 codespace ./cli kernel images/4096x40        0   393324   393377   394592 
35171 codespace ./cli kernel images/4096x40        0   393324   393379   394612 
%CPU %MEM ARGS Wed Sep 30 20:40:34 UTC 2026
 0.0  0.0 grep --color=auto ./cli       1  2304
25.3  4.8 ./cli kernel images/4096x40   1 394572
25.4  4.8 ./cli kernel images/4096x40   0 394612
25.7  4.8 ./cli kernel images/4096x40   1 394592
25.7  4.8 ./cli kernel images/4096x40   1 394532
26.0  4.8 ./cli kernel images/4096x40   1 394548
  PID User     Command                         Swap      USS      PSS      RSS 
37792 codespace /usr/bin/python3 /usr/bin/s        0    12060    12308    14476 
35165 codespace ./cli kernel images/4096x40        0   393320   393371   394572 
35173 codespace ./cli kernel images/4096x40        0   393320   393371   394532 
35169 codespace ./cli kernel images/4096x40        0   393324   393375   394548 
35175 codespace ./cli kernel images/4096x40        0   393324   393377   394592 
35171 codespace ./cli kernel images/4096x40        0   393324   393379   394612 
%CPU %MEM ARGS Wed Sep 30 20:40:35 UTC 2026
 0.0  0.0 grep --color=auto ./cli       1  2208
25.2  4.8 ./cli kernel images/4096x40   0 394572
25.4  4.8 ./cli kernel images/4096x40   0 394612
25.7  4.8 ./cli kernel images/4096x40   0 394592
25.7  4.8 ./cli kernel images/4096x40   0 394532
26.0  4.8 ./cli kernel images/4096x40   1 394548
  PID User     Command                         Swap      USS      PSS      RSS 
37798 codespace /usr/bin/python3 /usr/bin/s        0    12060    12312    14476 
35165 codespace ./cli kernel images/4096x40        0   393320   393368   394572 
35173 codespace ./cli kernel images/4096x40        0   393320   393371   394532 
35169 codespace ./cli kernel images/4096x40        0   393324   393375   394548 
35175 codespace ./cli kernel images/4096x40        0   393324   393377   394592 
35171 codespace ./cli kernel images/4096x40        0   393324   393379   394612 
%CPU %MEM ARGS Wed Sep 30 20:40:36 UTC 2026
 0.0  0.0 grep --color=auto ./cli       1  2252
25.2  4.8 ./cli kernel images/4096x40   0 394572
25.3  4.8 ./cli kernel images/4096x40   0 394612
25.6  4.8 ./cli kernel images/4096x40   0 394592
25.7  4.8 ./cli kernel images/4096x40   0 394532
26.0  4.8 ./cli kernel images/4096x40   1 394548
  PID User     Command                         Swap      USS      PSS      RSS 
37810 codespace /usr/bin/python3 /usr/bin/s        0    12060    12309    14476 
35165 codespace ./cli kernel images/4096x40        0   393320   393370   394572 
35173 codespace ./cli kernel images/4096x40        0   393320   393371   394532 
35169 codespace ./cli kernel images/4096x40        0   393324   393374   394548 
35175 codespace ./cli kernel images/4096x40        0   393324   393377   394592 
35171 codespace ./cli kernel images/4096x40        0   393324   393378   394612 
%CPU %MEM ARGS Wed Sep 30 20:40:36 UTC 2026
 0.0  0.0 grep --color=auto ./cli       1  2204
25.2  4.8 ./cli kernel images/4096x40   1 394572
25.3  4.8 ./cli kernel images/4096x40   1 394612
25.6  4.8 ./cli kernel images/4096x40   0 394592
25.6  4.8 ./cli kernel images/4096x40   1 394532
26.0  4.8 ./cli kernel images/4096x40   0 394548
  PID User     Command                         Swap      USS      PSS      RSS 
37822 codespace /usr/bin/python3 /usr/bin/s        0    12056    12313    14540 
35173 codespace ./cli kernel images/4096x40        0   393320   393370   394532 
35165 codespace ./cli kernel images/4096x40        0   393320   393371   394572 
35175 codespace ./cli kernel images/4096x40        0   393324   393371   394592 
35169 codespace ./cli kernel images/4096x40        0   393324   393375   394548 
35171 codespace ./cli kernel images/4096x40        0   393324   393379   394612 
%CPU %MEM ARGS Wed Sep 30 20:40:38 UTC 2026
 0.0  0.0 grep --color=auto ./cli       1  2252
25.1  4.8 ./cli kernel images/4096x40   1 394572
25.3  4.8 ./cli kernel images/4096x40   0 394612
25.6  4.8 ./cli kernel images/4096x40   1 394532
25.6  4.8 ./cli kernel images/4096x40   1 394592
25.9  4.8 ./cli kernel images/4096x40   1 394548
  PID User     Command                         Swap      USS      PSS      RSS 
37834 codespace /usr/bin/python3 /usr/bin/s        0    12060    12322    14516 
35173 codespace ./cli kernel images/4096x40        0   393320   393371   394532 
35165 codespace ./cli kernel images/4096x40        0   393320   393372   394572 
35169 codespace ./cli kernel images/4096x40        0   393324   393375   394548 
35175 codespace ./cli kernel images/4096x40        0   393324   393377   394592 
35171 codespace ./cli kernel images/4096x40        0   393324   393379   394612 
%CPU %MEM ARGS Wed Sep 30 20:40:39 UTC 2026
 0.0  0.0 grep --color=auto ./cli       0  2208
25.1  4.8 ./cli kernel images/4096x40   1 394572
25.3  4.8 ./cli kernel images/4096x40   1 394612
25.5  4.8 ./cli kernel images/4096x40   1 394532
25.6  4.8 ./cli kernel images/4096x40   1 394592
25.9  4.8 ./cli kernel images/4096x40   1 394548
  PID User     Command                         Swap      USS      PSS      RSS 
37840 codespace /usr/bin/python3 /usr/bin/s        0    12052    12285    14584 
35169 codespace ./cli kernel images/4096x40        0   393324   393370   394548 
35165 codespace ./cli kernel images/4096x40        0   393320   393371   394572 
35173 codespace ./cli kernel images/4096x40        0   393320   393371   394532 
35175 codespace ./cli kernel images/4096x40        0   393324   393371   394592 
35171 codespace ./cli kernel images/4096x40        0   393324   393379   394612 
%CPU %MEM ARGS Wed Sep 30 20:40:40 UTC 2026
 0.0  0.0 grep --color=auto ./cli       1  2248
25.0  4.8 ./cli kernel images/4096x40   1 394572
25.2  4.8 ./cli kernel images/4096x40   0 394612
25.5  4.8 ./cli kernel images/4096x40   0 394532
25.5  4.8 ./cli kernel images/4096x40   0 394592
25.8  4.8 ./cli kernel images/4096x40   0 394548
  PID User     Command                         Swap      USS      PSS      RSS 
37852 codespace /usr/bin/python3 /usr/bin/s        0    12064    12336    14512 
35165 codespace ./cli kernel images/4096x40        0   393320   393371   394572 
35173 codespace ./cli kernel images/4096x40        0   393320   393371   394532 
35169 codespace ./cli kernel images/4096x40        0   393324   393375   394548 
35175 codespace ./cli kernel images/4096x40        0   393324   393376   394592 
35171 codespace ./cli kernel images/4096x40        0   393324   393379   394612 
%CPU %MEM ARGS Wed Sep 30 20:40:41 UTC 2026
 0.0  0.0 grep --color=auto ./cli       0  2208
25.0  4.8 ./cli kernel images/4096x40   0 394572
25.2  4.8 ./cli kernel images/4096x40   1 394612
25.4  4.8 ./cli kernel images/4096x40   0 394532
25.5  4.8 ./cli kernel images/4096x40   1 394592
25.8  4.8 ./cli kernel images/4096x40   1 394548
  PID User     Command                         Swap      USS      PSS      RSS 
37864 codespace /usr/bin/python3 /usr/bin/s        0    12060    12336    14568 
35165 codespace ./cli kernel images/4096x40        0   393320   393370   394572 
35169 codespace ./cli kernel images/4096x40        0   393324   393370   394548 
35173 codespace ./cli kernel images/4096x40        0   393320   393371   394532 
35175 codespace ./cli kernel images/4096x40        0   393324   393376   394592 
35171 codespace ./cli kernel images/4096x40        0   393324   393379   394612 
%CPU %MEM ARGS Wed Sep 30 20:40:42 UTC 2026
 0.0  0.0 grep --color=auto ./cli       0  2168
25.0  4.8 ./cli kernel images/4096x40   0 394572
25.1  4.8 ./cli kernel images/4096x40   0 394612
25.4  4.8 ./cli kernel images/4096x40   0 394532
25.4  4.8 ./cli kernel images/4096x40   0 394592
25.8  4.8 ./cli kernel images/4096x40   1 394548
  PID User     Command                         Swap      USS      PSS      RSS 
37893 codespace /usr/bin/python3 /usr/bin/s        0    12056    12336    14616 
35165 codespace ./cli kernel images/4096x40        0   393320   393371   394572 
35173 codespace ./cli kernel images/4096x40        0   393320   393371   394532 
35169 codespace ./cli kernel images/4096x40        0   393324   393375   394548 
35175 codespace ./cli kernel images/4096x40        0   393324   393377   394592 
35171 codespace ./cli kernel images/4096x40        0   393324   393379   394612 
%CPU %MEM ARGS Wed Sep 30 20:40:43 UTC 2026
 0.0  0.0 grep --color=auto ./cli       0  2160
24.9  4.8 ./cli kernel images/4096x40   0 394572
25.1  4.8 ./cli kernel images/4096x40   1 394612
25.4  4.8 ./cli kernel images/4096x40   0 394532
25.4  4.8 ./cli kernel images/4096x40   0 394592
25.8  4.8 ./cli kernel images/4096x40   0 394548
  PID User     Command                         Swap      USS      PSS      RSS 
37899 codespace /usr/bin/python3 /usr/bin/s        0    12008    12268    14492 
35165 codespace ./cli kernel images/4096x40        0   393320   393371   394572 
35173 codespace ./cli kernel images/4096x40        0   393320   393371   394532 
35169 codespace ./cli kernel images/4096x40        0   393324   393375   394548 
35175 codespace ./cli kernel images/4096x40        0   393324   393377   394592 
35171 codespace ./cli kernel images/4096x40        0   393324   393379   394612 
%CPU %MEM ARGS Wed Sep 30 20:40:44 UTC 2026
 0.0  0.0 grep --color=auto ./cli       1  2152
24.9  4.8 ./cli kernel images/4096x40   0 394572
25.1  4.8 ./cli kernel images/4096x40   0 394612
25.3  4.8 ./cli kernel images/4096x40   0 394532
25.3  4.8 ./cli kernel images/4096x40   0 394592
25.7  4.8 ./cli kernel images/4096x40   0 394548
  PID User     Command                         Swap      USS      PSS      RSS 
37907 codespace /usr/bin/python3 /usr/bin/s        0    12068    12345    14516 
35165 codespace ./cli kernel images/4096x40        0   393320   393371   394572 
35173 codespace ./cli kernel images/4096x40        0   393320   393371   394532 
35169 codespace ./cli kernel images/4096x40        0   393324   393375   394548 
35175 codespace ./cli kernel images/4096x40        0   393324   393377   394592 
35171 codespace ./cli kernel images/4096x40        0   393324   393379   394612 
%CPU %MEM ARGS Wed Sep 30 20:40:45 UTC 2026
 0.0  0.0 grep --color=auto ./cli       1  2164
24.9  4.8 ./cli kernel images/4096x40   1 394572
25.1  4.8 ./cli kernel images/4096x40   0 394612
25.3  4.8 ./cli kernel images/4096x40   1 394532
25.3  4.8 ./cli kernel images/4096x40   1 394592
25.7  4.8 ./cli kernel images/4096x40   1 394548
  PID User     Command                         Swap      USS      PSS      RSS 
37917 codespace /usr/bin/python3 /usr/bin/s        0    12064    12339    14512 
35165 codespace ./cli kernel images/4096x40        0   393320   393371   394572 
35173 codespace ./cli kernel images/4096x40        0   393320   393371   394532 
35169 codespace ./cli kernel images/4096x40        0   393324   393375   394548 
35175 codespace ./cli kernel images/4096x40        0   393324   393377   394592 
35171 codespace ./cli kernel images/4096x40        0   393324   393379   394612 
%CPU %MEM ARGS Wed Sep 30 20:40:46 UTC 2026
 0.0  0.0 grep --color=auto ./cli       1  2288
24.9  4.8 ./cli kernel images/4096x40   1 394572
25.2  4.8 ./cli kernel images/4096x40   0 394612
25.2  4.8 ./cli kernel images/4096x40   1 394532
25.2  4.8 ./cli kernel images/4096x40   0 394592
25.6  4.8 ./cli kernel images/4096x40   0 394548
  PID User     Command                         Swap      USS      PSS      RSS 
37924 codespace /usr/bin/python3 /usr/bin/s        0    12056    12293    14476 
35173 codespace ./cli kernel images/4096x40        0   393320   393370   394532 
35165 codespace ./cli kernel images/4096x40        0   393320   393371   394572 
35169 codespace ./cli kernel images/4096x40        0   393324   393375   394548 
35175 codespace ./cli kernel images/4096x40        0   393324   393375   394592 
35171 codespace ./cli kernel images/4096x40        0   393324   393379   394612 
%CPU %MEM ARGS Wed Sep 30 20:40:48 UTC 2026
 0.0  0.0 grep --color=auto ./cli       0  2144
24.8  4.8 ./cli kernel images/4096x40   1 394572
25.1  4.8 ./cli kernel images/4096x40   1 394612
25.2  4.8 ./cli kernel images/4096x40   1 394532
25.2  4.8 ./cli kernel images/4096x40   0 394592
25.6  4.8 ./cli kernel images/4096x40   0 394548
  PID User     Command                         Swap      USS      PSS      RSS 
37943 codespace /usr/bin/python3 /usr/bin/s        0    12060    12318    14536 
35165 codespace ./cli kernel images/4096x40        0   393320   393371   394572 
35173 codespace ./cli kernel images/4096x40        0   393320   393371   394532 
35169 codespace ./cli kernel images/4096x40        0   393324   393375   394548 
35175 codespace ./cli kernel images/4096x40        0   393324   393377   394592 
35171 codespace ./cli kernel images/4096x40        0   393324   393379   394612 
%CPU %MEM ARGS Wed Sep 30 20:40:49 UTC 2026
 0.0  0.0 grep --color=auto ./cli       1  2200
24.8  4.8 ./cli kernel images/4096x40   1 394572
25.1  4.8 ./cli kernel images/4096x40   0 394612
25.1  4.8 ./cli kernel images/4096x40   1 394532
25.2  4.8 ./cli kernel images/4096x40   1 394592
25.5  4.8 ./cli kernel images/4096x40   1 394548
  PID User     Command                         Swap      USS      PSS      RSS 
37951 codespace /usr/bin/python3 /usr/bin/s        0    12080    12369    14588 
35173 codespace ./cli kernel images/4096x40        0   393320   393371   394532 
35165 codespace ./cli kernel images/4096x40        0   393320   393374   394572 
35169 codespace ./cli kernel images/4096x40        0   393324   393375   394548 
35175 codespace ./cli kernel images/4096x40        0   393324   393377   394592 
35171 codespace ./cli kernel images/4096x40        0   393324   393379   394612 
%CPU %MEM ARGS Wed Sep 30 20:40:50 UTC 2026
 0.0  0.0 grep --color=auto ./cli       1  2164
24.7  4.8 ./cli kernel images/4096x40   1 394572
25.1  4.8 ./cli kernel images/4096x40   1 394612
25.1  4.8 ./cli kernel images/4096x40   1 394532
25.2  4.8 ./cli kernel images/4096x40   0 394592
25.5  4.8 ./cli kernel images/4096x40   1 394548
  PID User     Command                         Swap      USS      PSS      RSS 
37961 codespace /usr/bin/python3 /usr/bin/s        0    12056    12318    14524 
35173 codespace ./cli kernel images/4096x40        0   393320   393371   394532 
35165 codespace ./cli kernel images/4096x40        0   393320   393372   394572 
35169 codespace ./cli kernel images/4096x40        0   393324   393375   394548 
35175 codespace ./cli kernel images/4096x40        0   393324   393377   394592 
35171 codespace ./cli kernel images/4096x40        0   393324   393379   394612 
%CPU %MEM ARGS Wed Sep 30 20:40:51 UTC 2026
 0.0  0.0 grep --color=auto ./cli       1  2208
24.7  4.8 ./cli kernel images/4096x40   1 394572
25.0  4.8 ./cli kernel images/4096x40   1 394612
25.1  4.8 ./cli kernel images/4096x40   0 394532
25.2  4.8 ./cli kernel images/4096x40   1 394592
25.5  4.8 ./cli kernel images/4096x40   1 394548
  PID User     Command                         Swap      USS      PSS      RSS 
37967 codespace /usr/bin/python3 /usr/bin/s        0    12060    12316    14540 
35165 codespace ./cli kernel images/4096x40        0   393320   393371   394572 
35173 codespace ./cli kernel images/4096x40        0   393320   393371   394532 
35169 codespace ./cli kernel images/4096x40        0   393324   393375   394548 
35175 codespace ./cli kernel images/4096x40        0   393324   393377   394592 
35171 codespace ./cli kernel images/4096x40        0   393324   393379   394612 
%CPU %MEM ARGS Wed Sep 30 20:40:52 UTC 2026
 0.0  0.0 grep --color=auto ./cli       0  2288
24.6  4.8 ./cli kernel images/4096x40   1 394572
25.0  4.8 ./cli kernel images/4096x40   0 394612
25.0  4.8 ./cli kernel images/4096x40   0 394532
25.2  4.8 ./cli kernel images/4096x40   1 394592
25.4  4.8 ./cli kernel images/4096x40   1 394548
  PID User     Command                         Swap      USS      PSS      RSS 
37996 codespace /usr/bin/python3 /usr/bin/s        0    12060    12312    14476 
35173 codespace ./cli kernel images/4096x40        0   393320   393366   394532 
35165 codespace ./cli kernel images/4096x40        0   393320   393371   394572 
35169 codespace ./cli kernel images/4096x40        0   393324   393375   394548 
35175 codespace ./cli kernel images/4096x40        0   393324   393377   394592 
35171 codespace ./cli kernel images/4096x40        0   393324   393379   394612 
%CPU %MEM ARGS Wed Sep 30 20:40:54 UTC 2026
 0.0  0.0 grep --color=auto ./cli       0  2248
24.6  4.8 ./cli kernel images/4096x40   0 394572
24.9  4.8 ./cli kernel images/4096x40   0 394612
25.0  4.8 ./cli kernel images/4096x40   0 394532
25.1  4.8 ./cli kernel images/4096x40   0 394592
25.3  4.8 ./cli kernel images/4096x40   1 394548
  PID User     Command                         Swap      USS      PSS      RSS 
38016 codespace /usr/bin/python3 /usr/bin/s        0    12060    12344    14620 
35165 codespace ./cli kernel images/4096x40        0   393320   393371   394572 
35173 codespace ./cli kernel images/4096x40        0   393320   393371   394532 
35169 codespace ./cli kernel images/4096x40        0   393324   393375   394548 
35175 codespace ./cli kernel images/4096x40        0   393324   393377   394592 
35171 codespace ./cli kernel images/4096x40        0   393324   393379   394612 
%CPU %MEM ARGS Wed Sep 30 20:40:55 UTC 2026
 0.0  0.0 grep --color=auto ./cli       0  2160
24.5  4.8 ./cli kernel images/4096x40   1 394572
24.9  4.8 ./cli kernel images/4096x40   1 394612
25.0  4.8 ./cli kernel images/4096x40   0 394532
25.1  4.8 ./cli kernel images/4096x40   0 394592
25.3  4.8 ./cli kernel images/4096x40   1 394548
  PID User     Command                         Swap      USS      PSS      RSS 
38022 codespace /usr/bin/python3 /usr/bin/s        0    12060    12314    14476 
35169 codespace ./cli kernel images/4096x40        0   393324   393370   394548 
35173 codespace ./cli kernel images/4096x40        0   393320   393370   394532 
35165 codespace ./cli kernel images/4096x40        0   393320   393371   394572 
35175 codespace ./cli kernel images/4096x40        0   393324   393377   394592 
35171 codespace ./cli kernel images/4096x40        0   393324   393379   394612 
%CPU %MEM ARGS Wed Sep 30 20:40:56 UTC 2026
 0.0  0.0 grep --color=auto ./cli       0  2308
24.5  4.8 ./cli kernel images/4096x40   0 394572
24.8  4.8 ./cli kernel images/4096x40   0 394612
25.0  4.8 ./cli kernel images/4096x40   0 394532
25.1  4.8 ./cli kernel images/4096x40   1 394592
25.3  4.8 ./cli kernel images/4096x40   0 394548
  PID User     Command                         Swap      USS      PSS      RSS 
38034 codespace /usr/bin/python3 /usr/bin/s        0    12056    12335    14564 
35165 codespace ./cli kernel images/4096x40        0   393320   393371   394572 
35173 codespace ./cli kernel images/4096x40        0   393320   393371   394532 
35169 codespace ./cli kernel images/4096x40        0   393324   393375   394548 
35175 codespace ./cli kernel images/4096x40        0   393324   393377   394592 
35171 codespace ./cli kernel images/4096x40        0   393324   393379   394612 
%CPU %MEM ARGS Wed Sep 30 20:40:57 UTC 2026
 0.0  0.0 grep --color=auto ./cli       1  2168
24.5  4.8 ./cli kernel images/4096x40   1 394572
24.8  4.8 ./cli kernel images/4096x40   0 394612
24.9  4.8 ./cli kernel images/4096x40   1 394532
25.1  4.8 ./cli kernel images/4096x40   1 394592
25.2  4.8 ./cli kernel images/4096x40   1 394548
  PID User     Command                         Swap      USS      PSS      RSS 
38040 codespace /usr/bin/python3 /usr/bin/s        0    12056    12304    14472 
35165 codespace ./cli kernel images/4096x40        0   393320   393371   394572 
35173 codespace ./cli kernel images/4096x40        0   393320   393371   394532 
35175 codespace ./cli kernel images/4096x40        0   393324   393371   394592 
35169 codespace ./cli kernel images/4096x40        0   393324   393375   394548 
35171 codespace ./cli kernel images/4096x40        0   393324   393379   394612 
%CPU %MEM ARGS Wed Sep 30 20:40:58 UTC 2026
 0.0  0.0 grep --color=auto ./cli       0  2252
24.4  4.8 ./cli kernel images/4096x40   1 394572
24.8  4.8 ./cli kernel images/4096x40   1 394612
24.9  4.8 ./cli kernel images/4096x40   0 394532
25.0  4.8 ./cli kernel images/4096x40   1 394592
25.2  4.8 ./cli kernel images/4096x40   1 394548
  PID User     Command                         Swap      USS      PSS      RSS 
38052 codespace /usr/bin/python3 /usr/bin/s        0    12064    12337    14512 
35165 codespace ./cli kernel images/4096x40        0   393320   393370   394572 
35173 codespace ./cli kernel images/4096x40        0   393320   393371   394532 
35169 codespace ./cli kernel images/4096x40        0   393324   393375   394548 
35175 codespace ./cli kernel images/4096x40        0   393324   393377   394592 
35171 codespace ./cli kernel images/4096x40        0   393324   393379   394612 
%CPU %MEM ARGS Wed Sep 30 20:40:59 UTC 2026
 0.0  0.0 grep --color=auto ./cli       0  2296
24.4  4.8 ./cli kernel images/4096x40   1 394572
24.8  4.8 ./cli kernel images/4096x40   0 394612
24.9  4.8 ./cli kernel images/4096x40   0 394532
25.0  4.8 ./cli kernel images/4096x40   0 394592
25.2  4.8 ./cli kernel images/4096x40   1 394548
  PID User     Command                         Swap      USS      PSS      RSS 
38064 codespace /usr/bin/python3 /usr/bin/s        0    12056    12325    14472 
35165 codespace ./cli kernel images/4096x40        0   393320   393371   394572 
35173 codespace ./cli kernel images/4096x40        0   393320   393371   394532 
35169 codespace ./cli kernel images/4096x40        0   393324   393375   394548 
35175 codespace ./cli kernel images/4096x40        0   393324   393377   394592 
35171 codespace ./cli kernel images/4096x40        0   393324   393379   394612 
%CPU %MEM ARGS Wed Sep 30 20:41:01 UTC 2026
 0.0  0.0 grep --color=auto ./cli       0  2152
24.4  4.8 ./cli kernel images/4096x40   1 394572
24.8  4.8 ./cli kernel images/4096x40   1 394612
24.9  4.8 ./cli kernel images/4096x40   1 394532
25.0  4.8 ./cli kernel images/4096x40   1 394592
25.1  4.8 ./cli kernel images/4096x40   1 394548
  PID User     Command                         Swap      USS      PSS      RSS 
38076 codespace /usr/bin/python3 /usr/bin/s        0    12052    12329    14560 
35173 codespace ./cli kernel images/4096x40        0   393320   393371   394532 
35165 codespace ./cli kernel images/4096x40        0   393320   393372   394572 
35169 codespace ./cli kernel images/4096x40        0   393324   393375   394548 
35175 codespace ./cli kernel images/4096x40        0   393324   393377   394592 
35171 codespace ./cli kernel images/4096x40        0   393324   393379   394612 
%CPU %MEM ARGS Wed Sep 30 20:41:01 UTC 2026
 0.0  0.0 grep --color=auto ./cli       1  2172
24.4  4.8 ./cli kernel images/4096x40   0 394572
24.8  4.8 ./cli kernel images/4096x40   1 394612
24.8  4.8 ./cli kernel images/4096x40   1 394532
24.9  4.8 ./cli kernel images/4096x40   1 394592
25.1  4.8 ./cli kernel images/4096x40   1 394548
  PID User     Command                         Swap      USS      PSS      RSS 
38082 codespace /usr/bin/python3 /usr/bin/s        0    12080    12370    14588 
35165 codespace ./cli kernel images/4096x40        0   393320   393371   394572 
35173 codespace ./cli kernel images/4096x40        0   393320   393371   394532 
35169 codespace ./cli kernel images/4096x40        0   393324   393375   394548 
35175 codespace ./cli kernel images/4096x40        0   393324   393377   394592 
35171 codespace ./cli kernel images/4096x40        0   393324   393379   394612 
%CPU %MEM ARGS Wed Sep 30 20:41:02 UTC 2026
 0.0  0.0 grep --color=auto ./cli       1  2372
24.4  4.8 ./cli kernel images/4096x40   1 394572
24.7  4.8 ./cli kernel images/4096x40   0 394612
24.8  4.8 ./cli kernel images/4096x40   1 394532
24.9  4.8 ./cli kernel images/4096x40   0 394592
25.1  4.8 ./cli kernel images/4096x40   1 394548
  PID User     Command                         Swap      USS      PSS      RSS 
38088 codespace /usr/bin/python3 /usr/bin/s        0    12008    12240    14492 
35165 codespace ./cli kernel images/4096x40        0   393320   393371   394572 
35173 codespace ./cli kernel images/4096x40        0   393320   393371   394532 
35169 codespace ./cli kernel images/4096x40        0   393324   393375   394548 
35175 codespace ./cli kernel images/4096x40        0   393324   393375   394592 
35171 codespace ./cli kernel images/4096x40        0   393324   393379   394612 
%CPU %MEM ARGS Wed Sep 30 20:41:03 UTC 2026
 0.0  0.0 grep --color=auto ./cli       1  2156
24.3  4.8 ./cli kernel images/4096x40   0 394572
24.7  4.8 ./cli kernel images/4096x40   0 394612
24.8  4.8 ./cli kernel images/4096x40   0 394532
24.9  4.8 ./cli kernel images/4096x40   0 394592
25.1  4.8 ./cli kernel images/4096x40   1 394548
  PID User     Command                         Swap      USS      PSS      RSS 
38117 codespace /usr/bin/python3 /usr/bin/s        0    12060    12312    14540 
35165 codespace ./cli kernel images/4096x40        0   393320   393371   394572 
35173 codespace ./cli kernel images/4096x40        0   393320   393371   394532 
35169 codespace ./cli kernel images/4096x40        0   393324   393375   394548 
35175 codespace ./cli kernel images/4096x40        0   393324   393377   394592 
35171 codespace ./cli kernel images/4096x40        0   393324   393379   394612 
%CPU %MEM ARGS Wed Sep 30 20:41:04 UTC 2026
 0.0  0.0 grep --color=auto ./cli       0  2208
24.3  4.8 ./cli kernel images/4096x40   0 394572
24.6  4.8 ./cli kernel images/4096x40   0 394612
24.7  4.8 ./cli kernel images/4096x40   0 394532
24.8  4.8 ./cli kernel images/4096x40   0 394592
25.1  4.8 ./cli kernel images/4096x40   1 394548
  PID User     Command                         Swap      USS      PSS      RSS 
38123 codespace /usr/bin/python3 /usr/bin/s        0    12060    12280    14540 
35165 codespace ./cli kernel images/4096x40        0   393320   393371   394572 
35173 codespace ./cli kernel images/4096x40        0   393320   393371   394532 
35175 codespace ./cli kernel images/4096x40        0   393324   393373   394592 
35169 codespace ./cli kernel images/4096x40        0   393324   393375   394548 
35171 codespace ./cli kernel images/4096x40        0   393324   393379   394612 
%CPU %MEM ARGS Wed Sep 30 20:41:05 UTC 2026
 0.0  0.0 grep --color=auto ./cli       0  2196
24.2  4.8 ./cli kernel images/4096x40   0 394572
24.6  4.8 ./cli kernel images/4096x40   0 394612
24.7  4.8 ./cli kernel images/4096x40   0 394532
24.8  4.8 ./cli kernel images/4096x40   0 394592
25.1  4.8 ./cli kernel images/4096x40   1 394548
  PID User     Command                         Swap      USS      PSS      RSS 
38141 codespace /usr/bin/python3 /usr/bin/s        0    12048    12299    14464 
35173 codespace ./cli kernel images/4096x40        0   393320   393371   394532 
35165 codespace ./cli kernel images/4096x40        0   393320   393372   394572 
35169 codespace ./cli kernel images/4096x40        0   393324   393375   394548 
35175 codespace ./cli kernel images/4096x40        0   393324   393377   394592 
35171 codespace ./cli kernel images/4096x40        0   393324   393379   394612 
%CPU %MEM ARGS Wed Sep 30 20:41:06 UTC 2026
 0.0  0.0 grep --color=auto ./cli       0  2212
24.2  4.8 ./cli kernel images/4096x40   0 394572
24.6  4.8 ./cli kernel images/4096x40   0 394612
24.7  4.8 ./cli kernel images/4096x40   0 394532
24.8  4.8 ./cli kernel images/4096x40   1 394592
25.1  4.8 ./cli kernel images/4096x40   0 394548
  PID User     Command                         Swap      USS      PSS      RSS 
38147 codespace /usr/bin/python3 /usr/bin/s        0    12060    12319    14512 
35173 codespace ./cli kernel images/4096x40        0   393320   393371   394532 
35165 codespace ./cli kernel images/4096x40        0   393320   393372   394572 
35169 codespace ./cli kernel images/4096x40        0   393324   393375   394548 
35175 codespace ./cli kernel images/4096x40        0   393324   393376   394592 
35171 codespace ./cli kernel images/4096x40        0   393324   393379   394612 
%CPU %MEM ARGS Wed Sep 30 20:41:07 UTC 2026
 0.0  0.0 grep --color=auto ./cli       1  2148
24.2  4.8 ./cli kernel images/4096x40   0 394572
24.6  4.8 ./cli kernel images/4096x40   1 394612
24.7  4.8 ./cli kernel images/4096x40   0 394532
24.7  4.8 ./cli kernel images/4096x40   0 394592
25.0  4.8 ./cli kernel images/4096x40   0 394548
  PID User     Command                         Swap      USS      PSS      RSS 
38159 codespace /usr/bin/python3 /usr/bin/s        0    12052    12298    14468 
35165 codespace ./cli kernel images/4096x40        0   393320   393371   394572 
35173 codespace ./cli kernel images/4096x40        0   393320   393371   394532 
35169 codespace ./cli kernel images/4096x40        0   393324   393375   394548 
35175 codespace ./cli kernel images/4096x40        0   393324   393377   394592 
35171 codespace ./cli kernel images/4096x40        0   393324   393379   394612 
%CPU %MEM ARGS Wed Sep 30 20:41:09 UTC 2026
 0.0  0.0 grep --color=auto ./cli       1  2252
24.1  4.8 ./cli kernel images/4096x40   0 394572
24.6  4.8 ./cli kernel images/4096x40   1 394612
24.7  4.8 ./cli kernel images/4096x40   0 394532
24.7  4.8 ./cli kernel images/4096x40   0 394592
25.0  4.8 ./cli kernel images/4096x40   0 394548
  PID User     Command                         Swap      USS      PSS      RSS 
38165 codespace /usr/bin/python3 /usr/bin/s        0    12060    12324    14512 
35173 codespace ./cli kernel images/4096x40        0   393320   393371   394532 
35165 codespace ./cli kernel images/4096x40        0   393320   393372   394572 
35169 codespace ./cli kernel images/4096x40        0   393324   393375   394548 
35175 codespace ./cli kernel images/4096x40        0   393324   393377   394592 
35171 codespace ./cli kernel images/4096x40        0   393324   393379   394612 
%CPU %MEM ARGS Wed Sep 30 20:41:10 UTC 2026
 0.0  0.0 grep --color=auto ./cli       0  2180
24.1  4.8 ./cli kernel images/4096x40   0 394572
24.6  4.8 ./cli kernel images/4096x40   0 394532
24.6  4.8 ./cli kernel images/4096x40   1 394612
24.7  4.8 ./cli kernel images/4096x40   0 394592
25.0  4.8 ./cli kernel images/4096x40   0 394548
  PID User     Command                         Swap      USS      PSS      RSS 
38178 codespace /usr/bin/python3 /usr/bin/s        0    12060    12314    14476 
35165 codespace ./cli kernel images/4096x40        0   393320   393370   394572 
35173 codespace ./cli kernel images/4096x40        0   393320   393371   394532 
35169 codespace ./cli kernel images/4096x40        0   393324   393375   394548 
35175 codespace ./cli kernel images/4096x40        0   393324   393377   394592 
35171 codespace ./cli kernel images/4096x40        0   393324   393379   394612 
%CPU %MEM ARGS Wed Sep 30 20:41:10 UTC 2026
 0.0  0.0 grep --color=auto ./cli       1  2160
24.1  4.8 ./cli kernel images/4096x40   1 394572
24.6  4.8 ./cli kernel images/4096x40   0 394532
24.6  4.8 ./cli kernel images/4096x40   1 394612
24.6  4.8 ./cli kernel images/4096x40   1 394592
24.9  4.8 ./cli kernel images/4096x40   0 394548
  PID User     Command                         Swap      USS      PSS      RSS 
38189 codespace /usr/bin/python3 /usr/bin/s        0    12056    12311    14472 
35165 codespace ./cli kernel images/4096x40        0   393320   393371   394572 
35173 codespace ./cli kernel images/4096x40        0   393320   393371   394532 
35169 codespace ./cli kernel images/4096x40        0   393324   393375   394548 
35175 codespace ./cli kernel images/4096x40        0   393324   393377   394592 
35171 codespace ./cli kernel images/4096x40        0   393324   393379   394612 
%CPU %MEM ARGS Wed Sep 30 20:41:12 UTC 2026
 0.0  0.0 grep --color=auto ./cli       0  2288
24.0  4.8 ./cli kernel images/4096x40   1 394572
24.6  4.8 ./cli kernel images/4096x40   1 394532
24.6  4.8 ./cli kernel images/4096x40   1 394612
24.6  4.8 ./cli kernel images/4096x40   1 394592
25.0  4.8 ./cli kernel images/4096x40   0 394548
  PID User     Command                         Swap      USS      PSS      RSS 
38195 codespace /usr/bin/python3 /usr/bin/s        0    12052    12299    14468 
35173 codespace ./cli kernel images/4096x40        0   393320   393366   394532 
35165 codespace ./cli kernel images/4096x40        0   393320   393371   394572 
35169 codespace ./cli kernel images/4096x40        0   393324   393375   394548 
35171 codespace ./cli kernel images/4096x40        0   393324   393376   394612 
35175 codespace ./cli kernel images/4096x40        0   393324   393377   394592 
%CPU %MEM ARGS Wed Sep 30 20:41:12 UTC 2026
 0.0  0.0 grep --color=auto ./cli       0  2184
24.0  4.8 ./cli kernel images/4096x40   1 394572
24.5  4.8 ./cli kernel images/4096x40   0 394532
24.6  4.8 ./cli kernel images/4096x40   1 394612
24.6  4.8 ./cli kernel images/4096x40   1 394592
25.0  4.8 ./cli kernel images/4096x40   0 394548
  PID User     Command                         Swap      USS      PSS      RSS 
38207 codespace /usr/bin/python3 /usr/bin/s        0    12060    12320    14536 
35165 codespace ./cli kernel images/4096x40        0   393320   393370   394572 
35173 codespace ./cli kernel images/4096x40        0   393320   393371   394532 
35169 codespace ./cli kernel images/4096x40        0   393324   393375   394548 
35175 codespace ./cli kernel images/4096x40        0   393324   393377   394592 
35171 codespace ./cli kernel images/4096x40        0   393324   393379   394612 
%CPU %MEM ARGS Wed Sep 30 20:41:13 UTC 2026
 0.0  0.0 grep --color=auto ./cli       0  2180
24.0  4.8 ./cli kernel images/4096x40   0 394572
24.5  4.8 ./cli kernel images/4096x40   1 394532
24.5  4.8 ./cli kernel images/4096x40   0 394612
24.6  4.8 ./cli kernel images/4096x40   0 394592
24.9  4.8 ./cli kernel images/4096x40   0 394548
  PID User     Command                         Swap      USS      PSS      RSS 
38231 codespace /usr/bin/python3 /usr/bin/s        0    12060    12345    14620 
35173 codespace ./cli kernel images/4096x40        0   393320   393365   394532 
35165 codespace ./cli kernel images/4096x40        0   393320   393371   394572 
35169 codespace ./cli kernel images/4096x40        0   393324   393375   394548 
35175 codespace ./cli kernel images/4096x40        0   393324   393377   394592 
35171 codespace ./cli kernel images/4096x40        0   393324   393379   394612 
%CPU %MEM ARGS Wed Sep 30 20:41:14 UTC 2026
 0.0  0.0 grep --color=auto ./cli       0  2160
24.0  4.8 ./cli kernel images/4096x40   1 394572
24.5  4.8 ./cli kernel images/4096x40   0 394532
24.5  4.8 ./cli kernel images/4096x40   0 394612
24.5  4.8 ./cli kernel images/4096x40   0 394592
24.9  4.8 ./cli kernel images/4096x40   0 394548
  PID User     Command                         Swap      USS      PSS      RSS 
38243 codespace /usr/bin/python3 /usr/bin/s        0    12048    12303    14528 
35165 codespace ./cli kernel images/4096x40        0   393320   393371   394572 
35173 codespace ./cli kernel images/4096x40        0   393320   393371   394532 
35169 codespace ./cli kernel images/4096x40        0   393324   393375   394548 
35175 codespace ./cli kernel images/4096x40        0   393324   393377   394592 
35171 codespace ./cli kernel images/4096x40        0   393324   393379   394612 
%CPU %MEM ARGS Wed Sep 30 20:41:16 UTC 2026
 0.0  0.0 grep --color=auto ./cli       0  2304
24.1  4.8 ./cli kernel images/4096x40   1 394572
24.4  4.8 ./cli kernel images/4096x40   1 394532
24.4  4.8 ./cli kernel images/4096x40   1 394612
24.5  4.8 ./cli kernel images/4096x40   0 394592
24.8  4.8 ./cli kernel images/4096x40   1 394548
  PID User     Command                         Swap      USS      PSS      RSS 
38255 codespace /usr/bin/python3 /usr/bin/s        0    12076    12364    14588 
35173 codespace ./cli kernel images/4096x40        0   393320   393371   394532 
35165 codespace ./cli kernel images/4096x40        0   393320   393372   394572 
35169 codespace ./cli kernel images/4096x40        0   393324   393375   394548 
35175 codespace ./cli kernel images/4096x40        0   393324   393377   394592 
35171 codespace ./cli kernel images/4096x40        0   393324   393379   394612 
%CPU %MEM ARGS Wed Sep 30 20:41:17 UTC 2026
 0.0  0.0 grep --color=auto ./cli       1  2180
24.1  4.8 ./cli kernel images/4096x40   0 394572
24.4  4.8 ./cli kernel images/4096x40   0 394532
24.4  4.8 ./cli kernel images/4096x40   0 394612
24.5  4.8 ./cli kernel images/4096x40   1 394592
24.8  4.8 ./cli kernel images/4096x40   0 394548
  PID User     Command                         Swap      USS      PSS      RSS 
38267 codespace /usr/bin/python3 /usr/bin/s        0    12056    12307    14472 
35165 codespace ./cli kernel images/4096x40        0   393320   393371   394572 
35173 codespace ./cli kernel images/4096x40        0   393320   393371   394532 
35169 codespace ./cli kernel images/4096x40        0   393324   393375   394548 
35175 codespace ./cli kernel images/4096x40        0   393324   393377   394592 
35171 codespace ./cli kernel images/4096x40        0   393324   393379   394612 
%CPU %MEM ARGS Wed Sep 30 20:41:18 UTC 2026
 0.0  0.0 grep --color=auto ./cli       1  2172
24.0  4.8 ./cli kernel images/4096x40   1 394572
24.4  4.8 ./cli kernel images/4096x40   1 394532
24.4  4.8 ./cli kernel images/4096x40   1 394612
24.5  4.8 ./cli kernel images/4096x40   1 394592
24.8  4.8 ./cli kernel images/4096x40   0 394548
  PID User     Command                         Swap      USS      PSS      RSS 
38273 codespace /usr/bin/python3 /usr/bin/s        0    12056    12324    14472 
35165 codespace ./cli kernel images/4096x40        0   393320   393371   394572 
35173 codespace ./cli kernel images/4096x40        0   393320   393371   394532 
35169 codespace ./cli kernel images/4096x40        0   393324   393375   394548 
35175 codespace ./cli kernel images/4096x40        0   393324   393377   394592 
35171 codespace ./cli kernel images/4096x40        0   393324   393379   394612 
%CPU %MEM ARGS Wed Sep 30 20:41:19 UTC 2026
 0.0  0.0 grep --color=auto ./cli       1  2152
24.0  4.8 ./cli kernel images/4096x40   0 394572
24.3  4.8 ./cli kernel images/4096x40   1 394532
24.4  4.8 ./cli kernel images/4096x40   1 394612
24.4  4.8 ./cli kernel images/4096x40   1 394592
24.8  4.8 ./cli kernel images/4096x40   1 394548
  PID User     Command                         Swap      USS      PSS      RSS 
38286 codespace /usr/bin/python3 /usr/bin/s        0    12056    12321    14472 
35165 codespace ./cli kernel images/4096x40        0   393320   393371   394572 
35173 codespace ./cli kernel images/4096x40        0   393320   393371   394532 
35169 codespace ./cli kernel images/4096x40        0   393324   393375   394548 
35175 codespace ./cli kernel images/4096x40        0   393324   393377   394592 
35171 codespace ./cli kernel images/4096x40        0   393324   393379   394612 
%CPU %MEM ARGS Wed Sep 30 20:41:20 UTC 2026
 0.0  0.0 grep --color=auto ./cli       1  2252
24.1  4.8 ./cli kernel images/4096x40   1 394572
24.3  4.8 ./cli kernel images/4096x40   1 394532
24.3  4.8 ./cli kernel images/4096x40   1 394612
24.4  4.8 ./cli kernel images/4096x40   1 394592
24.7  4.8 ./cli kernel images/4096x40   0 394548
  PID User     Command                         Swap      USS      PSS      RSS 
38292 codespace /usr/bin/python3 /usr/bin/s        0    12028    12291    14496 
35173 codespace ./cli kernel images/4096x40        0   393320   393371   394532 
35165 codespace ./cli kernel images/4096x40        0   393320   393372   394572 
35169 codespace ./cli kernel images/4096x40        0   393324   393375   394548 
35175 codespace ./cli kernel images/4096x40        0   393324   393377   394592 
35171 codespace ./cli kernel images/4096x40        0   393324   393380   394612 
%CPU %MEM ARGS Wed Sep 30 20:41:21 UTC 2026
 0.0  0.0 grep --color=auto ./cli       0  2172
24.0  4.8 ./cli kernel images/4096x40   1 394572
24.3  4.8 ./cli kernel images/4096x40   1 394532
24.3  4.8 ./cli kernel images/4096x40   1 394612
24.4  4.8 ./cli kernel images/4096x40   1 394592
24.7  4.8 ./cli kernel images/4096x40   0 394548
  PID User     Command                         Swap      USS      PSS      RSS 
38297 codespace /usr/bin/python3 /usr/bin/s        0    12060    12313    14476 
35165 codespace ./cli kernel images/4096x40        0   393320   393370   394572 
35173 codespace ./cli kernel images/4096x40        0   393320   393371   394532 
35169 codespace ./cli kernel images/4096x40        0   393324   393374   394548 
35175 codespace ./cli kernel images/4096x40        0   393324   393377   394592 
35171 codespace ./cli kernel images/4096x40        0   393324   393379   394612 
%CPU %MEM ARGS Wed Sep 30 20:41:22 UTC 2026
 0.0  0.0 grep --color=auto ./cli       1  2172
24.1  4.8 ./cli kernel images/4096x40   1 394572
24.2  4.8 ./cli kernel images/4096x40   0 394532
24.3  4.8 ./cli kernel images/4096x40   1 394612
24.3  4.8 ./cli kernel images/4096x40   1 394592
24.7  4.8 ./cli kernel images/4096x40   1 394548
  PID User     Command                         Swap      USS      PSS      RSS 
38316 codespace /usr/bin/python3 /usr/bin/s        0    12064    12344    14512 
35165 codespace ./cli kernel images/4096x40        0   393320   393371   394572 
35173 codespace ./cli kernel images/4096x40        0   393320   393371   394532 
35169 codespace ./cli kernel images/4096x40        0   393324   393375   394548 
35175 codespace ./cli kernel images/4096x40        0   393324   393377   394592 
35171 codespace ./cli kernel images/4096x40        0   393324   393379   394612 
%CPU %MEM ARGS Wed Sep 30 20:41:23 UTC 2026
 0.0  0.0 grep --color=auto ./cli       0  2340
24.0  4.8 ./cli kernel images/4096x40   0 394572
24.3  4.8 ./cli kernel images/4096x40   1 394612
24.3  4.8 ./cli kernel images/4096x40   0 394532
24.3  4.8 ./cli kernel images/4096x40   0 394592
24.6  4.8 ./cli kernel images/4096x40   0 394548
  PID User     Command                         Swap      USS      PSS      RSS 
38328 codespace /usr/bin/python3 /usr/bin/s        0    12056    12303    14472 
35173 codespace ./cli kernel images/4096x40        0   393320   393371   394532 
35165 codespace ./cli kernel images/4096x40        0   393320   393372   394572 
35169 codespace ./cli kernel images/4096x40        0   393324   393375   394548 
35175 codespace ./cli kernel images/4096x40        0   393324   393377   394592 
35171 codespace ./cli kernel images/4096x40        0   393324   393379   394612 
%CPU %MEM ARGS Wed Sep 30 20:41:24 UTC 2026
 0.0  0.0 grep --color=auto ./cli       1  2192
24.0  4.8 ./cli kernel images/4096x40   0 394572
24.2  4.8 ./cli kernel images/4096x40   0 394532
24.3  4.8 ./cli kernel images/4096x40   0 394592
24.3  4.8 ./cli kernel images/4096x40   1 394612
24.6  4.8 ./cli kernel images/4096x40   0 394548
  PID User     Command                         Swap      USS      PSS      RSS 
38352 codespace /usr/bin/python3 /usr/bin/s        0    12060    12313    14540 
35165 codespace ./cli kernel images/4096x40        0   393320   393371   394572 
35173 codespace ./cli kernel images/4096x40        0   393320   393371   394532 
35169 codespace ./cli kernel images/4096x40        0   393324   393375   394548 
35175 codespace ./cli kernel images/4096x40        0   393324   393377   394592 
35171 codespace ./cli kernel images/4096x40        0   393324   393379   394612 
%CPU %MEM ARGS Wed Sep 30 20:41:25 UTC 2026
 0.0  0.0 grep --color=auto ./cli       1  2196
24.0  4.8 ./cli kernel images/4096x40   1 394572
24.2  4.8 ./cli kernel images/4096x40   1 394532
24.2  4.8 ./cli kernel images/4096x40   1 394592
24.3  4.8 ./cli kernel images/4096x40   1 394612
24.6  4.8 ./cli kernel images/4096x40   0 394548
  PID User     Command                         Swap      USS      PSS      RSS 
38358 codespace /usr/bin/python3 /usr/bin/s        0    12060    12343    14620 
35165 codespace ./cli kernel images/4096x40        0   393320   393371   394572 
35173 codespace ./cli kernel images/4096x40        0   393320   393371   394532 
35169 codespace ./cli kernel images/4096x40        0   393324   393375   394548 
35175 codespace ./cli kernel images/4096x40        0   393324   393377   394592 
35171 codespace ./cli kernel images/4096x40        0   393324   393379   394612 
%CPU %MEM ARGS Wed Sep 30 20:41:27 UTC 2026
 0.0  0.0 grep --color=auto ./cli       1  2252
23.9  4.8 ./cli kernel images/4096x40   0 394572
24.1  4.8 ./cli kernel images/4096x40   1 394532
24.2  4.8 ./cli kernel images/4096x40   1 394592
24.2  4.8 ./cli kernel images/4096x40   1 394612
24.6  4.8 ./cli kernel images/4096x40   0 394548
  PID User     Command                         Swap      USS      PSS      RSS 
38370 codespace /usr/bin/python3 /usr/bin/s        0    12060    12339    14568 
35165 codespace ./cli kernel images/4096x40        0   393320   393371   394572 
35173 codespace ./cli kernel images/4096x40        0   393320   393371   394532 
35169 codespace ./cli kernel images/4096x40        0   393324   393375   394548 
35175 codespace ./cli kernel images/4096x40        0   393324   393377   394592 
35171 codespace ./cli kernel images/4096x40        0   393324   393380   394612 
%CPU %MEM ARGS Wed Sep 30 20:41:28 UTC 2026
 0.0  0.0 grep --color=auto ./cli       0  2172
23.9  4.8 ./cli kernel images/4096x40   0 394572
24.1  4.8 ./cli kernel images/4096x40   1 394532
24.2  4.8 ./cli kernel images/4096x40   0 394592
24.2  4.8 ./cli kernel images/4096x40   0 394612
24.6  4.8 ./cli kernel images/4096x40   0 394548
  PID User     Command                         Swap      USS      PSS      RSS 
38385 codespace /usr/bin/python3 /usr/bin/s        0    12064    12320    14480 
35165 codespace ./cli kernel images/4096x40        0   393320   393371   394572 
35173 codespace ./cli kernel images/4096x40        0   393320   393371   394532 
35169 codespace ./cli kernel images/4096x40        0   393324   393375   394548 
35175 codespace ./cli kernel images/4096x40        0   393324   393377   394592 
35171 codespace ./cli kernel images/4096x40        0   393324   393379   394612 
%CPU %MEM ARGS Wed Sep 30 20:41:29 UTC 2026
 0.0  0.0 grep --color=auto ./cli       1  2288
23.9  4.8 ./cli kernel images/4096x40   0 394572
24.1  4.8 ./cli kernel images/4096x40   0 394532
24.1  4.8 ./cli kernel images/4096x40   0 394592
24.2  4.8 ./cli kernel images/4096x40   0 394612
24.6  4.8 ./cli kernel images/4096x40   0 394548
  PID User     Command                         Swap      USS      PSS      RSS 
38394 codespace /usr/bin/python3 /usr/bin/s        0    12068    12331    14548 
35173 codespace ./cli kernel images/4096x40        0   393320   393371   394532 
35165 codespace ./cli kernel images/4096x40        0   393320   393372   394572 
35169 codespace ./cli kernel images/4096x40        0   393324   393375   394548 
35175 codespace ./cli kernel images/4096x40        0   393324   393377   394592 
35171 codespace ./cli kernel images/4096x40        0   393324   393379   394612 
%CPU %MEM ARGS Wed Sep 30 20:41:30 UTC 2026
 0.0  0.0 grep --color=auto ./cli       0  2156
23.9  4.8 ./cli kernel images/4096x40   1 394572
24.1  4.8 ./cli kernel images/4096x40   0 394532
24.1  4.8 ./cli kernel images/4096x40   0 394592
24.1  4.8 ./cli kernel images/4096x40   0 394612
24.5  4.8 ./cli kernel images/4096x40   0 394548
  PID User     Command                         Swap      USS      PSS      RSS 
38400 codespace /usr/bin/python3 /usr/bin/s        0    12056    12328    14472 
35165 codespace ./cli kernel images/4096x40        0   393320   393371   394572 
35173 codespace ./cli kernel images/4096x40        0   393320   393371   394532 
35169 codespace ./cli kernel images/4096x40        0   393324   393375   394548 
35175 codespace ./cli kernel images/4096x40        0   393324   393377   394592 
35171 codespace ./cli kernel images/4096x40        0   393324   393379   394612 
%CPU %MEM ARGS Wed Sep 30 20:41:30 UTC 2026
 0.0  0.0 grep --color=auto ./cli       0  2156
23.9  4.8 ./cli kernel images/4096x40   0 394572
24.0  4.8 ./cli kernel images/4096x40   0 394532
24.1  4.8 ./cli kernel images/4096x40   0 394592
24.1  4.8 ./cli kernel images/4096x40   0 394612
24.5  4.8 ./cli kernel images/4096x40   0 394548
  PID User     Command                         Swap      USS      PSS      RSS 
38412 codespace /usr/bin/python3 /usr/bin/s        0    12060    12318    14476 
35165 codespace ./cli kernel images/4096x40        0   393320   393371   394572 
35173 codespace ./cli kernel images/4096x40        0   393320   393371   394532 
35169 codespace ./cli kernel images/4096x40        0   393324   393375   394548 
35175 codespace ./cli kernel images/4096x40        0   393324   393377   394592 
35171 codespace ./cli kernel images/4096x40        0   393324   393379   394612 
%CPU %MEM ARGS Wed Sep 30 20:41:31 UTC 2026
 0.0  0.0 grep --color=auto ./cli       0  2248
23.9  4.8 ./cli kernel images/4096x40   0 394572
24.0  4.8 ./cli kernel images/4096x40   0 394532
24.1  4.8 ./cli kernel images/4096x40   0 394592
24.1  4.8 ./cli kernel images/4096x40   0 394612
24.5  4.8 ./cli kernel images/4096x40   0 394548
  PID User     Command                         Swap      USS      PSS      RSS 
38418 codespace /usr/bin/python3 /usr/bin/s        0    12064    12312    14480 
35165 codespace ./cli kernel images/4096x40        0   393320   393371   394572 
35173 codespace ./cli kernel images/4096x40        0   393320   393371   394532 
35169 codespace ./cli kernel images/4096x40        0   393324   393375   394548 
35175 codespace ./cli kernel images/4096x40        0   393324   393377   394592 
35171 codespace ./cli kernel images/4096x40        0   393324   393379   394612 
%CPU %MEM ARGS Wed Sep 30 20:41:32 UTC 2026
 0.0  0.0 grep --color=auto ./cli       1  2292
23.9  4.8 ./cli kernel images/4096x40   0 394572
24.0  4.8 ./cli kernel images/4096x40   0 394532
24.1  4.8 ./cli kernel images/4096x40   0 394612
24.1  4.8 ./cli kernel images/4096x40   1 394592
24.5  4.8 ./cli kernel images/4096x40   0 394548
  PID User     Command                         Swap      USS      PSS      RSS 
38424 codespace /usr/bin/python3 /usr/bin/s        0    12088    12367    14616 
35173 codespace ./cli kernel images/4096x40        0   393320   393370   394532 
35165 codespace ./cli kernel images/4096x40        0   393320   393371   394572 
35171 codespace ./cli kernel images/4096x40        0   393324   393372   394612 
35169 codespace ./cli kernel images/4096x40        0   393324   393373   394548 
35175 codespace ./cli kernel images/4096x40        0   393324   393377   394592 
%CPU %MEM ARGS Wed Sep 30 20:41:33 UTC 2026
 0.0  0.0 grep --color=auto ./cli       0  2300
23.8  4.8 ./cli kernel images/4096x40   1 394572
24.0  4.8 ./cli kernel images/4096x40   0 394532
24.0  4.8 ./cli kernel images/4096x40   0 394612
24.1  4.8 ./cli kernel images/4096x40   1 394592
24.4  4.8 ./cli kernel images/4096x40   1 394548
  PID User     Command                         Swap      USS      PSS      RSS 
38442 codespace /usr/bin/python3 /usr/bin/s        0    12076    12366    14584 
35173 codespace ./cli kernel images/4096x40        0   393320   393370   394532 
35165 codespace ./cli kernel images/4096x40        0   393320   393371   394572 
35169 codespace ./cli kernel images/4096x40        0   393324   393374   394548 
35175 codespace ./cli kernel images/4096x40        0   393324   393376   394592 
35171 codespace ./cli kernel images/4096x40        0   393324   393379   394612 
%CPU %MEM ARGS Wed Sep 30 20:41:34 UTC 2026
 0.0  0.0 grep --color=auto ./cli       1  2296
23.8  4.8 ./cli kernel images/4096x40   1 394572
23.9  4.8 ./cli kernel images/4096x40   1 394532
24.0  4.8 ./cli kernel images/4096x40   1 394612
24.0  4.8 ./cli kernel images/4096x40   0 394592
24.4  4.8 ./cli kernel images/4096x40   1 394548
  PID User     Command                         Swap      USS      PSS      RSS 
38466 codespace /usr/bin/python3 /usr/bin/s        0    12068    12342    14516 
35165 codespace ./cli kernel images/4096x40        0   393320   393371   394572 
35173 codespace ./cli kernel images/4096x40        0   393320   393371   394532 
35169 codespace ./cli kernel images/4096x40        0   393324   393375   394548 
35175 codespace ./cli kernel images/4096x40        0   393324   393377   394592 
35171 codespace ./cli kernel images/4096x40        0   393324   393379   394612 
%CPU %MEM ARGS Wed Sep 30 20:41:35 UTC 2026
 0.0  0.0 grep --color=auto ./cli       1  2152
23.8  4.8 ./cli kernel images/4096x40   1 394572
23.9  4.8 ./cli kernel images/4096x40   1 394532
24.0  4.8 ./cli kernel images/4096x40   0 394612
24.0  4.8 ./cli kernel images/4096x40   0 394592
24.4  4.8 ./cli kernel images/4096x40   1 394548
  PID User     Command                         Swap      USS      PSS      RSS 
38474 codespace /usr/bin/python3 /usr/bin/s        0    12064    12339    14512 
35165 codespace ./cli kernel images/4096x40        0   393320   393371   394572 
35173 codespace ./cli kernel images/4096x40        0   393320   393371   394532 
35169 codespace ./cli kernel images/4096x40        0   393324   393375   394548 
35175 codespace ./cli kernel images/4096x40        0   393324   393377   394592 
35171 codespace ./cli kernel images/4096x40        0   393324   393379   394612 
%CPU %MEM ARGS Wed Sep 30 20:41:36 UTC 2026
 0.0  0.0 grep --color=auto ./cli       1  2204
23.8  4.8 ./cli kernel images/4096x40   1 394572
23.9  4.8 ./cli kernel images/4096x40   1 394532
24.0  4.8 ./cli kernel images/4096x40   1 394612
24.0  4.8 ./cli kernel images/4096x40   0 394592
24.4  4.8 ./cli kernel images/4096x40   1 394548
  PID User     Command                         Swap      USS      PSS      RSS 
38483 codespace /usr/bin/python3 /usr/bin/s        0    12068    12342    14508 
35165 codespace ./cli kernel images/4096x40        0   393320   393371   394572 
35173 codespace ./cli kernel images/4096x40        0   393320   393371   394532 
35169 codespace ./cli kernel images/4096x40        0   393324   393375   394548 
35175 codespace ./cli kernel images/4096x40        0   393324   393377   394592 
35171 codespace ./cli kernel images/4096x40        0   393324   393379   394612 
%CPU %MEM ARGS Wed Sep 30 20:41:37 UTC 2026
 0.0  0.0 grep --color=auto ./cli       1  2300
23.7  4.8 ./cli kernel images/4096x40   1 394572
23.9  4.8 ./cli kernel images/4096x40   1 394532
23.9  4.8 ./cli kernel images/4096x40   1 394612
24.1  4.8 ./cli kernel images/4096x40   1 394592
24.3  4.8 ./cli kernel images/4096x40   1 394548
  PID User     Command                         Swap      USS      PSS      RSS 
38489 codespace /usr/bin/python3 /usr/bin/s        0    12056    12337    14584 
35173 codespace ./cli kernel images/4096x40        0   393320   393367   394532 
35165 codespace ./cli kernel images/4096x40        0   393320   393371   394572 
35169 codespace ./cli kernel images/4096x40        0   393324   393375   394548 
35175 codespace ./cli kernel images/4096x40        0   393324   393377   394592 
35171 codespace ./cli kernel images/4096x40        0   393324   393378   394612 
%CPU %MEM ARGS Wed Sep 30 20:41:38 UTC 2026
 0.0  0.0 grep --color=auto ./cli       1  2152
23.7  4.8 ./cli kernel images/4096x40   1 394572
23.9  4.8 ./cli kernel images/4096x40   1 394532
23.9  4.8 ./cli kernel images/4096x40   1 394612
24.1  4.8 ./cli kernel images/4096x40   0 394592
24.3  4.8 ./cli kernel images/4096x40   1 394548
  PID User     Command                         Swap      USS      PSS      RSS 
38501 codespace /usr/bin/python3 /usr/bin/s        0    12072    12362    14588 
35165 codespace ./cli kernel images/4096x40        0   393320   393371   394572 
35173 codespace ./cli kernel images/4096x40        0   393320   393371   394532 
35169 codespace ./cli kernel images/4096x40        0   393324   393375   394548 
35175 codespace ./cli kernel images/4096x40        0   393324   393377   394592 
35171 codespace ./cli kernel images/4096x40        0   393324   393379   394612 
%CPU %MEM ARGS Wed Sep 30 20:41:39 UTC 2026
 0.0  0.0 grep --color=auto ./cli       0  2180
23.7  4.8 ./cli kernel images/4096x40   0 394572
23.8  4.8 ./cli kernel images/4096x40   0 394532
23.9  4.8 ./cli kernel images/4096x40   1 394612
24.0  4.8 ./cli kernel images/4096x40   0 394592
24.3  4.8 ./cli kernel images/4096x40   0 394548
  PID User     Command                         Swap      USS      PSS      RSS 
38513 codespace /usr/bin/python3 /usr/bin/s        0    12056    12325    14472 
35165 codespace ./cli kernel images/4096x40        0   393320   393371   394572 
35173 codespace ./cli kernel images/4096x40        0   393320   393371   394532 
35169 codespace ./cli kernel images/4096x40        0   393324   393375   394548 
35175 codespace ./cli kernel images/4096x40        0   393324   393377   394592 
35171 codespace ./cli kernel images/4096x40        0   393324   393379   394612 
%CPU %MEM ARGS Wed Sep 30 20:41:40 UTC 2026
 0.0  0.0 grep --color=auto ./cli       1  2176
23.7  4.8 ./cli kernel images/4096x40   1 394572
23.8  4.8 ./cli kernel images/4096x40   0 394532
23.9  4.8 ./cli kernel images/4096x40   0 394612
24.0  4.8 ./cli kernel images/4096x40   0 394592
24.3  4.8 ./cli kernel images/4096x40   0 394548
  PID User     Command                         Swap      USS      PSS      RSS 
38525 codespace /usr/bin/python3 /usr/bin/s        0    12064    12338    14512 
35165 codespace ./cli kernel images/4096x40        0   393320   393371   394572 
35173 codespace ./cli kernel images/4096x40        0   393320   393371   394532 
35169 codespace ./cli kernel images/4096x40        0   393324   393375   394548 
35175 codespace ./cli kernel images/4096x40        0   393324   393377   394592 
35171 codespace ./cli kernel images/4096x40        0   393324   393379   394612 
%CPU %MEM ARGS Wed Sep 30 20:41:41 UTC 2026
 0.0  0.0 grep --color=auto ./cli       1  2208
23.7  4.8 ./cli kernel images/4096x40   1 394572
23.8  4.8 ./cli kernel images/4096x40   1 394532
23.9  4.8 ./cli kernel images/4096x40   1 394612
24.0  4.8 ./cli kernel images/4096x40   0 394592
24.2  4.8 ./cli kernel images/4096x40   1 394548
  PID User     Command                         Swap      USS      PSS      RSS 
38531 codespace /usr/bin/python3 /usr/bin/s        0    12056    12325    14472 
35165 codespace ./cli kernel images/4096x40        0   393320   393371   394572 
35173 codespace ./cli kernel images/4096x40        0   393320   393371   394532 
35169 codespace ./cli kernel images/4096x40        0   393324   393375   394548 
35175 codespace ./cli kernel images/4096x40        0   393324   393377   394592 
35171 codespace ./cli kernel images/4096x40        0   393324   393379   394612 
%CPU %MEM ARGS Wed Sep 30 20:41:42 UTC 2026
 0.0  0.0 grep --color=auto ./cli       1  2184
23.7  4.8 ./cli kernel images/4096x40   1 394572
23.8  4.8 ./cli kernel images/4096x40   0 394532
23.9  4.8 ./cli kernel images/4096x40   1 394612
24.0  4.8 ./cli kernel images/4096x40   1 394592
24.2  4.8 ./cli kernel images/4096x40   1 394548
  PID User     Command                         Swap      USS      PSS      RSS 
38540 codespace /usr/bin/python3 /usr/bin/s        0    12080    12368    14588 
35165 codespace ./cli kernel images/4096x40        0   393320   393371   394572 
35173 codespace ./cli kernel images/4096x40        0   393320   393371   394532 
35169 codespace ./cli kernel images/4096x40        0   393324   393375   394548 
35175 codespace ./cli kernel images/4096x40        0   393324   393377   394592 
35171 codespace ./cli kernel images/4096x40        0   393324   393379   394612 
%CPU %MEM ARGS Wed Sep 30 20:41:43 UTC 2026
 0.0  0.0 grep --color=auto ./cli       1  2192
23.6  4.8 ./cli kernel images/4096x40   0 394572
23.8  4.8 ./cli kernel images/4096x40   0 394612
23.8  4.8 ./cli kernel images/4096x40   0 394532
23.9  4.8 ./cli kernel images/4096x40   1 394592
24.2  4.8 ./cli kernel images/4096x40   1 394548
  PID User     Command                         Swap      USS      PSS      RSS 
38549 codespace /usr/bin/python3 /usr/bin/s        0    12060    12315    14476 
35165 codespace ./cli kernel images/4096x40        0   393320   393371   394572 
35173 codespace ./cli kernel images/4096x40        0   393320   393371   394532 
35169 codespace ./cli kernel images/4096x40        0   393324   393375   394548 
35175 codespace ./cli kernel images/4096x40        0   393324   393377   394592 
35171 codespace ./cli kernel images/4096x40        0   393324   393379   394612 
%CPU %MEM ARGS Wed Sep 30 20:41:44 UTC 2026
 0.0  0.0 grep --color=auto ./cli       0  2176
23.6  4.8 ./cli kernel images/4096x40   1 394572
23.8  4.8 ./cli kernel images/4096x40   0 394532
23.9  4.8 ./cli kernel images/4096x40   1 394612
23.9  4.8 ./cli kernel images/4096x40   1 394592
24.1  4.8 ./cli kernel images/4096x40   0 394548
  PID User     Command                         Swap      USS      PSS      RSS 
38571 codespace /usr/bin/python3 /usr/bin/s        0    12056    12317    14508 
35173 codespace ./cli kernel images/4096x40        0   393320   393371   394532 
35165 codespace ./cli kernel images/4096x40        0   393320   393372   394572 
35169 codespace ./cli kernel images/4096x40        0   393324   393375   394548 
35175 codespace ./cli kernel images/4096x40        0   393324   393377   394592 
35171 codespace ./cli kernel images/4096x40        0   393324   393380   394612 
%CPU %MEM ARGS Wed Sep 30 20:41:45 UTC 2026
 0.0  0.0 grep --color=auto ./cli       0  2184
23.6  4.8 ./cli kernel images/4096x40   0 394572
23.8  4.8 ./cli kernel images/4096x40   0 394532
23.8  4.8 ./cli kernel images/4096x40   0 394612
23.9  4.8 ./cli kernel images/4096x40   0 394592
24.1  4.8 ./cli kernel images/4096x40   1 394548
  PID User     Command                         Swap      USS      PSS      RSS 
38592 codespace /usr/bin/python3 /usr/bin/s        0    12060    12320    14536 
35165 codespace ./cli kernel images/4096x40        0   393320   393371   394572 
35173 codespace ./cli kernel images/4096x40        0   393320   393371   394532 
35169 codespace ./cli kernel images/4096x40        0   393324   393375   394548 
35175 codespace ./cli kernel images/4096x40        0   393324   393377   394592 
35171 codespace ./cli kernel images/4096x40        0   393324   393379   394612 
%CPU %MEM ARGS Wed Sep 30 20:41:47 UTC 2026
 0.0  0.0 grep --color=auto ./cli       0  2344
23.5  4.8 ./cli kernel images/4096x40   0 394572
23.7  4.8 ./cli kernel images/4096x40   0 394532
23.8  4.8 ./cli kernel images/4096x40   0 394612
23.8  4.8 ./cli kernel images/4096x40   0 394592
24.1  4.8 ./cli kernel images/4096x40   1 394548
  PID User     Command                         Swap      USS      PSS      RSS 
38598 codespace /usr/bin/python3 /usr/bin/s        0    12060    12335    14568 
35173 codespace ./cli kernel images/4096x40        0   393320   393371   394532 
35165 codespace ./cli kernel images/4096x40        0   393320   393372   394572 
35169 codespace ./cli kernel images/4096x40        0   393324   393375   394548 
35175 codespace ./cli kernel images/4096x40        0   393324   393377   394592 
35171 codespace ./cli kernel images/4096x40        0   393324   393380   394612 
%CPU %MEM ARGS Wed Sep 30 20:41:48 UTC 2026
 0.0  0.0 grep --color=auto ./cli       0  2340
23.5  4.8 ./cli kernel images/4096x40   0 394572
23.7  4.8 ./cli kernel images/4096x40   0 394532
23.8  4.8 ./cli kernel images/4096x40   0 394612
23.8  4.8 ./cli kernel images/4096x40   0 394592
24.1  4.8 ./cli kernel images/4096x40   1 394548
  PID User     Command                         Swap      USS      PSS      RSS 
38610 codespace /usr/bin/python3 /usr/bin/s        0    12068    12349    14516 
35173 codespace ./cli kernel images/4096x40        0   393320   393371   394532 
35165 codespace ./cli kernel images/4096x40        0   393320   393372   394572 
35169 codespace ./cli kernel images/4096x40        0   393324   393375   394548 
35175 codespace ./cli kernel images/4096x40        0   393324   393377   394592 
35171 codespace ./cli kernel images/4096x40        0   393324   393379   394612 
%CPU %MEM ARGS Wed Sep 30 20:41:49 UTC 2026
 0.0  0.0 grep --color=auto ./cli       0  2252
23.5  4.8 ./cli kernel images/4096x40   0 394572
23.7  4.8 ./cli kernel images/4096x40   0 394532
23.8  4.8 ./cli kernel images/4096x40   0 394612
23.8  4.8 ./cli kernel images/4096x40   0 394592
24.1  4.8 ./cli kernel images/4096x40   1 394548
  PID User     Command                         Swap      USS      PSS      RSS 
38616 codespace /usr/bin/python3 /usr/bin/s        0    12060    12320    14536 
35165 codespace ./cli kernel images/4096x40        0   393320   393366   394572 
35173 codespace ./cli kernel images/4096x40        0   393320   393371   394532 
35169 codespace ./cli kernel images/4096x40        0   393324   393375   394548 
35175 codespace ./cli kernel images/4096x40        0   393324   393377   394592 
35171 codespace ./cli kernel images/4096x40        0   393324   393379   394612 
%CPU %MEM ARGS Wed Sep 30 20:41:50 UTC 2026
 0.0  0.0 grep --color=auto ./cli       0  2128
23.5  4.8 ./cli kernel images/4096x40   1 394572
23.7  4.8 ./cli kernel images/4096x40   1 394532
23.7  4.8 ./cli kernel images/4096x40   1 394612
23.8  4.8 ./cli kernel images/4096x40   1 394592
24.1  4.8 ./cli kernel images/4096x40   1 394548
  PID User     Command                         Swap      USS      PSS      RSS 
38634 codespace /usr/bin/python3 /usr/bin/s        0    12064    12336    14512 
35165 codespace ./cli kernel images/4096x40        0   393320   393371   394572 
35173 codespace ./cli kernel images/4096x40        0   393320   393371   394532 
35169 codespace ./cli kernel images/4096x40        0   393324   393375   394548 
35175 codespace ./cli kernel images/4096x40        0   393324   393376   394592 
35171 codespace ./cli kernel images/4096x40        0   393324   393379   394612 
%CPU %MEM ARGS Wed Sep 30 20:41:50 UTC 2026
 0.0  0.0 grep --color=auto ./cli       1  2152
23.5  4.8 ./cli kernel images/4096x40   0 394572
23.7  4.8 ./cli kernel images/4096x40   0 394532
23.7  4.8 ./cli kernel images/4096x40   0 394612
23.8  4.8 ./cli kernel images/4096x40   0 394592
24.1  4.8 ./cli kernel images/4096x40   1 394548
  PID User     Command                         Swap      USS      PSS      RSS 
38640 codespace /usr/bin/python3 /usr/bin/s        0    12056    12327    14472 
35165 codespace ./cli kernel images/4096x40        0   393320   393371   394572 
35173 codespace ./cli kernel images/4096x40        0   393320   393371   394532 
35169 codespace ./cli kernel images/4096x40        0   393324   393375   394548 
35175 codespace ./cli kernel images/4096x40        0   393324   393377   394592 
35171 codespace ./cli kernel images/4096x40        0   393324   393379   394612 
%CPU %MEM ARGS Wed Sep 30 20:41:52 UTC 2026
 0.0  0.0 grep --color=auto ./cli       0  2212
23.4  4.8 ./cli kernel images/4096x40   0 394572
23.7  4.8 ./cli kernel images/4096x40   0 394532
23.7  4.8 ./cli kernel images/4096x40   0 394612
23.7  4.8 ./cli kernel images/4096x40   0 394592
24.1  4.8 ./cli kernel images/4096x40   1 394548
  PID User     Command                         Swap      USS      PSS      RSS 
38652 codespace /usr/bin/python3 /usr/bin/s        0    12052    12300    14468 
35165 codespace ./cli kernel images/4096x40        0   393320   393371   394572 
35173 codespace ./cli kernel images/4096x40        0   393320   393371   394532 
35169 codespace ./cli kernel images/4096x40        0   393324   393375   394548 
35175 codespace ./cli kernel images/4096x40        0   393324   393377   394592 
35171 codespace ./cli kernel images/4096x40        0   393324   393379   394612 
%CPU %MEM ARGS Wed Sep 30 20:41:53 UTC 2026
 0.0  0.0 grep --color=auto ./cli       0  2200
23.4  4.8 ./cli kernel images/4096x40   0 394572
23.7  4.8 ./cli kernel images/4096x40   0 394532
23.7  4.8 ./cli kernel images/4096x40   0 394612
23.7  4.8 ./cli kernel images/4096x40   0 394592
24.1  4.8 ./cli kernel images/4096x40   1 394548
  PID User     Command                         Swap      USS      PSS      RSS 
38658 codespace /usr/bin/python3 /usr/bin/s        0    12064    12343    14512 
35165 codespace ./cli kernel images/4096x40        0   393320   393371   394572 
35173 codespace ./cli kernel images/4096x40        0   393320   393371   394532 
35169 codespace ./cli kernel images/4096x40        0   393324   393375   394548 
35175 codespace ./cli kernel images/4096x40        0   393324   393377   394592 
35171 codespace ./cli kernel images/4096x40        0   393324   393381   394612 
%CPU %MEM ARGS Wed Sep 30 20:41:54 UTC 2026
 0.0  0.0 grep --color=auto ./cli       1  2160
23.4  4.8 ./cli kernel images/4096x40   1 394572
23.6  4.8 ./cli kernel images/4096x40   1 394532
23.6  4.8 ./cli kernel images/4096x40   0 394612
23.7  4.8 ./cli kernel images/4096x40   1 394592
24.1  4.8 ./cli kernel images/4096x40   1 394548
  PID User     Command                         Swap      USS      PSS      RSS 
38664 codespace /usr/bin/python3 /usr/bin/s        0    12060    12320    14512 
35173 codespace ./cli kernel images/4096x40        0   393320   393371   394532 
35165 codespace ./cli kernel images/4096x40        0   393320   393372   394572 
35169 codespace ./cli kernel images/4096x40        0   393324   393375   394548 
35175 codespace ./cli kernel images/4096x40        0   393324   393377   394592 
35171 codespace ./cli kernel images/4096x40        0   393324   393379   394612 
%CPU %MEM ARGS Wed Sep 30 20:41:54 UTC 2026
 0.0  0.0 grep --color=auto ./cli       0  2196
23.4  4.8 ./cli kernel images/4096x40   0 394572
23.6  4.8 ./cli kernel images/4096x40   1 394532
23.6  4.8 ./cli kernel images/4096x40   1 394612
23.6  4.8 ./cli kernel images/4096x40   1 394592
24.1  4.8 ./cli kernel images/4096x40   1 394548
  PID User     Command                         Swap      USS      PSS      RSS 
38676 codespace /usr/bin/python3 /usr/bin/s        0    12052    12313    14520 
35173 codespace ./cli kernel images/4096x40        0   393320   393371   394532 
35165 codespace ./cli kernel images/4096x40        0   393320   393372   394572 
35169 codespace ./cli kernel images/4096x40        0   393324   393374   394548 
35175 codespace ./cli kernel images/4096x40        0   393324   393377   394592 
35171 codespace ./cli kernel images/4096x40        0   393324   393379   394612 
%CPU %MEM ARGS Wed Sep 30 20:41:56 UTC 2026
 0.0  0.0 grep --color=auto ./cli       1  2248
23.4  4.8 ./cli kernel images/4096x40   0 394572
23.6  4.8 ./cli kernel images/4096x40   0 394532
23.6  4.8 ./cli kernel images/4096x40   0 394612
23.6  4.8 ./cli kernel images/4096x40   1 394592
24.1  4.8 ./cli kernel images/4096x40   0 394548
  PID User     Command                         Swap      USS      PSS      RSS 
38706 codespace /usr/bin/python3 /usr/bin/s        0    12080    12371    14588 
35165 codespace ./cli kernel images/4096x40        0   393320   393366   394572 
35173 codespace ./cli kernel images/4096x40        0   393320   393371   394532 
35169 codespace ./cli kernel images/4096x40        0   393324   393375   394548 
35175 codespace ./cli kernel images/4096x40        0   393324   393376   394592 
35171 codespace ./cli kernel images/4096x40        0   393324   393379   394612 
%CPU %MEM ARGS Wed Sep 30 20:41:57 UTC 2026
 0.0  0.0 grep --color=auto ./cli       0  2164
23.3  4.8 ./cli kernel images/4096x40   0 394572
23.6  4.8 ./cli kernel images/4096x40   0 394532
23.6  4.8 ./cli kernel images/4096x40   0 394612
23.6  4.8 ./cli kernel images/4096x40   0 394592
24.0  4.8 ./cli kernel images/4096x40   0 394548
  PID User     Command                         Swap      USS      PSS      RSS 
38718 codespace /usr/bin/python3 /usr/bin/s        0    12060    12310    14476 
35165 codespace ./cli kernel images/4096x40        0   393320   393371   394572 
35173 codespace ./cli kernel images/4096x40        0   393320   393371   394532 
35169 codespace ./cli kernel images/4096x40        0   393324   393375   394548 
35175 codespace ./cli kernel images/4096x40        0   393324   393377   394592 
35171 codespace ./cli kernel images/4096x40        0   393324   393379   394612 
%CPU %MEM ARGS Wed Sep 30 20:41:58 UTC 2026
 0.0  0.0 grep --color=auto ./cli       0  2184
23.3  4.8 ./cli kernel images/4096x40   1 394572
23.5  4.8 ./cli kernel images/4096x40   1 394532
23.6  4.8 ./cli kernel images/4096x40   1 394612
23.6  4.8 ./cli kernel images/4096x40   1 394592
24.0  4.8 ./cli kernel images/4096x40   1 394548
  PID User     Command                         Swap      USS      PSS      RSS 
38724 codespace /usr/bin/python3 /usr/bin/s        0    12076    12364    14588 
35169 codespace ./cli kernel images/4096x40        0   393324   393369   394548 
35173 codespace ./cli kernel images/4096x40        0   393320   393371   394532 
35165 codespace ./cli kernel images/4096x40        0   393320   393372   394572 
35175 codespace ./cli kernel images/4096x40        0   393324   393377   394592 
35171 codespace ./cli kernel images/4096x40        0   393324   393379   394612 
%CPU %MEM ARGS Wed Sep 30 20:41:59 UTC 2026
 0.0  0.0 grep --color=auto ./cli       1  2192
23.3  4.8 ./cli kernel images/4096x40   1 394572
23.5  4.8 ./cli kernel images/4096x40   1 394532
23.5  4.8 ./cli kernel images/4096x40   1 394612
23.6  4.8 ./cli kernel images/4096x40   1 394592
24.0  4.8 ./cli kernel images/4096x40   1 394548
  PID User     Command                         Swap      USS      PSS      RSS 
38736 codespace /usr/bin/python3 /usr/bin/s        0    12040    12322    14568 
35173 codespace ./cli kernel images/4096x40        0   393320   393371   394532 
35165 codespace ./cli kernel images/4096x40        0   393320   393372   394572 
35169 codespace ./cli kernel images/4096x40        0   393324   393375   394548 
35175 codespace ./cli kernel images/4096x40        0   393324   393376   394592 
35171 codespace ./cli kernel images/4096x40        0   393324   393379   394612 
%CPU %MEM ARGS Wed Sep 30 20:42:00 UTC 2026
 0.0  0.0 grep --color=auto ./cli       1  2292
23.3  4.8 ./cli kernel images/4096x40   1 394572
23.5  4.8 ./cli kernel images/4096x40   1 394532
23.5  4.8 ./cli kernel images/4096x40   1 394612
23.6  4.8 ./cli kernel images/4096x40   0 394592
24.0  4.8 ./cli kernel images/4096x40   1 394548
  PID User     Command                         Swap      USS      PSS      RSS 
38742 codespace /usr/bin/python3 /usr/bin/s        0    12080    12371    14588 
35165 codespace ./cli kernel images/4096x40        0   393320   393371   394572 
35173 codespace ./cli kernel images/4096x40        0   393320   393371   394532 
35169 codespace ./cli kernel images/4096x40        0   393324   393375   394548 
35175 codespace ./cli kernel images/4096x40        0   393324   393376   394592 
35171 codespace ./cli kernel images/4096x40        0   393324   393379   394612 
%CPU %MEM ARGS Wed Sep 30 20:42:01 UTC 2026
 0.0  0.0 grep --color=auto ./cli       0  2152
23.2  4.8 ./cli kernel images/4096x40   1 394572
23.5  4.8 ./cli kernel images/4096x40   1 394532
23.5  4.8 ./cli kernel images/4096x40   0 394612
23.6  4.8 ./cli kernel images/4096x40   1 394592
23.9  4.8 ./cli kernel images/4096x40   1 394548
  PID User     Command                         Swap      USS      PSS      RSS 
38754 codespace /usr/bin/python3 /usr/bin/s        0    12064    12345    14592 
35165 codespace ./cli kernel images/4096x40        0   393320   393371   394572 
35173 codespace ./cli kernel images/4096x40        0   393320   393371   394532 
35169 codespace ./cli kernel images/4096x40        0   393324   393375   394548 
35175 codespace ./cli kernel images/4096x40        0   393324   393377   394592 
35171 codespace ./cli kernel images/4096x40        0   393324   393379   394612 
%CPU %MEM ARGS Wed Sep 30 20:42:02 UTC 2026
 0.0  0.0 grep --color=auto ./cli       1  2296
23.2  4.8 ./cli kernel images/4096x40   0 394572
23.4  4.8 ./cli kernel images/4096x40   0 394532
23.5  4.8 ./cli kernel images/4096x40   0 394612
23.6  4.8 ./cli kernel images/4096x40   0 394592
23.9  4.8 ./cli kernel images/4096x40   1 394548
  PID User     Command                         Swap      USS      PSS      RSS 
38766 codespace /usr/bin/python3 /usr/bin/s        0    12056    12303    14472 
35165 codespace ./cli kernel images/4096x40        0   393320   393371   394572 
35173 codespace ./cli kernel images/4096x40        0   393320   393371   394532 
35169 codespace ./cli kernel images/4096x40        0   393324   393375   394548 
35175 codespace ./cli kernel images/4096x40        0   393324   393376   394592 
35171 codespace ./cli kernel images/4096x40        0   393324   393379   394612 
%CPU %MEM ARGS Wed Sep 30 20:42:03 UTC 2026
 0.0  0.0 grep --color=auto ./cli       0  2168
23.2  4.8 ./cli kernel images/4096x40   0 394572
23.4  4.8 ./cli kernel images/4096x40   0 394532
23.5  4.8 ./cli kernel images/4096x40   0 394612
23.6  4.8 ./cli kernel images/4096x40   0 394592
24.0  4.8 ./cli kernel images/4096x40   0 394548
  PID User     Command                         Swap      USS      PSS      RSS 
38778 codespace /usr/bin/python3 /usr/bin/s        0    12064    12337    14512 
35165 codespace ./cli kernel images/4096x40        0   393320   393371   394572 
35173 codespace ./cli kernel images/4096x40        0   393320   393371   394532 
35169 codespace ./cli kernel images/4096x40        0   393324   393375   394548 
35175 codespace ./cli kernel images/4096x40        0   393324   393377   394592 
35171 codespace ./cli kernel images/4096x40        0   393324   393379   394612 
%CPU %MEM ARGS Wed Sep 30 20:42:04 UTC 2026
 0.0  0.0 grep --color=auto ./cli       0  2184
23.2  4.8 ./cli kernel images/4096x40   0 394572
23.4  4.8 ./cli kernel images/4096x40   0 394532
23.5  4.8 ./cli kernel images/4096x40   1 394612
23.5  4.8 ./cli kernel images/4096x40   0 394592
24.0  4.8 ./cli kernel images/4096x40   0 394548
  PID User     Command                         Swap      USS      PSS      RSS 
38784 codespace /usr/bin/python3 /usr/bin/s        0    12060    12301    14432 
35165 codespace ./cli kernel images/4096x40        0   393320   393371   394572 
35173 codespace ./cli kernel images/4096x40        0   393320   393371   394532 
35169 codespace ./cli kernel images/4096x40        0   393324   393375   394548 
35175 codespace ./cli kernel images/4096x40        0   393324   393377   394592 
35171 codespace ./cli kernel images/4096x40        0   393324   393379   394612 
%CPU %MEM ARGS Wed Sep 30 20:42:06 UTC 2026
 0.0  0.0 grep --color=auto ./cli       0  2296
23.2  4.8 ./cli kernel images/4096x40   1 394572
23.4  4.8 ./cli kernel images/4096x40   0 394532
23.5  4.8 ./cli kernel images/4096x40   0 394612
23.5  4.8 ./cli kernel images/4096x40   1 394592
23.9  4.8 ./cli kernel images/4096x40   0 394548
  PID User     Command                         Swap      USS      PSS      RSS 
38805 codespace /usr/bin/python3 /usr/bin/s        0    12052    12303    14468 
35165 codespace ./cli kernel images/4096x40        0   393320   393371   394572 
35173 codespace ./cli kernel images/4096x40        0   393320   393371   394532 
35169 codespace ./cli kernel images/4096x40        0   393324   393375   394548 
35175 codespace ./cli kernel images/4096x40        0   393324   393377   394592 
35171 codespace ./cli kernel images/4096x40        0   393324   393379   394612 
%CPU %MEM ARGS Wed Sep 30 20:42:07 UTC 2026
 0.0  0.0 grep --color=auto ./cli       1  2184
23.1  4.8 ./cli kernel images/4096x40   1 394572
23.3  4.8 ./cli kernel images/4096x40   1 394532
23.5  4.8 ./cli kernel images/4096x40   1 394612
23.5  4.8 ./cli kernel images/4096x40   0 394592
23.9  4.8 ./cli kernel images/4096x40   1 394548
  PID User     Command                         Swap      USS      PSS      RSS 
38821 codespace /usr/bin/python3 /usr/bin/s        0    12060    12314    14540 
35165 codespace ./cli kernel images/4096x40        0   393320   393371   394572 
35173 codespace ./cli kernel images/4096x40        0   393320   393371   394532 
35169 codespace ./cli kernel images/4096x40        0   393324   393375   394548 
35175 codespace ./cli kernel images/4096x40        0   393324   393377   394592 
35171 codespace ./cli kernel images/4096x40        0   393324   393379   394612 
%CPU %MEM ARGS Wed Sep 30 20:42:08 UTC 2026
 0.0  0.0 grep --color=auto ./cli       0  2248
23.1  4.8 ./cli kernel images/4096x40   1 394572
23.3  4.8 ./cli kernel images/4096x40   1 394532
23.4  4.8 ./cli kernel images/4096x40   1 394612
23.5  4.8 ./cli kernel images/4096x40   1 394592
23.9  4.8 ./cli kernel images/4096x40   0 394548
  PID User     Command                         Swap      USS      PSS      RSS 
38836 codespace /usr/bin/python3 /usr/bin/s        0    12060    12314    14540 
35165 codespace ./cli kernel images/4096x40        0   393320   393371   394572 
35173 codespace ./cli kernel images/4096x40        0   393320   393371   394532 
35169 codespace ./cli kernel images/4096x40        0   393324   393375   394548 
35175 codespace ./cli kernel images/4096x40        0   393324   393377   394592 
35171 codespace ./cli kernel images/4096x40        0   393324   393379   394612 
%CPU %MEM ARGS Wed Sep 30 20:42:08 UTC 2026
 0.0  0.0 grep --color=auto ./cli       1  2156
23.1  4.8 ./cli kernel images/4096x40   1 394572
23.3  4.8 ./cli kernel images/4096x40   1 394532
23.4  4.8 ./cli kernel images/4096x40   1 394612
23.5  4.8 ./cli kernel images/4096x40   0 394592
23.9  4.8 ./cli kernel images/4096x40   1 394548
  PID User     Command                         Swap      USS      PSS      RSS 
38844 codespace /usr/bin/python3 /usr/bin/s        0    12064    12342    14512 
35165 codespace ./cli kernel images/4096x40        0   393320   393371   394572 
35173 codespace ./cli kernel images/4096x40        0   393320   393371   394532 
35169 codespace ./cli kernel images/4096x40        0   393324   393375   394548 
35175 codespace ./cli kernel images/4096x40        0   393324   393377   394592 
35171 codespace ./cli kernel images/4096x40        0   393324   393379   394612 
%CPU %MEM ARGS Wed Sep 30 20:42:10 UTC 2026
 0.0  0.0 grep --color=auto ./cli       1  2180
23.1  4.8 ./cli kernel images/4096x40   1 394572
23.3  4.8 ./cli kernel images/4096x40   1 394532
23.4  4.8 ./cli kernel images/4096x40   1 394612
23.5  4.8 ./cli kernel images/4096x40   0 394592
23.8  4.8 ./cli kernel images/4096x40   1 394548
  PID User     Command                         Swap      USS      PSS      RSS 
38850 codespace /usr/bin/python3 /usr/bin/s        0    12064    12343    14512 
35165 codespace ./cli kernel images/4096x40        0   393320   393371   394572 
35173 codespace ./cli kernel images/4096x40        0   393320   393371   394532 
35169 codespace ./cli kernel images/4096x40        0   393324   393375   394548 
35175 codespace ./cli kernel images/4096x40        0   393324   393377   394592 
35171 codespace ./cli kernel images/4096x40        0   393324   393379   394612 
%CPU %MEM ARGS Wed Sep 30 20:42:11 UTC 2026
 0.0  0.0 grep --color=auto ./cli       0  2288
23.0  4.8 ./cli kernel images/4096x40   1 394572
23.3  4.8 ./cli kernel images/4096x40   1 394532
23.4  4.8 ./cli kernel images/4096x40   0 394612
23.5  4.8 ./cli kernel images/4096x40   1 394592
23.8  4.8 ./cli kernel images/4096x40   1 394548
  PID User     Command                         Swap      USS      PSS      RSS 
38863 codespace /usr/bin/python3 /usr/bin/s        0    12064    12349    14624 
35173 codespace ./cli kernel images/4096x40        0   393320   393371   394532 
35165 codespace ./cli kernel images/4096x40        0   393320   393372   394572 
35169 codespace ./cli kernel images/4096x40        0   393324   393375   394548 
35175 codespace ./cli kernel images/4096x40        0   393324   393377   394592 
35171 codespace ./cli kernel images/4096x40        0   393324   393379   394612 
%CPU %MEM ARGS Wed Sep 30 20:42:12 UTC 2026
 0.0  0.0 grep --color=auto ./cli       1  2244
23.0  4.8 ./cli kernel images/4096x40   0 394572
23.2  4.8 ./cli kernel images/4096x40   0 394532
23.4  4.8 ./cli kernel images/4096x40   0 394612
23.5  4.8 ./cli kernel images/4096x40   0 394592
23.8  4.8 ./cli kernel images/4096x40   1 394548
  PID User     Command                         Swap      USS      PSS      RSS 
38869 codespace /usr/bin/python3 /usr/bin/s        0    12068    12346    14516 
35173 codespace ./cli kernel images/4096x40        0   393320   393364   394532 
35165 codespace ./cli kernel images/4096x40        0   393320   393371   394572 
35169 codespace ./cli kernel images/4096x40        0   393324   393374   394548 
35175 codespace ./cli kernel images/4096x40        0   393324   393377   394592 
35171 codespace ./cli kernel images/4096x40        0   393324   393378   394612 
%CPU %MEM ARGS Wed Sep 30 20:42:13 UTC 2026
 0.0  0.0 grep --color=auto ./cli       1  2156
23.0  4.8 ./cli kernel images/4096x40   0 394572
23.2  4.8 ./cli kernel images/4096x40   1 394532
23.4  4.8 ./cli kernel images/4096x40   1 394612
23.5  4.8 ./cli kernel images/4096x40   1 394592
23.8  4.8 ./cli kernel images/4096x40   0 394548
  PID User     Command                         Swap      USS      PSS      RSS 
38888 codespace /usr/bin/python3 /usr/bin/s        0    12004    12266    14480 
35165 codespace ./cli kernel images/4096x40        0   393320   393371   394572 
35173 codespace ./cli kernel images/4096x40        0   393320   393371   394532 
35169 codespace ./cli kernel images/4096x40        0   393324   393375   394548 
35175 codespace ./cli kernel images/4096x40        0   393324   393377   394592 
35171 codespace ./cli kernel images/4096x40        0   393324   393379   394612 
%CPU %MEM ARGS Wed Sep 30 20:42:14 UTC 2026
 0.0  0.0 grep --color=auto ./cli       1  2292
23.0  4.8 ./cli kernel images/4096x40   0 394572
23.2  4.8 ./cli kernel images/4096x40   0 394532
23.4  4.8 ./cli kernel images/4096x40   0 394612
23.5  4.8 ./cli kernel images/4096x40   0 394592
23.8  4.8 ./cli kernel images/4096x40   1 394548
  PID User     Command                         Swap      USS      PSS      RSS 
38894 codespace /usr/bin/python3 /usr/bin/s        0    12060    12320    14512 
35173 codespace ./cli kernel images/4096x40        0   393320   393371   394532 
35165 codespace ./cli kernel images/4096x40        0   393320   393372   394572 
35169 codespace ./cli kernel images/4096x40        0   393324   393375   394548 
35175 codespace ./cli kernel images/4096x40        0   393324   393377   394592 
35171 codespace ./cli kernel images/4096x40        0   393324   393379   394612 
%CPU %MEM ARGS Wed Sep 30 20:42:15 UTC 2026
 0.0  0.0 grep --color=auto ./cli       1  2208
23.0  4.8 ./cli kernel images/4096x40   0 394572
23.2  4.8 ./cli kernel images/4096x40   0 394532
23.3  4.8 ./cli kernel images/4096x40   0 394612
23.4  4.8 ./cli kernel images/4096x40   1 394592
23.8  4.8 ./cli kernel images/4096x40   0 394548
  PID User     Command                         Swap      USS      PSS      RSS 
38906 codespace /usr/bin/python3 /usr/bin/s        0    12048    12295    14464 
35165 codespace ./cli kernel images/4096x40        0   393320   393371   394572 
35173 codespace ./cli kernel images/4096x40        0   393320   393371   394532 
35169 codespace ./cli kernel images/4096x40        0   393324   393375   394548 
35175 codespace ./cli kernel images/4096x40        0   393324   393375   394592 
35171 codespace ./cli kernel images/4096x40        0   393324   393379   394612 
%CPU %MEM ARGS Wed Sep 30 20:42:17 UTC 2026
 0.0  0.0 grep --color=auto ./cli       1  2180
23.0  4.8 ./cli kernel images/4096x40   1 394572
23.2  4.8 ./cli kernel images/4096x40   0 394532
23.3  4.8 ./cli kernel images/4096x40   1 394612
23.4  4.8 ./cli kernel images/4096x40   1 394592
23.8  4.8 ./cli kernel images/4096x40   1 394548
  PID User     Command                         Swap      USS      PSS      RSS 
38931 codespace /usr/bin/python3 /usr/bin/s        0    12080    12368    14588 
35165 codespace ./cli kernel images/4096x40        0   393320   393371   394572 
35173 codespace ./cli kernel images/4096x40        0   393320   393371   394532 
35169 codespace ./cli kernel images/4096x40        0   393324   393375   394548 
35175 codespace ./cli kernel images/4096x40        0   393324   393377   394592 
35171 codespace ./cli kernel images/4096x40        0   393324   393379   394612 
%CPU %MEM ARGS Wed Sep 30 20:42:17 UTC 2026
 0.0  0.0 grep --color=auto ./cli       0  2200
23.0  4.8 ./cli kernel images/4096x40   1 394572
23.1  4.8 ./cli kernel images/4096x40   1 394532
23.3  4.8 ./cli kernel images/4096x40   1 394612
23.4  4.8 ./cli kernel images/4096x40   1 394592
23.8  4.8 ./cli kernel images/4096x40   0 394548
  PID User     Command                         Swap      USS      PSS      RSS 
38940 codespace /usr/bin/python3 /usr/bin/s        0    12056    12337    14584 
35165 codespace ./cli kernel images/4096x40        0   393320   393371   394572 
35173 codespace ./cli kernel images/4096x40        0   393320   393371   394532 
35169 codespace ./cli kernel images/4096x40        0   393324   393375   394548 
35175 codespace ./cli kernel images/4096x40        0   393324   393377   394592 
35171 codespace ./cli kernel images/4096x40        0   393324   393379   394612 
%CPU %MEM ARGS Wed Sep 30 20:42:18 UTC 2026
 0.0  0.0 grep --color=auto ./cli       0  2124
22.9  4.8 ./cli kernel images/4096x40   0 394572
23.1  4.8 ./cli kernel images/4096x40   0 394532
23.3  4.8 ./cli kernel images/4096x40   0 394612
23.4  4.8 ./cli kernel images/4096x40   0 394592
23.8  4.8 ./cli kernel images/4096x40   1 394548
  PID User     Command                         Swap      USS      PSS      RSS 
38954 codespace /usr/bin/python3 /usr/bin/s        0    12056    12337    14616 
35165 codespace ./cli kernel images/4096x40        0   393320   393371   394572 
35173 codespace ./cli kernel images/4096x40        0   393320   393371   394532 
35169 codespace ./cli kernel images/4096x40        0   393324   393375   394548 
35175 codespace ./cli kernel images/4096x40        0   393324   393377   394592 
35171 codespace ./cli kernel images/4096x40        0   393324   393379   394612 
%CPU %MEM ARGS Wed Sep 30 20:42:20 UTC 2026
 0.0  0.0 grep --color=auto ./cli       1  2200
22.9  4.8 ./cli kernel images/4096x40   1 394572
23.1  4.8 ./cli kernel images/4096x40   1 394532
23.2  4.8 ./cli kernel images/4096x40   1 394612
23.4  4.8 ./cli kernel images/4096x40   1 394592
23.8  4.8 ./cli kernel images/4096x40   1 394548
  PID User     Command                         Swap      USS      PSS      RSS 
38966 codespace /usr/bin/python3 /usr/bin/s        0    12064    12342    14512 
35165 codespace ./cli kernel images/4096x40        0   393320   393371   394572 
35173 codespace ./cli kernel images/4096x40        0   393320   393371   394532 
35169 codespace ./cli kernel images/4096x40        0   393324   393375   394548 
35175 codespace ./cli kernel images/4096x40        0   393324   393377   394592 
35171 codespace ./cli kernel images/4096x40        0   393324   393379   394612 
%CPU %MEM ARGS Wed Sep 30 20:42:20 UTC 2026
 0.0  0.0 grep --color=auto ./cli       1  2152
22.9  4.8 ./cli kernel images/4096x40   1 394572
23.1  4.8 ./cli kernel images/4096x40   1 394532
23.2  4.8 ./cli kernel images/4096x40   1 394612
23.3  4.8 ./cli kernel images/4096x40   1 394592
23.8  4.8 ./cli kernel images/4096x40   1 394548
  PID User     Command                         Swap      USS      PSS      RSS 
38972 codespace /usr/bin/python3 /usr/bin/s        0    12056    12312    14540 
35165 codespace ./cli kernel images/4096x40        0   393320   393371   394572 
35173 codespace ./cli kernel images/4096x40        0   393320   393371   394532 
35169 codespace ./cli kernel images/4096x40        0   393324   393375   394548 
35175 codespace ./cli kernel images/4096x40        0   393324   393377   394592 
35171 codespace ./cli kernel images/4096x40        0   393324   393379   394612 
%CPU %MEM ARGS Wed Sep 30 20:42:21 UTC 2026
 0.0  0.0 grep --color=auto ./cli       0  2156
22.9  4.8 ./cli kernel images/4096x40   0 394572
23.1  4.8 ./cli kernel images/4096x40   1 394532
23.2  4.8 ./cli kernel images/4096x40   1 394612
23.3  4.8 ./cli kernel images/4096x40   1 394592
23.8  4.8 ./cli kernel images/4096x40   1 394548
  PID User     Command                         Swap      USS      PSS      RSS 
38978 codespace /usr/bin/python3 /usr/bin/s        0    12060    12344    14620 
35165 codespace ./cli kernel images/4096x40        0   393320   393371   394572 
35173 codespace ./cli kernel images/4096x40        0   393320   393371   394532 
35169 codespace ./cli kernel images/4096x40        0   393324   393375   394548 
35175 codespace ./cli kernel images/4096x40        0   393324   393377   394592 
35171 codespace ./cli kernel images/4096x40        0   393324   393379   394612 
%CPU %MEM ARGS Wed Sep 30 20:42:22 UTC 2026
 0.0  0.0 grep --color=auto ./cli       1  2308
22.9  4.8 ./cli kernel images/4096x40   0 394572
23.0  4.8 ./cli kernel images/4096x40   1 394532
23.2  4.8 ./cli kernel images/4096x40   1 394612
23.3  4.8 ./cli kernel images/4096x40   1 394592
23.7  4.8 ./cli kernel images/4096x40   1 394548
  PID User     Command                         Swap      USS      PSS      RSS 
38990 codespace /usr/bin/python3 /usr/bin/s        0    12060    12318    14536 
35165 codespace ./cli kernel images/4096x40        0   393320   393371   394572 
35173 codespace ./cli kernel images/4096x40        0   393320   393371   394532 
35169 codespace ./cli kernel images/4096x40        0   393324   393375   394548 
35175 codespace ./cli kernel images/4096x40        0   393324   393377   394592 
35171 codespace ./cli kernel images/4096x40        0   393324   393379   394612 
%CPU %MEM ARGS Wed Sep 30 20:42:24 UTC 2026
 0.0  0.0 grep --color=auto ./cli       1  2176
23.0  4.8 ./cli kernel images/4096x40   1 394572
23.0  4.8 ./cli kernel images/4096x40   1 394532
23.1  4.8 ./cli kernel images/4096x40   1 394612
23.3  4.8 ./cli kernel images/4096x40   1 394592
23.7  4.8 ./cli kernel images/4096x40   1 394548
  PID User     Command                         Swap      USS      PSS      RSS 
38996 codespace /usr/bin/python3 /usr/bin/s        0    12048    12295    14464 
35165 codespace ./cli kernel images/4096x40        0   393320   393370   394572 
35173 codespace ./cli kernel images/4096x40        0   393320   393371   394532 
35169 codespace ./cli kernel images/4096x40        0   393324   393375   394548 
35175 codespace ./cli kernel images/4096x40        0   393324   393377   394592 
35171 codespace ./cli kernel images/4096x40        0   393324   393379   394612 
%CPU %MEM ARGS Wed Sep 30 20:42:25 UTC 2026
 0.0  0.0 grep --color=auto ./cli       1  2208
23.0  4.8 ./cli kernel images/4096x40   0 394572
23.0  4.8 ./cli kernel images/4096x40   1 394532
23.1  4.8 ./cli kernel images/4096x40   1 394612
23.2  4.8 ./cli kernel images/4096x40   1 394592
23.7  4.8 ./cli kernel images/4096x40   1 394548
  PID User     Command                         Swap      USS      PSS      RSS 
39014 codespace /usr/bin/python3 /usr/bin/s        0    12072    12324    14488 
35173 codespace ./cli kernel images/4096x40        0   393320   393371   394532 
35165 codespace ./cli kernel images/4096x40        0   393320   393372   394572 
35169 codespace ./cli kernel images/4096x40        0   393324   393375   394548 
35175 codespace ./cli kernel images/4096x40        0   393324   393377   394592 
35171 codespace ./cli kernel images/4096x40        0   393324   393379   394612 
%CPU %MEM ARGS Wed Sep 30 20:42:26 UTC 2026
 0.0  0.0 grep --color=auto ./cli       0  1948
23.0  4.8 ./cli kernel images/4096x40   1 394532
23.0  4.8 ./cli kernel images/4096x40   0 394572
23.1  4.8 ./cli kernel images/4096x40   1 394612
23.2  4.8 ./cli kernel images/4096x40   0 394592
23.7  4.8 ./cli kernel images/4096x40   1 394548
  PID User     Command                         Swap      USS      PSS      RSS 
39021 codespace /usr/bin/python3 /usr/bin/s        0    12060    12312    14540 
35165 codespace ./cli kernel images/4096x40        0   393320   393366   394572 
35173 codespace ./cli kernel images/4096x40        0   393320   393373   394532 
35169 codespace ./cli kernel images/4096x40        0   393324   393375   394548 
35175 codespace ./cli kernel images/4096x40        0   393324   393377   394592 
35171 codespace ./cli kernel images/4096x40        0   393324   393379   394612 
%CPU %MEM ARGS Wed Sep 30 20:42:27 UTC 2026
 0.0  0.0 grep --color=auto ./cli       1  2176
22.9  4.8 ./cli kernel images/4096x40   0 394532
23.0  4.8 ./cli kernel images/4096x40   0 394572
23.1  4.8 ./cli kernel images/4096x40   1 394612
23.2  4.8 ./cli kernel images/4096x40   0 394592
23.6  4.8 ./cli kernel images/4096x40   0 394548
  PID User     Command                         Swap      USS      PSS      RSS 
39051 codespace /usr/bin/python3 /usr/bin/s        0    12056    12320    14436 
35165 codespace ./cli kernel images/4096x40        0   393320   393371   394572 
35173 codespace ./cli kernel images/4096x40        0   393320   393371   394532 
35169 codespace ./cli kernel images/4096x40        0   393324   393375   394548 
35175 codespace ./cli kernel images/4096x40        0   393324   393377   394592 
35171 codespace ./cli kernel images/4096x40        0   393324   393379   394612 
%CPU %MEM ARGS Wed Sep 30 20:42:28 UTC 2026
 0.0  0.0 grep --color=auto ./cli       0  2192
22.9  4.8 ./cli kernel images/4096x40   0 394532
23.0  4.8 ./cli kernel images/4096x40   0 394572
23.1  4.8 ./cli kernel images/4096x40   1 394612
23.2  4.8 ./cli kernel images/4096x40   0 394592
23.6  4.8 ./cli kernel images/4096x40   1 394548
  PID User     Command                         Swap      USS      PSS      RSS 
39057 codespace /usr/bin/python3 /usr/bin/s        0    11996    12257    14464 
35169 codespace ./cli kernel images/4096x40        0   393324   393369   394548 
35173 codespace ./cli kernel images/4096x40        0   393320   393371   394532 
35165 codespace ./cli kernel images/4096x40        0   393320   393372   394572 
35175 codespace ./cli kernel images/4096x40        0   393324   393377   394592 
35171 codespace ./cli kernel images/4096x40        0   393324   393380   394612 
%CPU %MEM ARGS Wed Sep 30 20:42:30 UTC 2026
 0.0  0.0 grep --color=auto ./cli       0  2248
22.9  4.8 ./cli kernel images/4096x40   0 394532
22.9  4.8 ./cli kernel images/4096x40   0 394572
23.1  4.8 ./cli kernel images/4096x40   0 394612
23.1  4.8 ./cli kernel images/4096x40   1 394592
23.6  4.8 ./cli kernel images/4096x40   0 394548
  PID User     Command                         Swap      USS      PSS      RSS 
39075 codespace /usr/bin/python3 /usr/bin/s        0    12056    12316    14540 
35165 codespace ./cli kernel images/4096x40        0   393320   393371   394572 
35173 codespace ./cli kernel images/4096x40        0   393320   393371   394532 
35169 codespace ./cli kernel images/4096x40        0   393324   393375   394548 
35175 codespace ./cli kernel images/4096x40        0   393324   393377   394592 
35171 codespace ./cli kernel images/4096x40        0   393324   393379   394612 
%CPU %MEM ARGS Wed Sep 30 20:42:31 UTC 2026
 0.0  0.0 grep --color=auto ./cli       0  2188
22.9  4.8 ./cli kernel images/4096x40   0 394532
22.9  4.8 ./cli kernel images/4096x40   0 394572
23.1  4.8 ./cli kernel images/4096x40   0 394612
23.2  4.8 ./cli kernel images/4096x40   1 394592
23.6  4.8 ./cli kernel images/4096x40   0 394548
  PID User     Command                         Swap      USS      PSS      RSS 
39081 codespace /usr/bin/python3 /usr/bin/s        0    12052    12331    14560 
35173 codespace ./cli kernel images/4096x40        0   393320   393371   394532 
35165 codespace ./cli kernel images/4096x40        0   393320   393372   394572 
35169 codespace ./cli kernel images/4096x40        0   393324   393372   394548 
35175 codespace ./cli kernel images/4096x40        0   393324   393377   394592 
35171 codespace ./cli kernel images/4096x40        0   393324   393379   394612 
%CPU %MEM ARGS Wed Sep 30 20:42:32 UTC 2026
 0.0  0.0 grep --color=auto ./cli       1  2340
22.8  4.8 ./cli kernel images/4096x40   1 394532
22.9  4.8 ./cli kernel images/4096x40   1 394572
23.1  4.8 ./cli kernel images/4096x40   0 394612
23.2  4.8 ./cli kernel images/4096x40   1 394592
23.5  4.8 ./cli kernel images/4096x40   1 394548
  PID User     Command                         Swap      USS      PSS      RSS 
39093 codespace /usr/bin/python3 /usr/bin/s        0    12056    12314    14532 
35165 codespace ./cli kernel images/4096x40        0   393320   393371   394572 
35173 codespace ./cli kernel images/4096x40        0   393320   393371   394532 
35169 codespace ./cli kernel images/4096x40        0   393324   393375   394548 
35175 codespace ./cli kernel images/4096x40        0   393324   393377   394592 
35171 codespace ./cli kernel images/4096x40        0   393324   393379   394612 
%CPU %MEM ARGS Wed Sep 30 20:42:33 UTC 2026
 0.0  0.0 grep --color=auto ./cli       1  2184
22.8  4.8 ./cli kernel images/4096x40   1 394532
22.9  4.8 ./cli kernel images/4096x40   1 394572
23.1  4.8 ./cli kernel images/4096x40   1 394612
23.2  4.8 ./cli kernel images/4096x40   1 394592
23.5  4.8 ./cli kernel images/4096x40   0 394548
  PID User     Command                         Swap      USS      PSS      RSS 
39099 codespace /usr/bin/python3 /usr/bin/s        0    12052    12332    14584 
35165 codespace ./cli kernel images/4096x40        0   393320   393370   394572 
35173 codespace ./cli kernel images/4096x40        0   393320   393371   394532 
35169 codespace ./cli kernel images/4096x40        0   393324   393375   394548 
35175 codespace ./cli kernel images/4096x40        0   393324   393377   394592 
35171 codespace ./cli kernel images/4096x40        0   393324   393379   394612 
%CPU %MEM ARGS Wed Sep 30 20:42:34 UTC 2026
 0.0  0.0 grep --color=auto ./cli       1  2292
22.8  4.8 ./cli kernel images/4096x40   1 394532
22.9  4.8 ./cli kernel images/4096x40   1 394572
23.1  4.8 ./cli kernel images/4096x40   1 394612
23.1  4.8 ./cli kernel images/4096x40   0 394592
23.6  4.8 ./cli kernel images/4096x40   1 394548
  PID User     Command                         Swap      USS      PSS      RSS 
39112 codespace /usr/bin/python3 /usr/bin/s        0    12060    12311    14436 
35165 codespace ./cli kernel images/4096x40        0   393320   393371   394572 
35173 codespace ./cli kernel images/4096x40        0   393320   393371   394532 
35169 codespace ./cli kernel images/4096x40        0   393324   393375   394548 
35175 codespace ./cli kernel images/4096x40        0   393324   393377   394592 
35171 codespace ./cli kernel images/4096x40        0   393324   393379   394612 
%CPU %MEM ARGS Wed Sep 30 20:42:35 UTC 2026
 0.0  0.0 grep --color=auto ./cli       0  2172
22.8  4.8 ./cli kernel images/4096x40   1 394532
22.8  4.8 ./cli kernel images/4096x40   1 394572
23.0  4.8 ./cli kernel images/4096x40   1 394612
23.2  4.8 ./cli kernel images/4096x40   0 394592
23.5  4.8 ./cli kernel images/4096x40   1 394548
  PID User     Command                         Swap      USS      PSS      RSS 
39123 codespace /usr/bin/python3 /usr/bin/s        0    12052    12319    14512 
35173 codespace ./cli kernel images/4096x40        0   393320   393371   394532 
35165 codespace ./cli kernel images/4096x40        0   393320   393372   394572 
35169 codespace ./cli kernel images/4096x40        0   393324   393375   394548 
35175 codespace ./cli kernel images/4096x40        0   393324   393377   394592 
35171 codespace ./cli kernel images/4096x40        0   393324   393379   394612 
%CPU %MEM ARGS Wed Sep 30 20:42:37 UTC 2026
 0.0  0.0 grep --color=auto ./cli       1  2168
22.8  4.8 ./cli kernel images/4096x40   0 394532
22.8  4.8 ./cli kernel images/4096x40   0 394572
23.0  4.8 ./cli kernel images/4096x40   0 394612
23.2  4.8 ./cli kernel images/4096x40   0 394592
23.5  4.8 ./cli kernel images/4096x40   0 394548
  PID User     Command                         Swap      USS      PSS      RSS 
39140 codespace /usr/bin/python3 /usr/bin/s        0    12060    12323    14512 
35173 codespace ./cli kernel images/4096x40        0   393320   393370   394532 
35165 codespace ./cli kernel images/4096x40        0   393320   393372   394572 
35169 codespace ./cli kernel images/4096x40        0   393324   393375   394548 
35175 codespace ./cli kernel images/4096x40        0   393324   393377   394592 
35171 codespace ./cli kernel images/4096x40        0   393324   393379   394612 
%CPU %MEM ARGS Wed Sep 30 20:42:38 UTC 2026
 0.0  0.0 grep --color=auto ./cli       1  2212
22.7  4.8 ./cli kernel images/4096x40   1 394532
22.8  4.8 ./cli kernel images/4096x40   1 394572
23.0  4.8 ./cli kernel images/4096x40   1 394612
23.1  4.8 ./cli kernel images/4096x40   1 394592
23.5  4.8 ./cli kernel images/4096x40   1 394548
  PID User     Command                         Swap      USS      PSS      RSS 
39165 codespace /usr/bin/python3 /usr/bin/s        0    12028    12274    14444 
35165 codespace ./cli kernel images/4096x40        0   393320   393371   394572 
35173 codespace ./cli kernel images/4096x40        0   393320   393371   394532 
35169 codespace ./cli kernel images/4096x40        0   393324   393375   394548 
35175 codespace ./cli kernel images/4096x40        0   393324   393377   394592 
35171 codespace ./cli kernel images/4096x40        0   393324   393379   394612 
%CPU %MEM ARGS Wed Sep 30 20:42:38 UTC 2026
 0.0  0.0 grep --color=auto ./cli       0  2180
22.7  4.8 ./cli kernel images/4096x40   1 394532
22.8  4.8 ./cli kernel images/4096x40   1 394572
23.0  4.8 ./cli kernel images/4096x40   1 394612
23.1  4.8 ./cli kernel images/4096x40   1 394592
23.5  4.8 ./cli kernel images/4096x40   1 394548
  PID User     Command                         Swap      USS      PSS      RSS 
39171 codespace /usr/bin/python3 /usr/bin/s        0    12060    12315    14476 
35165 codespace ./cli kernel images/4096x40        0   393320   393371   394572 
35173 codespace ./cli kernel images/4096x40        0   393320   393371   394532 
35169 codespace ./cli kernel images/4096x40        0   393324   393375   394548 
35175 codespace ./cli kernel images/4096x40        0   393324   393377   394592 
35171 codespace ./cli kernel images/4096x40        0   393324   393379   394612 
%CPU %MEM ARGS Wed Sep 30 20:42:39 UTC 2026
 0.0  0.0 grep --color=auto ./cli       0  2176
22.7  4.8 ./cli kernel images/4096x40   1 394532
22.8  4.8 ./cli kernel images/4096x40   0 394572
23.0  4.8 ./cli kernel images/4096x40   1 394612
23.1  4.8 ./cli kernel images/4096x40   1 394592
23.5  4.8 ./cli kernel images/4096x40   1 394548
  PID User     Command                         Swap      USS      PSS      RSS 
39179 codespace /usr/bin/python3 /usr/bin/s        0    12060    12338    14508 
35173 codespace ./cli kernel images/4096x40        0   393320   393371   394532 
35165 codespace ./cli kernel images/4096x40        0   393320   393372   394572 
35169 codespace ./cli kernel images/4096x40        0   393324   393375   394548 
35175 codespace ./cli kernel images/4096x40        0   393324   393377   394592 
35171 codespace ./cli kernel images/4096x40        0   393324   393379   394612 
%CPU %MEM ARGS Wed Sep 30 20:42:40 UTC 2026
 0.0  0.0 grep --color=auto ./cli       0  2344
22.7  4.8 ./cli kernel images/4096x40   0 394532
22.8  4.8 ./cli kernel images/4096x40   1 394572
23.0  4.8 ./cli kernel images/4096x40   1 394612
23.1  4.8 ./cli kernel images/4096x40   1 394592
23.5  4.8 ./cli kernel images/4096x40   0 394548
  PID User     Command                         Swap      USS      PSS      RSS 
39188 codespace /usr/bin/python3 /usr/bin/s        0    12060    12326    14500 
35173 codespace ./cli kernel images/4096x40        0   393320   393371   394532 
35165 codespace ./cli kernel images/4096x40        0   393320   393372   394572 
35169 codespace ./cli kernel images/4096x40        0   393324   393375   394548 
35175 codespace ./cli kernel images/4096x40        0   393324   393377   394592 
35171 codespace ./cli kernel images/4096x40        0   393324   393379   394612 
%CPU %MEM ARGS Wed Sep 30 20:42:41 UTC 2026
 0.0  0.0 grep --color=auto ./cli       0  2156
22.7  4.8 ./cli kernel images/4096x40   0 394532
22.8  4.8 ./cli kernel images/4096x40   1 394572
22.9  4.8 ./cli kernel images/4096x40   0 394612
23.1  4.8 ./cli kernel images/4096x40   0 394592
23.5  4.8 ./cli kernel images/4096x40   0 394548
  PID User     Command                         Swap      USS      PSS      RSS 
39194 codespace /usr/bin/python3 /usr/bin/s        0    12064    12322    14540 
35165 codespace ./cli kernel images/4096x40        0   393320   393371   394572 
35173 codespace ./cli kernel images/4096x40        0   393320   393371   394532 
35169 codespace ./cli kernel images/4096x40        0   393324   393375   394548 
35175 codespace ./cli kernel images/4096x40        0   393324   393377   394592 
35171 codespace ./cli kernel images/4096x40        0   393324   393379   394612 
%CPU %MEM ARGS Wed Sep 30 20:42:42 UTC 2026
 0.0  0.0 grep --color=auto ./cli       1  2296
22.7  4.8 ./cli kernel images/4096x40   0 394532
22.8  4.8 ./cli kernel images/4096x40   1 394572
22.9  4.8 ./cli kernel images/4096x40   1 394612
23.1  4.8 ./cli kernel images/4096x40   1 394592
23.4  4.8 ./cli kernel images/4096x40   1 394548
  PID User     Command                         Swap      USS      PSS      RSS 
39212 codespace /usr/bin/python3 /usr/bin/s        0    12052    12312    14520 
35165 codespace ./cli kernel images/4096x40        0   393320   393371   394572 
35173 codespace ./cli kernel images/4096x40        0   393320   393371   394532 
35169 codespace ./cli kernel images/4096x40        0   393324   393375   394548 
35175 codespace ./cli kernel images/4096x40        0   393324   393377   394592 
35171 codespace ./cli kernel images/4096x40        0   393324   393379   394612 
%CPU %MEM ARGS Wed Sep 30 20:42:43 UTC 2026
 0.0  0.0 grep --color=auto ./cli       1  2248
22.7  4.8 ./cli kernel images/4096x40   1 394532
22.8  4.8 ./cli kernel images/4096x40   1 394572
22.9  4.8 ./cli kernel images/4096x40   0 394612
23.0  4.8 ./cli kernel images/4096x40   1 394592
23.4  4.8 ./cli kernel images/4096x40   1 394548
  PID User     Command                         Swap      USS      PSS      RSS 
39218 codespace /usr/bin/python3 /usr/bin/s        0    12052    12336    14580 
35165 codespace ./cli kernel images/4096x40        0   393320   393366   394572 
35173 codespace ./cli kernel images/4096x40        0   393320   393371   394532 
35169 codespace ./cli kernel images/4096x40        0   393324   393375   394548 
35175 codespace ./cli kernel images/4096x40        0   393324   393377   394592 
35171 codespace ./cli kernel images/4096x40        0   393324   393379   394612 
%CPU %MEM ARGS Wed Sep 30 20:42:44 UTC 2026
 0.0  0.0 grep --color=auto ./cli       0  2176
22.7  4.8 ./cli kernel images/4096x40   1 394532
22.7  4.8 ./cli kernel images/4096x40   1 394572
23.0  4.8 ./cli kernel images/4096x40   1 394612
23.0  4.8 ./cli kernel images/4096x40   1 394592
23.4  4.8 ./cli kernel images/4096x40   1 394548
  PID User     Command                         Swap      USS      PSS      RSS 
39231 codespace /usr/bin/python3 /usr/bin/s        0    12092    12363    14540 
35165 codespace ./cli kernel images/4096x40        0   393320   393371   394572 
35173 codespace ./cli kernel images/4096x40        0   393320   393371   394532 
35169 codespace ./cli kernel images/4096x40        0   393324   393375   394548 
35175 codespace ./cli kernel images/4096x40        0   393324   393377   394592 
35171 codespace ./cli kernel images/4096x40        0   393324   393379   394612 
%CPU %MEM ARGS Wed Sep 30 20:42:45 UTC 2026
 0.0  0.0 grep --color=auto ./cli       1  2180
22.7  4.8 ./cli kernel images/4096x40   0 394532
22.7  4.8 ./cli kernel images/4096x40   0 394572
23.0  4.8 ./cli kernel images/4096x40   0 394612
23.0  4.8 ./cli kernel images/4096x40   0 394592
23.4  4.8 ./cli kernel images/4096x40   1 394548
  PID User     Command                         Swap      USS      PSS      RSS 
39236 codespace /usr/bin/python3 /usr/bin/s        0    12064    12339    14572 
35173 codespace ./cli kernel images/4096x40        0   393320   393371   394532 
35165 codespace ./cli kernel images/4096x40        0   393320   393372   394572 
35169 codespace ./cli kernel images/4096x40        0   393324   393375   394548 
35175 codespace ./cli kernel images/4096x40        0   393324   393377   394592 
35171 codespace ./cli kernel images/4096x40        0   393324   393379   394612 
%CPU %MEM ARGS Wed Sep 30 20:42:46 UTC 2026
 0.0  0.0 grep --color=auto ./cli       0  2304
22.7  4.8 ./cli kernel images/4096x40   0 394532
22.7  4.8 ./cli kernel images/4096x40   0 394572
22.9  4.8 ./cli kernel images/4096x40   0 394612
23.0  4.8 ./cli kernel images/4096x40   0 394592
23.4  4.8 ./cli kernel images/4096x40   1 394548
  PID User     Command                         Swap      USS      PSS      RSS 
39242 codespace /usr/bin/python3 /usr/bin/s        0    12064    12325    14540 
35165 codespace ./cli kernel images/4096x40        0   393320   393371   394572 
35173 codespace ./cli kernel images/4096x40        0   393320   393371   394532 
35169 codespace ./cli kernel images/4096x40        0   393324   393375   394548 
35175 codespace ./cli kernel images/4096x40        0   393324   393377   394592 
35171 codespace ./cli kernel images/4096x40        0   393324   393379   394612 
%CPU %MEM ARGS Wed Sep 30 20:42:47 UTC 2026
 0.0  0.0 grep --color=auto ./cli       0  2300
22.6  4.8 ./cli kernel images/4096x40   1 394532
22.7  4.8 ./cli kernel images/4096x40   1 394572
22.9  4.8 ./cli kernel images/4096x40   0 394612
23.0  4.8 ./cli kernel images/4096x40   0 394592
23.4  4.8 ./cli kernel images/4096x40   1 394548
  PID User     Command                         Swap      USS      PSS      RSS 
39260 codespace /usr/bin/python3 /usr/bin/s        0    12060    12311    14476 
35165 codespace ./cli kernel images/4096x40        0   393320   393371   394572 
35173 codespace ./cli kernel images/4096x40        0   393320   393371   394532 
35169 codespace ./cli kernel images/4096x40        0   393324   393375   394548 
35175 codespace ./cli kernel images/4096x40        0   393324   393377   394592 
35171 codespace ./cli kernel images/4096x40        0   393324   393379   394612 
%CPU %MEM ARGS Wed Sep 30 20:42:48 UTC 2026
 0.0  0.0 grep --color=auto ./cli       0  2196
22.6  4.8 ./cli kernel images/4096x40   0 394532
22.7  4.8 ./cli kernel images/4096x40   0 394572
22.9  4.8 ./cli kernel images/4096x40   1 394612
23.0  4.8 ./cli kernel images/4096x40   1 394592
23.4  4.8 ./cli kernel images/4096x40   0 394548
  PID User     Command                         Swap      USS      PSS      RSS 
39278 codespace /usr/bin/python3 /usr/bin/s        0    12056    12316    14508 
35173 codespace ./cli kernel images/4096x40        0   393320   393371   394532 
35165 codespace ./cli kernel images/4096x40        0   393320   393372   394572 
35169 codespace ./cli kernel images/4096x40        0   393324   393375   394548 
35175 codespace ./cli kernel images/4096x40        0   393324   393377   394592 
35171 codespace ./cli kernel images/4096x40        0   393324   393379   394612 
%CPU %MEM ARGS Wed Sep 30 20:42:49 UTC 2026
 0.0  0.0 grep --color=auto ./cli       0  2196
22.6  4.8 ./cli kernel images/4096x40   0 394532
22.7  4.8 ./cli kernel images/4096x40   0 394572
22.9  4.8 ./cli kernel images/4096x40   0 394612
23.0  4.8 ./cli kernel images/4096x40   1 394592
23.3  4.8 ./cli kernel images/4096x40   0 394548
  PID User     Command                         Swap      USS      PSS      RSS 
39296 codespace /usr/bin/python3 /usr/bin/s        0    12056    12340    14584 
35173 codespace ./cli kernel images/4096x40        0   393320   393371   394532 
35165 codespace ./cli kernel images/4096x40        0   393320   393372   394572 
35169 codespace ./cli kernel images/4096x40        0   393324   393375   394548 
35175 codespace ./cli kernel images/4096x40        0   393324   393377   394592 
35171 codespace ./cli kernel images/4096x40        0   393324   393379   394612 
%CPU %MEM ARGS Wed Sep 30 20:42:50 UTC 2026
 0.0  0.0 grep --color=auto ./cli       1  2184
22.6  4.8 ./cli kernel images/4096x40   1 394532
22.6  4.8 ./cli kernel images/4096x40   1 394572
22.9  4.8 ./cli kernel images/4096x40   1 394612
23.0  4.8 ./cli kernel images/4096x40   1 394592
23.3  4.8 ./cli kernel images/4096x40   0 394548
  PID User     Command                         Swap      USS      PSS      RSS 
39302 codespace /usr/bin/python3 /usr/bin/s        0    12060    12319    14512 
35173 codespace ./cli kernel images/4096x40        0   393320   393371   394532 
35165 codespace ./cli kernel images/4096x40        0   393320   393372   394572 
35169 codespace ./cli kernel images/4096x40        0   393324   393375   394548 
35175 codespace ./cli kernel images/4096x40        0   393324   393377   394592 
35171 codespace ./cli kernel images/4096x40        0   393324   393379   394612 
%CPU %MEM ARGS Wed Sep 30 20:42:51 UTC 2026
 0.0  0.0 grep --color=auto ./cli       1  2248
22.5  4.8 ./cli kernel images/4096x40   0 394532
22.6  4.8 ./cli kernel images/4096x40   0 394572
22.8  4.8 ./cli kernel images/4096x40   1 394612
23.0  4.8 ./cli kernel images/4096x40   1 394592
23.3  4.8 ./cli kernel images/4096x40   1 394548
  PID User     Command                         Swap      USS      PSS      RSS 
39315 codespace /usr/bin/python3 /usr/bin/s        0    12060    12321    14512 
35173 codespace ./cli kernel images/4096x40        0   393320   393371   394532 
35165 codespace ./cli kernel images/4096x40        0   393320   393372   394572 
35169 codespace ./cli kernel images/4096x40        0   393324   393375   394548 
35175 codespace ./cli kernel images/4096x40        0   393324   393377   394592 
35171 codespace ./cli kernel images/4096x40        0   393324   393379   394612 
%CPU %MEM ARGS Wed Sep 30 20:42:52 UTC 2026
 0.0  0.0 grep --color=auto ./cli       1  2280
22.5  4.8 ./cli kernel images/4096x40   0 394532
22.6  4.8 ./cli kernel images/4096x40   0 394572
22.8  4.8 ./cli kernel images/4096x40   0 394612
23.0  4.8 ./cli kernel images/4096x40   0 394592
23.3  4.8 ./cli kernel images/4096x40   0 394548
  PID User     Command                         Swap      USS      PSS      RSS 
39320 codespace /usr/bin/python3 /usr/bin/s        0    12056    12336    14616 
35165 codespace ./cli kernel images/4096x40        0   393320   393370   394572 
35173 codespace ./cli kernel images/4096x40        0   393320   393371   394532 
35169 codespace ./cli kernel images/4096x40        0   393324   393375   394548 
35175 codespace ./cli kernel images/4096x40        0   393324   393377   394592 
35171 codespace ./cli kernel images/4096x40        0   393324   393378   394612 
%CPU %MEM ARGS Wed Sep 30 20:42:53 UTC 2026
 0.0  0.0 grep --color=auto ./cli       0  2288
22.5  4.8 ./cli kernel images/4096x40   1 394532
22.6  4.8 ./cli kernel images/4096x40   0 394572
22.8  4.8 ./cli kernel images/4096x40   1 394612
23.0  4.8 ./cli kernel images/4096x40   0 394592
23.3  4.8 ./cli kernel images/4096x40   0 394548
  PID User     Command                         Swap      USS      PSS      RSS 
39338 codespace /usr/bin/python3 /usr/bin/s        0    12080    12371    14588 
35165 codespace ./cli kernel images/4096x40        0   393320   393371   394572 
35173 codespace ./cli kernel images/4096x40        0   393320   393371   394532 
35169 codespace ./cli kernel images/4096x40        0   393324   393375   394548 
35175 codespace ./cli kernel images/4096x40        0   393324   393376   394592 
35171 codespace ./cli kernel images/4096x40        0   393324   393379   394612 
%CPU %MEM ARGS Wed Sep 30 20:42:54 UTC 2026
 0.0  0.0 grep --color=auto ./cli       0  2304
22.6  4.8 ./cli kernel images/4096x40   0 394532
22.6  4.8 ./cli kernel images/4096x40   0 394572
22.8  4.8 ./cli kernel images/4096x40   0 394612
22.9  4.8 ./cli kernel images/4096x40   1 394592
23.3  4.8 ./cli kernel images/4096x40   0 394548
  PID User     Command                         Swap      USS      PSS      RSS 
39345 codespace /usr/bin/python3 /usr/bin/s        0    12060    12266    14544 
35165 codespace ./cli kernel images/4096x40        0   393320   393371   394572 
35173 codespace ./cli kernel images/4096x40        0   393320   393371   394532 
35171 codespace ./cli kernel images/4096x40        0   393324   393372   394612 
35175 codespace ./cli kernel images/4096x40        0   393324   393372   394592 
35169 codespace ./cli kernel images/4096x40        0   393324   393375   394548 
%CPU %MEM ARGS Wed Sep 30 20:42:56 UTC 2026
 0.0  0.0 grep --color=auto ./cli       0  2252
22.5  4.8 ./cli kernel images/4096x40   0 394532
22.6  4.8 ./cli kernel images/4096x40   0 394572
22.8  4.8 ./cli kernel images/4096x40   0 394612
23.0  4.8 ./cli kernel images/4096x40   1 394592
23.3  4.8 ./cli kernel images/4096x40   0 394548
  PID User     Command                         Swap      USS      PSS      RSS 
39357 codespace /usr/bin/python3 /usr/bin/s        0    12064    12343    14512 
35165 codespace ./cli kernel images/4096x40        0   393320   393371   394572 
35173 codespace ./cli kernel images/4096x40        0   393320   393371   394532 
35169 codespace ./cli kernel images/4096x40        0   393324   393376   394548 
35175 codespace ./cli kernel images/4096x40        0   393324   393377   394592 
35171 codespace ./cli kernel images/4096x40        0   393324   393379   394612 
%CPU %MEM ARGS Wed Sep 30 20:42:57 UTC 2026
 0.0  0.0 grep --color=auto ./cli       1  2304
22.5  4.8 ./cli kernel images/4096x40   0 394532
22.5  4.8 ./cli kernel images/4096x40   0 394572
22.8  4.8 ./cli kernel images/4096x40   0 394612
23.0  4.8 ./cli kernel images/4096x40   0 394592
23.2  4.8 ./cli kernel images/4096x40   1 394548
  PID User     Command                         Swap      USS      PSS      RSS 
39363 codespace /usr/bin/python3 /usr/bin/s        0    12060    12339    14568 
35173 codespace ./cli kernel images/4096x40        0   393320   393367   394532 
35165 codespace ./cli kernel images/4096x40        0   393320   393372   394572 
35175 codespace ./cli kernel images/4096x40        0   393324   393377   394592 
35169 codespace ./cli kernel images/4096x40        0   393324   393378   394548 
35171 codespace ./cli kernel images/4096x40        0   393324   393379   394612 
%CPU %MEM ARGS Wed Sep 30 20:42:58 UTC 2026
 0.0  0.0 grep --color=auto ./cli       0  2248
22.5  4.8 ./cli kernel images/4096x40   0 394532
22.5  4.8 ./cli kernel images/4096x40   0 394572
22.7  4.8 ./cli kernel images/4096x40   0 394612
23.0  4.8 ./cli kernel images/4096x40   0 394592
23.3  4.8 ./cli kernel images/4096x40   1 394548
  PID User     Command                         Swap      USS      PSS      RSS 
39375 codespace /usr/bin/python3 /usr/bin/s        0    12064    12344    14512 
35173 codespace ./cli kernel images/4096x40        0   393320   393371   394532 
35165 codespace ./cli kernel images/4096x40        0   393320   393372   394572 
35169 codespace ./cli kernel images/4096x40        0   393324   393375   394548 
35175 codespace ./cli kernel images/4096x40        0   393324   393377   394592 
35171 codespace ./cli kernel images/4096x40        0   393324   393379   394612 
%CPU %MEM ARGS Wed Sep 30 20:42:59 UTC 2026
 0.0  0.0 grep --color=auto ./cli       1  2340
22.5  4.8 ./cli kernel images/4096x40   0 394532
22.5  4.8 ./cli kernel images/4096x40   0 394572
22.7  4.8 ./cli kernel images/4096x40   0 394612
23.0  4.8 ./cli kernel images/4096x40   1 394592
23.2  4.8 ./cli kernel images/4096x40   0 394548
  PID User     Command                         Swap      USS      PSS      RSS 
39404 codespace /usr/bin/python3 /usr/bin/s        0    12076    12326    14588 
35165 codespace ./cli kernel images/4096x40        0   393320   393371   394572 
35173 codespace ./cli kernel images/4096x40        0   393320   393371   394532 
35175 codespace ./cli kernel images/4096x40        0   393324   393371   394592 
35171 codespace ./cli kernel images/4096x40        0   393324   393373   394612 
35169 codespace ./cli kernel images/4096x40        0   393324   393375   394548 
%CPU %MEM ARGS Wed Sep 30 20:43:00 UTC 2026
 0.0  0.0 grep --color=auto ./cli       0  2248
22.4  4.8 ./cli kernel images/4096x40   0 394532
22.5  4.8 ./cli kernel images/4096x40   0 394572
22.7  4.8 ./cli kernel images/4096x40   0 394612
23.0  4.8 ./cli kernel images/4096x40   1 394592
23.2  4.8 ./cli kernel images/4096x40   0 394548
  PID User     Command                         Swap      USS      PSS      RSS 
39416 codespace /usr/bin/python3 /usr/bin/s        0    12056    12303    14472 
35165 codespace ./cli kernel images/4096x40        0   393320   393371   394572 
35173 codespace ./cli kernel images/4096x40        0   393320   393371   394532 
35169 codespace ./cli kernel images/4096x40        0   393324   393375   394548 
35175 codespace ./cli kernel images/4096x40        0   393324   393377   394592 
35171 codespace ./cli kernel images/4096x40        0   393324   393379   394612 
%CPU %MEM ARGS Wed Sep 30 20:43:02 UTC 2026
 0.0  0.0 grep --color=auto ./cli       0  2296
22.4  4.8 ./cli kernel images/4096x40   0 394532
22.5  4.8 ./cli kernel images/4096x40   0 394572
22.7  4.8 ./cli kernel images/4096x40   0 394612
23.0  4.8 ./cli kernel images/4096x40   1 394592
23.2  4.8 ./cli kernel images/4096x40   0 394548
  PID User     Command                         Swap      USS      PSS      RSS 
39423 codespace /usr/bin/python3 /usr/bin/s        0    12064    12340    14512 
35169 codespace ./cli kernel images/4096x40        0   393324   393370   394548 
35173 codespace ./cli kernel images/4096x40        0   393320   393370   394532 
35165 codespace ./cli kernel images/4096x40        0   393320   393371   394572 
35175 codespace ./cli kernel images/4096x40        0   393324   393377   394592 
35171 codespace ./cli kernel images/4096x40        0   393324   393379   394612 
%CPU %MEM ARGS Wed Sep 30 20:43:03 UTC 2026
 0.0  0.0 grep --color=auto ./cli       0  2296
22.4  4.8 ./cli kernel images/4096x40   0 394532
22.4  4.8 ./cli kernel images/4096x40   0 394572
22.6  4.8 ./cli kernel images/4096x40   0 394612
23.1  4.8 ./cli kernel images/4096x40   1 394592
23.2  4.8 ./cli kernel images/4096x40   0 394548
  PID User     Command                         Swap      USS      PSS      RSS 
39435 codespace /usr/bin/python3 /usr/bin/s        0    12052    12300    14468 
35165 codespace ./cli kernel images/4096x40        0   393320   393371   394572 
35173 codespace ./cli kernel images/4096x40        0   393320   393371   394532 
35169 codespace ./cli kernel images/4096x40        0   393324   393375   394548 
35175 codespace ./cli kernel images/4096x40        0   393324   393377   394592 
35171 codespace ./cli kernel images/4096x40        0   393324   393379   394612 
%CPU %MEM ARGS Wed Sep 30 20:43:04 UTC 2026
 0.0  0.0 grep --color=auto ./cli       0  2156
22.4  4.8 ./cli kernel images/4096x40   0 394532
22.4  4.8 ./cli kernel images/4096x40   0 394572
22.6  4.8 ./cli kernel images/4096x40   0 394612
23.1  4.8 ./cli kernel images/4096x40   0 394592
23.1  4.8 ./cli kernel images/4096x40   0 394548
  PID User     Command                         Swap      USS      PSS      RSS 
39447 codespace /usr/bin/python3 /usr/bin/s        0    12060    12311    14476 
35165 codespace ./cli kernel images/4096x40        0   393320   393371   394572 
35173 codespace ./cli kernel images/4096x40        0   393320   393371   394532 
35169 codespace ./cli kernel images/4096x40        0   393324   393375   394548 
35175 codespace ./cli kernel images/4096x40        0   393324   393377   394592 
35171 codespace ./cli kernel images/4096x40        0   393324   393379   394612 
%CPU %MEM ARGS Wed Sep 30 20:43:05 UTC 2026
 0.0  0.0 grep --color=auto ./cli       1  2196
22.4  4.8 ./cli kernel images/4096x40   0 394532
22.4  4.8 ./cli kernel images/4096x40   0 394572
22.6  4.8 ./cli kernel images/4096x40   0 394612
23.1  4.8 ./cli kernel images/4096x40   1 394592
23.1  4.8 ./cli kernel images/4096x40   0 394548
  PID User     Command                         Swap      USS      PSS      RSS 
39456 codespace /usr/bin/python3 /usr/bin/s        0    12060    12319    14536 
35173 codespace ./cli kernel images/4096x40        0   393320   393371   394532 
35165 codespace ./cli kernel images/4096x40        0   393320   393372   394572 
35169 codespace ./cli kernel images/4096x40        0   393324   393375   394548 
35175 codespace ./cli kernel images/4096x40        0   393324   393377   394592 
35171 codespace ./cli kernel images/4096x40        0   393324   393379   394612 
%CPU %MEM ARGS Wed Sep 30 20:43:06 UTC 2026
 0.0  0.0 grep --color=auto ./cli       0  2164
22.3  4.8 ./cli kernel images/4096x40   0 394532
22.4  4.8 ./cli kernel images/4096x40   0 394572
22.6  4.8 ./cli kernel images/4096x40   0 394612
23.1  4.8 ./cli kernel images/4096x40   0 394592
23.1  4.8 ./cli kernel images/4096x40   0 394548
  PID User     Command                         Swap      USS      PSS      RSS 
39464 codespace /usr/bin/python3 /usr/bin/s        0    12056    12295    14500 
35165 codespace ./cli kernel images/4096x40        0   393320   393371   394572 
35173 codespace ./cli kernel images/4096x40        0   393320   393371   394532 
35169 codespace ./cli kernel images/4096x40        0   393324   393375   394548 
35175 codespace ./cli kernel images/4096x40        0   393324   393377   394592 
35171 codespace ./cli kernel images/4096x40        0   393324   393379   394612 
%CPU %MEM ARGS Wed Sep 30 20:43:06 UTC 2026
 0.0  0.0 grep --color=auto ./cli       0  2160
22.3  4.8 ./cli kernel images/4096x40   0 394532
22.4  4.8 ./cli kernel images/4096x40   0 394572
22.6  4.8 ./cli kernel images/4096x40   1 394612
23.1  4.8 ./cli kernel images/4096x40   0 394592
23.1  4.8 ./cli kernel images/4096x40   0 394548
  PID User     Command                         Swap      USS      PSS      RSS 
39470 codespace /usr/bin/python3 /usr/bin/s        0    12056    12316    14540 
35173 codespace ./cli kernel images/4096x40        0   393320   393371   394532 
35165 codespace ./cli kernel images/4096x40        0   393320   393372   394572 
35169 codespace ./cli kernel images/4096x40        0   393324   393375   394548 
35175 codespace ./cli kernel images/4096x40        0   393324   393377   394592 
35171 codespace ./cli kernel images/4096x40        0   393324   393379   394612 
%CPU %MEM ARGS Wed Sep 30 20:43:07 UTC 2026
 0.0  0.0 grep --color=auto ./cli       0  2252
22.3  4.8 ./cli kernel images/4096x40   0 394532
22.4  4.8 ./cli kernel images/4096x40   0 394572
22.6  4.8 ./cli kernel images/4096x40   0 394612
23.1  4.8 ./cli kernel images/4096x40   1 394592
23.1  4.8 ./cli kernel images/4096x40   0 394548
  PID User     Command                         Swap      USS      PSS      RSS 
39482 codespace /usr/bin/python3 /usr/bin/s        0    12052    12313    14520 
35165 codespace ./cli kernel images/4096x40        0   393320   393371   394572 
35173 codespace ./cli kernel images/4096x40        0   393320   393371   394532 
35169 codespace ./cli kernel images/4096x40        0   393324   393375   394548 
35175 codespace ./cli kernel images/4096x40        0   393324   393377   394592 
35171 codespace ./cli kernel images/4096x40        0   393324   393379   394612 
%CPU %MEM ARGS Wed Sep 30 20:43:09 UTC 2026
 0.0  0.0 grep --color=auto ./cli       1  2196
22.3  4.8 ./cli kernel images/4096x40   0 394532
22.3  4.8 ./cli kernel images/4096x40   0 394572
22.6  4.8 ./cli kernel images/4096x40   0 394612
23.0  4.8 ./cli kernel images/4096x40   1 394548
23.1  4.8 ./cli kernel images/4096x40   1 394592
  PID User     Command                         Swap      USS      PSS      RSS 
39494 codespace /usr/bin/python3 /usr/bin/s        0    12056    12276    14476 
35165 codespace ./cli kernel images/4096x40        0   393320   393371   394572 
35173 codespace ./cli kernel images/4096x40        0   393320   393371   394532 
35169 codespace ./cli kernel images/4096x40        0   393324   393374   394548 
35175 codespace ./cli kernel images/4096x40        0   393324   393375   394592 
35171 codespace ./cli kernel images/4096x40        0   393324   393379   394612 
%CPU %MEM ARGS Wed Sep 30 20:43:10 UTC 2026
 0.0  0.0 grep --color=auto ./cli       1  2292
22.3  4.8 ./cli kernel images/4096x40   0 394532
22.3  4.8 ./cli kernel images/4096x40   1 394572
22.6  4.8 ./cli kernel images/4096x40   1 394612
23.1  4.8 ./cli kernel images/4096x40   0 394548
23.1  4.8 ./cli kernel images/4096x40   1 394592
  PID User     Command                         Swap      USS      PSS      RSS 
39525 codespace /usr/bin/python3 /usr/bin/s        0    12052    12297    14500 
35165 codespace ./cli kernel images/4096x40        0   393320   393371   394572 
35173 codespace ./cli kernel images/4096x40        0   393320   393371   394532 
35169 codespace ./cli kernel images/4096x40        0   393324   393375   394548 
35175 codespace ./cli kernel images/4096x40        0   393324   393377   394592 
35171 codespace ./cli kernel images/4096x40        0   393324   393379   394612 
%CPU %MEM ARGS Wed Sep 30 20:43:11 UTC 2026
 0.0  0.0 grep --color=auto ./cli       0  2300
22.3  4.8 ./cli kernel images/4096x40   1 394532
22.3  4.8 ./cli kernel images/4096x40   0 394572
22.6  4.8 ./cli kernel images/4096x40   0 394612
23.0  4.8 ./cli kernel images/4096x40   0 394548
23.1  4.8 ./cli kernel images/4096x40   0 394592
  PID User     Command                         Swap      USS      PSS      RSS 
39531 codespace /usr/bin/python3 /usr/bin/s        0    12056    12302    14472 
35165 codespace ./cli kernel images/4096x40        0   393320   393371   394572 
35173 codespace ./cli kernel images/4096x40        0   393320   393371   394532 
35169 codespace ./cli kernel images/4096x40        0   393324   393375   394548 
35175 codespace ./cli kernel images/4096x40        0   393324   393375   394592 
35171 codespace ./cli kernel images/4096x40        0   393324   393379   394612 
%CPU %MEM ARGS Wed Sep 30 20:43:12 UTC 2026
 0.0  0.0 grep --color=auto ./cli       0  2156
22.3  4.8 ./cli kernel images/4096x40   0 394572
22.3  4.8 ./cli kernel images/4096x40   0 394532
22.5  4.8 ./cli kernel images/4096x40   0 394612
23.0  4.8 ./cli kernel images/4096x40   1 394548
23.1  4.8 ./cli kernel images/4096x40   0 394592
  PID User     Command                         Swap      USS      PSS      RSS 
39543 codespace /usr/bin/python3 /usr/bin/s        0    12060    12312    14476 
35165 codespace ./cli kernel images/4096x40        0   393320   393371   394572 
35173 codespace ./cli kernel images/4096x40        0   393320   393371   394532 
35169 codespace ./cli kernel images/4096x40        0   393324   393375   394548 
35175 codespace ./cli kernel images/4096x40        0   393324   393377   394592 
35171 codespace ./cli kernel images/4096x40        0   393324   393379   394612 
%CPU %MEM ARGS Wed Sep 30 20:43:13 UTC 2026
 0.0  0.0 grep --color=auto ./cli       0  2204
22.3  4.8 ./cli kernel images/4096x40   0 394532
22.3  4.8 ./cli kernel images/4096x40   0 394572
22.5  4.8 ./cli kernel images/4096x40   0 394612
23.0  4.8 ./cli kernel images/4096x40   0 394548
23.0  4.8 ./cli kernel images/4096x40   0 394592
  PID User     Command                         Swap      USS      PSS      RSS 
39549 codespace /usr/bin/python3 /usr/bin/s        0    12064    12338    14512 
35165 codespace ./cli kernel images/4096x40        0   393320   393371   394572 
35173 codespace ./cli kernel images/4096x40        0   393320   393371   394532 
35169 codespace ./cli kernel images/4096x40        0   393324   393375   394548 
35175 codespace ./cli kernel images/4096x40        0   393324   393377   394592 
35171 codespace ./cli kernel images/4096x40        0   393324   393379   394612 
%CPU %MEM ARGS Wed Sep 30 20:43:14 UTC 2026
 0.0  0.0 grep --color=auto ./cli       1  2176
22.3  4.8 ./cli kernel images/4096x40   0 394532
22.3  4.8 ./cli kernel images/4096x40   1 394572
22.5  4.8 ./cli kernel images/4096x40   0 394612
23.0  4.8 ./cli kernel images/4096x40   0 394548
23.0  4.8 ./cli kernel images/4096x40   0 394592
  PID User     Command                         Swap      USS      PSS      RSS 
39555 codespace /usr/bin/python3 /usr/bin/s        0    12060    12326    14536 
35173 codespace ./cli kernel images/4096x40        0   393320   393371   394532 
35165 codespace ./cli kernel images/4096x40        0   393320   393372   394572 
35169 codespace ./cli kernel images/4096x40        0   393324   393375   394548 
35175 codespace ./cli kernel images/4096x40        0   393324   393376   394592 
35171 codespace ./cli kernel images/4096x40        0   393324   393379   394612 
%CPU %MEM ARGS Wed Sep 30 20:43:14 UTC 2026
 0.0  0.0 grep --color=auto ./cli       1  2344
22.3  4.8 ./cli kernel images/4096x40   0 394532
22.3  4.8 ./cli kernel images/4096x40   0 394572
22.5  4.8 ./cli kernel images/4096x40   0 394612
23.0  4.8 ./cli kernel images/4096x40   0 394548
23.0  4.8 ./cli kernel images/4096x40   0 394592
  PID User     Command                         Swap      USS      PSS      RSS 
39566 codespace /usr/bin/python3 /usr/bin/s        0    12060    12318    14484 
35173 codespace ./cli kernel images/4096x40        0   393320   393371   394532 
35165 codespace ./cli kernel images/4096x40        0   393320   393372   394572 
35169 codespace ./cli kernel images/4096x40        0   393324   393375   394548 
35175 codespace ./cli kernel images/4096x40        0   393324   393377   394592 
35171 codespace ./cli kernel images/4096x40        0   393324   393379   394612 
%CPU %MEM ARGS Wed Sep 30 20:43:15 UTC 2026
 0.0  0.0 grep --color=auto ./cli       0  2176
22.3  4.8 ./cli kernel images/4096x40   0 394532
22.3  4.8 ./cli kernel images/4096x40   0 394572
22.5  4.8 ./cli kernel images/4096x40   0 394612
23.0  4.8 ./cli kernel images/4096x40   0 394548
23.0  4.8 ./cli kernel images/4096x40   1 394592
  PID User     Command                         Swap      USS      PSS      RSS 
39572 codespace /usr/bin/python3 /usr/bin/s        0    12060    12313    14540 
35165 codespace ./cli kernel images/4096x40        0   393320   393371   394572 
35173 codespace ./cli kernel images/4096x40        0   393320   393371   394532 
35169 codespace ./cli kernel images/4096x40        0   393324   393375   394548 
35175 codespace ./cli kernel images/4096x40        0   393324   393377   394592 
35171 codespace ./cli kernel images/4096x40        0   393324   393379   394612 
%CPU %MEM ARGS Wed Sep 30 20:43:16 UTC 2026
 0.0  0.0 grep --color=auto ./cli       0  2340
22.2  4.8 ./cli kernel images/4096x40   1 394532
22.3  4.8 ./cli kernel images/4096x40   1 394572
22.5  4.8 ./cli kernel images/4096x40   1 394612
23.0  4.8 ./cli kernel images/4096x40   1 394548
23.0  4.8 ./cli kernel images/4096x40   1 394592
  PID User     Command                         Swap      USS      PSS      RSS 
39585 codespace /usr/bin/python3 /usr/bin/s        0    12052    12315    14520 
35173 codespace ./cli kernel images/4096x40        0   393320   393371   394532 
35165 codespace ./cli kernel images/4096x40        0   393320   393372   394572 
35169 codespace ./cli kernel images/4096x40        0   393324   393375   394548 
35175 codespace ./cli kernel images/4096x40        0   393324   393377   394592 
35171 codespace ./cli kernel images/4096x40        0   393324   393379   394612 
%CPU %MEM ARGS Wed Sep 30 20:43:16 UTC 2026
 0.0  0.0 grep --color=auto ./cli       1  2156
22.2  4.8 ./cli kernel images/4096x40   1 394532
22.3  4.8 ./cli kernel images/4096x40   1 394572
22.5  4.8 ./cli kernel images/4096x40   1 394612
23.0  4.8 ./cli kernel images/4096x40   1 394548
23.0  4.8 ./cli kernel images/4096x40   1 394592
  PID User     Command                         Swap      USS      PSS      RSS 
39596 codespace /usr/bin/python3 /usr/bin/s        0    12064    12320    14544 
35165 codespace ./cli kernel images/4096x40        0   393320   393371   394572 
35173 codespace ./cli kernel images/4096x40        0   393320   393371   394532 
35169 codespace ./cli kernel images/4096x40        0   393324   393375   394548 
35175 codespace ./cli kernel images/4096x40        0   393324   393377   394592 
35171 codespace ./cli kernel images/4096x40        0   393324   393379   394612 
%CPU %MEM ARGS Wed Sep 30 20:43:18 UTC 2026
 0.0  0.0 grep --color=auto ./cli       1  2200
22.2  4.8 ./cli kernel images/4096x40   0 394532
22.3  4.8 ./cli kernel images/4096x40   0 394572
22.5  4.8 ./cli kernel images/4096x40   0 394612
22.9  4.8 ./cli kernel images/4096x40   1 394548
23.0  4.8 ./cli kernel images/4096x40   0 394592
  PID User     Command                         Swap      USS      PSS      RSS 
39602 codespace /usr/bin/python3 /usr/bin/s        0    12056    12304    14472 
35165 codespace ./cli kernel images/4096x40        0   393320   393371   394572 
35173 codespace ./cli kernel images/4096x40        0   393320   393371   394532 
35169 codespace ./cli kernel images/4096x40        0   393324   393375   394548 
35175 codespace ./cli kernel images/4096x40        0   393324   393377   394592 
35171 codespace ./cli kernel images/4096x40        0   393324   393379   394612 
%CPU %MEM ARGS Wed Sep 30 20:43:19 UTC 2026
 0.0  0.0 grep --color=auto ./cli       1  2196
22.2  4.8 ./cli kernel images/4096x40   0 394532
22.2  4.8 ./cli kernel images/4096x40   0 394572
22.4  4.8 ./cli kernel images/4096x40   1 394612
23.0  4.8 ./cli kernel images/4096x40   1 394548
23.0  4.8 ./cli kernel images/4096x40   0 394592
  PID User     Command                         Swap      USS      PSS      RSS 
39615 codespace /usr/bin/python3 /usr/bin/s        0    12056    12314    14524 
35173 codespace ./cli kernel images/4096x40        0   393320   393371   394532 
35165 codespace ./cli kernel images/4096x40        0   393320   393372   394572 
35169 codespace ./cli kernel images/4096x40        0   393324   393375   394548 
35175 codespace ./cli kernel images/4096x40        0   393324   393377   394592 
35171 codespace ./cli kernel images/4096x40        0   393324   393379   394612 
%CPU %MEM ARGS Wed Sep 30 20:43:20 UTC 2026
 0.0  0.0 grep --color=auto ./cli       0  2288
22.2  4.8 ./cli kernel images/4096x40   0 394532
22.2  4.8 ./cli kernel images/4096x40   1 394572
22.4  4.8 ./cli kernel images/4096x40   1 394612
23.0  4.8 ./cli kernel images/4096x40   1 394548
23.0  4.8 ./cli kernel images/4096x40   1 394592
  PID User     Command                         Swap      USS      PSS      RSS 
39640 codespace /usr/bin/python3 /usr/bin/s        0    12060    12291    14572 
35173 codespace ./cli kernel images/4096x40        0   393320   393370   394532 
35175 codespace ./cli kernel images/4096x40        0   393324   393371   394592 
35165 codespace ./cli kernel images/4096x40        0   393320   393372   394572 
35169 codespace ./cli kernel images/4096x40        0   393324   393375   394548 
35171 codespace ./cli kernel images/4096x40        0   393324   393378   394612 
%CPU %MEM ARGS Wed Sep 30 20:43:21 UTC 2026
 0.0  0.0 grep --color=auto ./cli       0  2156
22.2  4.8 ./cli kernel images/4096x40   0 394532
22.2  4.8 ./cli kernel images/4096x40   0 394572
22.4  4.8 ./cli kernel images/4096x40   1 394612
22.9  4.8 ./cli kernel images/4096x40   1 394548
22.9  4.8 ./cli kernel images/4096x40   0 394592
  PID User     Command                         Swap      USS      PSS      RSS 
39658 codespace /usr/bin/python3 /usr/bin/s        0    12064    12343    14572 
35165 codespace ./cli kernel images/4096x40        0   393320   393371   394572 
35173 codespace ./cli kernel images/4096x40        0   393320   393371   394532 
35169 codespace ./cli kernel images/4096x40        0   393324   393375   394548 
35175 codespace ./cli kernel images/4096x40        0   393324   393377   394592 
35171 codespace ./cli kernel images/4096x40        0   393324   393379   394612 
%CPU %MEM ARGS Wed Sep 30 20:43:22 UTC 2026
 0.0  0.0 grep --color=auto ./cli       1  2160
22.2  4.8 ./cli kernel images/4096x40   1 394532
22.2  4.8 ./cli kernel images/4096x40   1 394572
22.4  4.8 ./cli kernel images/4096x40   1 394612
22.9  4.8 ./cli kernel images/4096x40   1 394548
22.9  4.8 ./cli kernel images/4096x40   0 394592
  PID User     Command                         Swap      USS      PSS      RSS 
39664 codespace /usr/bin/python3 /usr/bin/s        0    12056    12320    14472 
35165 codespace ./cli kernel images/4096x40        0   393320   393371   394572 
35173 codespace ./cli kernel images/4096x40        0   393320   393371   394532 
35169 codespace ./cli kernel images/4096x40        0   393324   393375   394548 
35175 codespace ./cli kernel images/4096x40        0   393324   393376   394592 
35171 codespace ./cli kernel images/4096x40        0   393324   393379   394612 
%CPU %MEM ARGS Wed Sep 30 20:43:24 UTC 2026
 0.0  0.0 grep --color=auto ./cli       0  2176
22.2  4.8 ./cli kernel images/4096x40   1 394532
22.2  4.8 ./cli kernel images/4096x40   0 394572
22.4  4.8 ./cli kernel images/4096x40   1 394612
22.9  4.8 ./cli kernel images/4096x40   1 394548
23.0  4.8 ./cli kernel images/4096x40   1 394592
  PID User     Command                         Swap      USS      PSS      RSS 
39676 codespace /usr/bin/python3 /usr/bin/s        0    12060    12309    14476 
35165 codespace ./cli kernel images/4096x40        0   393320   393371   394572 
35173 codespace ./cli kernel images/4096x40        0   393320   393371   394532 
35169 codespace ./cli kernel images/4096x40        0   393324   393375   394548 
35175 codespace ./cli kernel images/4096x40        0   393324   393377   394592 
35171 codespace ./cli kernel images/4096x40        0   393324   393379   394612 
%CPU %MEM ARGS Wed Sep 30 20:43:25 UTC 2026
 0.0  0.0 grep --color=auto ./cli       1  2164
22.2  4.8 ./cli kernel images/4096x40   1 394532
22.2  4.8 ./cli kernel images/4096x40   0 394572
22.4  4.8 ./cli kernel images/4096x40   1 394612
22.9  4.8 ./cli kernel images/4096x40   1 394548
22.9  4.8 ./cli kernel images/4096x40   1 394592
  PID User     Command                         Swap      USS      PSS      RSS 
39682 codespace /usr/bin/python3 /usr/bin/s        0    12060    12317    14536 
35173 codespace ./cli kernel images/4096x40        0   393320   393367   394532 
35165 codespace ./cli kernel images/4096x40        0   393320   393370   394572 
35169 codespace ./cli kernel images/4096x40        0   393324   393375   394548 
35175 codespace ./cli kernel images/4096x40        0   393324   393377   394592 
35171 codespace ./cli kernel images/4096x40        0   393324   393379   394612 
%CPU %MEM ARGS Wed Sep 30 20:43:26 UTC 2026
 0.0  0.0 grep --color=auto ./cli       0  2196
22.1  4.8 ./cli kernel images/4096x40   0 394532
22.2  4.8 ./cli kernel images/4096x40   0 394572
22.3  4.8 ./cli kernel images/4096x40   0 394612
22.9  4.8 ./cli kernel images/4096x40   0 394548
22.9  4.8 ./cli kernel images/4096x40   0 394592
  PID User     Command                         Swap      USS      PSS      RSS 
39695 codespace /usr/bin/python3 /usr/bin/s        0    12080    12371    14588 
35165 codespace ./cli kernel images/4096x40        0   393320   393370   394572 
35173 codespace ./cli kernel images/4096x40        0   393320   393371   394532 
35169 codespace ./cli kernel images/4096x40        0   393324   393375   394548 
35175 codespace ./cli kernel images/4096x40        0   393324   393376   394592 
35171 codespace ./cli kernel images/4096x40        0   393324   393379   394612 
%CPU %MEM ARGS Wed Sep 30 20:43:27 UTC 2026
 0.0  0.0 grep --color=auto ./cli       0  2180
22.1  4.8 ./cli kernel images/4096x40   1 394532
22.2  4.8 ./cli kernel images/4096x40   0 394572
22.3  4.8 ./cli kernel images/4096x40   0 394612
22.9  4.8 ./cli kernel images/4096x40   0 394548
22.9  4.8 ./cli kernel images/4096x40   0 394592
  PID User     Command                         Swap      USS      PSS      RSS 
39707 codespace /usr/bin/python3 /usr/bin/s        0    12056    12310    14532 
35165 codespace ./cli kernel images/4096x40        0   393320   393371   394572 
35173 codespace ./cli kernel images/4096x40        0   393320   393371   394532 
35169 codespace ./cli kernel images/4096x40        0   393324   393375   394548 
35175 codespace ./cli kernel images/4096x40        0   393324   393376   394592 
35171 codespace ./cli kernel images/4096x40        0   393324   393379   394612 
%CPU %MEM ARGS Wed Sep 30 20:43:28 UTC 2026
 0.0  0.0 grep --color=auto ./cli       1  2164
22.1  4.8 ./cli kernel images/4096x40   1 394532
22.2  4.8 ./cli kernel images/4096x40   0 394572
22.4  4.8 ./cli kernel images/4096x40   0 394612
22.9  4.8 ./cli kernel images/4096x40   1 394548
22.9  4.8 ./cli kernel images/4096x40   1 394592
  PID User     Command                         Swap      USS      PSS      RSS 
39719 codespace /usr/bin/python3 /usr/bin/s        0    12060    12314    14540 
35165 codespace ./cli kernel images/4096x40        0   393320   393371   394572 
35173 codespace ./cli kernel images/4096x40        0   393320   393371   394532 
35169 codespace ./cli kernel images/4096x40        0   393324   393375   394548 
35175 codespace ./cli kernel images/4096x40        0   393324   393377   394592 
35171 codespace ./cli kernel images/4096x40        0   393324   393379   394612 
%CPU %MEM ARGS Wed Sep 30 20:43:30 UTC 2026
 0.0  0.0 grep --color=auto ./cli       1  2172
22.1  4.8 ./cli kernel images/4096x40   0 394532
22.1  4.8 ./cli kernel images/4096x40   1 394572
22.3  4.8 ./cli kernel images/4096x40   0 394612
22.8  4.8 ./cli kernel images/4096x40   1 394548
22.9  4.8 ./cli kernel images/4096x40   0 394592
  PID User     Command                         Swap      USS      PSS      RSS 
39731 codespace /usr/bin/python3 /usr/bin/s        0    12056    12281    14540 
35175 codespace ./cli kernel images/4096x40        0   393324   393370   394592 
35165 codespace ./cli kernel images/4096x40        0   393320   393371   394572 
35173 codespace ./cli kernel images/4096x40        0   393320   393371   394532 
35169 codespace ./cli kernel images/4096x40        0   393324   393375   394548 
35171 codespace ./cli kernel images/4096x40        0   393324   393375   394612 
%CPU %MEM ARGS Wed Sep 30 20:43:31 UTC 2026
 0.0  0.0 grep --color=auto ./cli       0  2200
22.1  4.8 ./cli kernel images/4096x40   0 394532
22.2  4.8 ./cli kernel images/4096x40   0 394572
22.3  4.8 ./cli kernel images/4096x40   0 394612
22.8  4.8 ./cli kernel images/4096x40   1 394548
22.8  4.8 ./cli kernel images/4096x40   0 394592
  PID User     Command                         Swap      USS      PSS      RSS 
39756 codespace /usr/bin/python3 /usr/bin/s        0    12060    12338    14508 
35173 codespace ./cli kernel images/4096x40        0   393320   393371   394532 
35165 codespace ./cli kernel images/4096x40        0   393320   393372   394572 
35169 codespace ./cli kernel images/4096x40        0   393324   393375   394548 
35175 codespace ./cli kernel images/4096x40        0   393324   393377   394592 
35171 codespace ./cli kernel images/4096x40        0   393324   393379   394612 
%CPU %MEM ARGS Wed Sep 30 20:43:31 UTC 2026
 0.0  0.0 grep --color=auto ./cli       1  2180
22.1  4.8 ./cli kernel images/4096x40   1 394532
22.2  4.8 ./cli kernel images/4096x40   0 394572
22.3  4.8 ./cli kernel images/4096x40   0 394612
22.8  4.8 ./cli kernel images/4096x40   0 394548
22.8  4.8 ./cli kernel images/4096x40   0 394592
  PID User     Command                         Swap      USS      PSS      RSS 
39762 codespace /usr/bin/python3 /usr/bin/s        0    12064    12340    14504 
35173 codespace ./cli kernel images/4096x40        0   393320   393371   394532 
35165 codespace ./cli kernel images/4096x40        0   393320   393372   394572 
35169 codespace ./cli kernel images/4096x40        0   393324   393375   394548 
35175 codespace ./cli kernel images/4096x40        0   393324   393377   394592 
35171 codespace ./cli kernel images/4096x40        0   393324   393379   394612 
%CPU %MEM ARGS Wed Sep 30 20:43:32 UTC 2026
 0.0  0.0 grep --color=auto ./cli       0  2204
22.1  4.8 ./cli kernel images/4096x40   0 394532
22.1  4.8 ./cli kernel images/4096x40   0 394572
22.3  4.8 ./cli kernel images/4096x40   0 394612
22.8  4.8 ./cli kernel images/4096x40   1 394548
22.8  4.8 ./cli kernel images/4096x40   0 394592
  PID User     Command                         Swap      USS      PSS      RSS 
39774 codespace /usr/bin/python3 /usr/bin/s        0    12080    12370    14588 
35165 codespace ./cli kernel images/4096x40        0   393320   393371   394572 
35173 codespace ./cli kernel images/4096x40        0   393320   393371   394532 
35169 codespace ./cli kernel images/4096x40        0   393324   393375   394548 
35171 codespace ./cli kernel images/4096x40        0   393324   393375   394612 
35175 codespace ./cli kernel images/4096x40        0   393324   393377   394592 
%CPU %MEM ARGS Wed Sep 30 20:43:33 UTC 2026
 0.0  0.0 grep --color=auto ./cli       1  2296
22.1  4.8 ./cli kernel images/4096x40   1 394532
22.2  4.8 ./cli kernel images/4096x40   1 394572
22.3  4.8 ./cli kernel images/4096x40   1 394612
22.8  4.8 ./cli kernel images/4096x40   1 394548
22.8  4.8 ./cli kernel images/4096x40   1 394592
  PID User     Command                         Swap      USS      PSS      RSS 
39786 codespace /usr/bin/python3 /usr/bin/s        0    12056    12319    14472 
35165 codespace ./cli kernel images/4096x40        0   393320   393371   394572 
35173 codespace ./cli kernel images/4096x40        0   393320   393371   394532 
35169 codespace ./cli kernel images/4096x40        0   393324   393375   394548 
35175 codespace ./cli kernel images/4096x40        0   393324   393376   394592 
35171 codespace ./cli kernel images/4096x40        0   393324   393379   394612 
%CPU %MEM ARGS Wed Sep 30 20:43:34 UTC 2026
 0.0  0.0 grep --color=auto ./cli       1  2208
22.1  4.8 ./cli kernel images/4096x40   0 394532
22.1  4.8 ./cli kernel images/4096x40   1 394572
22.3  4.8 ./cli kernel images/4096x40   1 394612
22.8  4.8 ./cli kernel images/4096x40   1 394548
22.8  4.8 ./cli kernel images/4096x40   1 394592
  PID User     Command                         Swap      USS      PSS      RSS 
39792 codespace /usr/bin/python3 /usr/bin/s        0    12060    12345    14620 
35169 codespace ./cli kernel images/4096x40        0   393324   393370   394548 
35165 codespace ./cli kernel images/4096x40        0   393320   393371   394572 
35173 codespace ./cli kernel images/4096x40        0   393320   393371   394532 
35175 codespace ./cli kernel images/4096x40        0   393324   393376   394592 
35171 codespace ./cli kernel images/4096x40        0   393324   393379   394612 
%CPU %MEM ARGS Wed Sep 30 20:43:36 UTC 2026
 0.0  0.0 grep --color=auto ./cli       0  2180
22.1  4.8 ./cli kernel images/4096x40   1 394572
22.2  4.8 ./cli kernel images/4096x40   0 394532
22.3  4.8 ./cli kernel images/4096x40   1 394612
22.7  4.8 ./cli kernel images/4096x40   1 394548
22.8  4.8 ./cli kernel images/4096x40   1 394592
  PID User     Command                         Swap      USS      PSS      RSS 
39804 codespace /usr/bin/python3 /usr/bin/s        0    12060    12310    14476 
35165 codespace ./cli kernel images/4096x40        0   393320   393371   394572 
35173 codespace ./cli kernel images/4096x40        0   393320   393371   394532 
35169 codespace ./cli kernel images/4096x40        0   393324   393375   394548 
35175 codespace ./cli kernel images/4096x40        0   393324   393377   394592 
35171 codespace ./cli kernel images/4096x40        0   393324   393379   394612 
%CPU %MEM ARGS Wed Sep 30 20:43:37 UTC 2026
 0.0  0.0 grep --color=auto ./cli       0  2340
22.1  4.8 ./cli kernel images/4096x40   1 394572
22.2  4.8 ./cli kernel images/4096x40   0 394532
22.2  4.8 ./cli kernel images/4096x40   0 394612
22.7  4.8 ./cli kernel images/4096x40   0 394548
22.7  4.8 ./cli kernel images/4096x40   0 394592
  PID User     Command                         Swap      USS      PSS      RSS 
39810 codespace /usr/bin/python3 /usr/bin/s        0    12048    12307    14516 
35173 codespace ./cli kernel images/4096x40        0   393320   393371   394532 
35165 codespace ./cli kernel images/4096x40        0   393320   393372   394572 
35169 codespace ./cli kernel images/4096x40        0   393324   393374   394548 
35175 codespace ./cli kernel images/4096x40        0   393324   393377   394592 
35171 codespace ./cli kernel images/4096x40        0   393324   393379   394612 
%CPU %MEM ARGS Wed Sep 30 20:43:38 UTC 2026
 0.0  0.0 grep --color=auto ./cli       1  2176
22.1  4.8 ./cli kernel images/4096x40   1 394572
22.2  4.8 ./cli kernel images/4096x40   0 394532
22.2  4.8 ./cli kernel images/4096x40   1 394612
22.7  4.8 ./cli kernel images/4096x40   1 394548
22.7  4.8 ./cli kernel images/4096x40   1 394592
  PID User     Command                         Swap      USS      PSS      RSS 
39828 codespace /usr/bin/python3 /usr/bin/s        0    12060    12312    14540 
35165 codespace ./cli kernel images/4096x40        0   393320   393371   394572 
35173 codespace ./cli kernel images/4096x40        0   393320   393371   394532 
35169 codespace ./cli kernel images/4096x40        0   393324   393375   394548 
35175 codespace ./cli kernel images/4096x40        0   393324   393377   394592 
35171 codespace ./cli kernel images/4096x40        0   393324   393379   394612 
%CPU %MEM ARGS Wed Sep 30 20:43:39 UTC 2026
 0.0  0.0 grep --color=auto ./cli       0  2164
22.1  4.8 ./cli kernel images/4096x40   1 394572
22.2  4.8 ./cli kernel images/4096x40   1 394532
22.2  4.8 ./cli kernel images/4096x40   1 394612
22.7  4.8 ./cli kernel images/4096x40   0 394548
22.7  4.8 ./cli kernel images/4096x40   1 394592
  PID User     Command                         Swap      USS      PSS      RSS 
39834 codespace /usr/bin/python3 /usr/bin/s        0    12060    12316    14504 
35173 codespace ./cli kernel images/4096x40        0   393320   393365   394532 
35165 codespace ./cli kernel images/4096x40        0   393320   393372   394572 
35175 codespace ./cli kernel images/4096x40        0   393324   393372   394592 
35169 codespace ./cli kernel images/4096x40        0   393324   393375   394548 
35171 codespace ./cli kernel images/4096x40        0   393324   393379   394612 
%CPU %MEM ARGS Wed Sep 30 20:43:40 UTC 2026
 0.0  0.0 grep --color=auto ./cli       0  2344
22.1  4.8 ./cli kernel images/4096x40   1 394572
22.1  4.8 ./cli kernel images/4096x40   1 394532
22.2  4.8 ./cli kernel images/4096x40   0 394612
22.7  4.8 ./cli kernel images/4096x40   1 394592
22.7  4.8 ./cli kernel images/4096x40   1 394548
  PID User     Command                         Swap      USS      PSS      RSS 
39851 codespace /usr/bin/python3 /usr/bin/s        0    12056    12305    14472 
35173 codespace ./cli kernel images/4096x40        0   393320   393371   394532 
35165 codespace ./cli kernel images/4096x40        0   393320   393372   394572 
35169 codespace ./cli kernel images/4096x40        0   393324   393375   394548 
35175 codespace ./cli kernel images/4096x40        0   393324   393377   394592 
35171 codespace ./cli kernel images/4096x40        0   393324   393379   394612 
%CPU %MEM ARGS Wed Sep 30 20:43:41 UTC 2026
 0.0  0.0 grep --color=auto ./cli       1  2212
22.1  4.8 ./cli kernel images/4096x40   1 394572
22.1  4.8 ./cli kernel images/4096x40   0 394532
22.2  4.8 ./cli kernel images/4096x40   1 394612
22.7  4.8 ./cli kernel images/4096x40   1 394592
22.7  4.8 ./cli kernel images/4096x40   1 394548
  PID User     Command                         Swap      USS      PSS      RSS 
39869 codespace /usr/bin/python3 /usr/bin/s        0    12064    12345    14592 
35165 codespace ./cli kernel images/4096x40        0   393320   393371   394572 
35173 codespace ./cli kernel images/4096x40        0   393320   393371   394532 
35169 codespace ./cli kernel images/4096x40        0   393324   393375   394548 
35175 codespace ./cli kernel images/4096x40        0   393324   393377   394592 
35171 codespace ./cli kernel images/4096x40        0   393324   393379   394612 
%CPU %MEM ARGS Wed Sep 30 20:43:42 UTC 2026
 0.0  0.0 grep --color=auto ./cli       1  2208
22.1  4.8 ./cli kernel images/4096x40   1 394572
22.1  4.8 ./cli kernel images/4096x40   1 394532
22.2  4.8 ./cli kernel images/4096x40   1 394612
22.7  4.8 ./cli kernel images/4096x40   1 394592
22.7  4.8 ./cli kernel images/4096x40   1 394548
  PID User     Command                         Swap      USS      PSS      RSS 
39881 codespace /usr/bin/python3 /usr/bin/s        0    12056    12302    14472 
35165 codespace ./cli kernel images/4096x40        0   393320   393371   394572 
35173 codespace ./cli kernel images/4096x40        0   393320   393371   394532 
35169 codespace ./cli kernel images/4096x40        0   393324   393375   394548 
35175 codespace ./cli kernel images/4096x40        0   393324   393377   394592 
35171 codespace ./cli kernel images/4096x40        0   393324   393379   394612 
%CPU %MEM ARGS Wed Sep 30 20:43:43 UTC 2026
 0.0  0.0 grep --color=auto ./cli       0  2184
22.1  4.8 ./cli kernel images/4096x40   0 394572
22.1  4.8 ./cli kernel images/4096x40   0 394532
22.2  4.8 ./cli kernel images/4096x40   1 394612
22.7  4.8 ./cli kernel images/4096x40   0 394548
22.7  4.8 ./cli kernel images/4096x40   0 394592
  PID User     Command                         Swap      USS      PSS      RSS 
39888 codespace /usr/bin/python3 /usr/bin/s        0    12056    12333    14584 
35165 codespace ./cli kernel images/4096x40        0   393320   393370   394572 
35173 codespace ./cli kernel images/4096x40        0   393320   393371   394532 
35169 codespace ./cli kernel images/4096x40        0   393324   393375   394548 
35175 codespace ./cli kernel images/4096x40        0   393324   393377   394592 
35171 codespace ./cli kernel images/4096x40        0   393324   393379   394612 
%CPU %MEM ARGS Wed Sep 30 20:43:44 UTC 2026
 0.0  0.0 grep --color=auto ./cli       0  2344
22.1  4.8 ./cli kernel images/4096x40   0 394572
22.1  4.8 ./cli kernel images/4096x40   1 394532
22.2  4.8 ./cli kernel images/4096x40   0 394612
22.6  4.8 ./cli kernel images/4096x40   0 394592
22.6  4.8 ./cli kernel images/4096x40   1 394548
  PID User     Command                         Swap      USS      PSS      RSS 
39898 codespace /usr/bin/python3 /usr/bin/s        0    12064    12321    14540 
35165 codespace ./cli kernel images/4096x40        0   393320   393371   394572 
35173 codespace ./cli kernel images/4096x40        0   393320   393371   394532 
35169 codespace ./cli kernel images/4096x40        0   393324   393375   394548 
35175 codespace ./cli kernel images/4096x40        0   393324   393377   394592 
35171 codespace ./cli kernel images/4096x40        0   393324   393379   394612 
%CPU %MEM ARGS Wed Sep 30 20:43:45 UTC 2026
 0.0  0.0 grep --color=auto ./cli       0  2204
22.1  4.8 ./cli kernel images/4096x40   1 394572
22.1  4.8 ./cli kernel images/4096x40   0 394532
22.2  4.8 ./cli kernel images/4096x40   0 394612
22.6  4.8 ./cli kernel images/4096x40   0 394592
22.6  4.8 ./cli kernel images/4096x40   0 394548
  PID User     Command                         Swap      USS      PSS      RSS 
39911 codespace /usr/bin/python3 /usr/bin/s        0    12060    12318    14536 
35165 codespace ./cli kernel images/4096x40        0   393320   393371   394572 
35173 codespace ./cli kernel images/4096x40        0   393320   393371   394532 
35169 codespace ./cli kernel images/4096x40        0   393324   393375   394548 
35175 codespace ./cli kernel images/4096x40        0   393324   393377   394592 
35171 codespace ./cli kernel images/4096x40        0   393324   393379   394612 
%CPU %MEM ARGS Wed Sep 30 20:43:46 UTC 2026
 0.0  0.0 grep --color=auto ./cli       1  2156
22.1  4.8 ./cli kernel images/4096x40   0 394572
22.1  4.8 ./cli kernel images/4096x40   1 394532
22.2  4.8 ./cli kernel images/4096x40   1 394612
22.6  4.8 ./cli kernel images/4096x40   1 394548
22.6  4.8 ./cli kernel images/4096x40   1 394592
  PID User     Command                         Swap      USS      PSS      RSS 
39918 codespace /usr/bin/python3 /usr/bin/s        0    12052    12313    14520 
35173 codespace ./cli kernel images/4096x40        0   393320   393371   394532 
35165 codespace ./cli kernel images/4096x40        0   393320   393372   394572 
35169 codespace ./cli kernel images/4096x40        0   393324   393375   394548 
35175 codespace ./cli kernel images/4096x40        0   393324   393377   394592 
35171 codespace ./cli kernel images/4096x40        0   393324   393379   394612 
%CPU %MEM ARGS Wed Sep 30 20:43:48 UTC 2026
 0.0  0.0 grep --color=auto ./cli       1  2208
22.1  4.8 ./cli kernel images/4096x40   0 394572
22.1  4.8 ./cli kernel images/4096x40   0 394532
22.2  4.8 ./cli kernel images/4096x40   0 394612
22.6  4.8 ./cli kernel images/4096x40   0 394548
22.6  4.8 ./cli kernel images/4096x40   0 394592
  PID User     Command                         Swap      USS      PSS      RSS 
39929 codespace /usr/bin/python3 /usr/bin/s        0    12056    12303    14472 
35165 codespace ./cli kernel images/4096x40        0   393320   393371   394572 
35173 codespace ./cli kernel images/4096x40        0   393320   393371   394532 
35169 codespace ./cli kernel images/4096x40        0   393324   393375   394548 
35175 codespace ./cli kernel images/4096x40        0   393324   393377   394592 
35171 codespace ./cli kernel images/4096x40        0   393324   393379   394612 
%CPU %MEM ARGS Wed Sep 30 20:43:49 UTC 2026
 0.0  0.0 grep --color=auto ./cli       1  2200
22.1  4.8 ./cli kernel images/4096x40   0 394572
22.1  4.8 ./cli kernel images/4096x40   0 394612
22.1  4.8 ./cli kernel images/4096x40   1 394532
22.6  4.8 ./cli kernel images/4096x40   0 394548
22.6  4.8 ./cli kernel images/4096x40   0 394592
  PID User     Command                         Swap      USS      PSS      RSS 
39935 codespace /usr/bin/python3 /usr/bin/s        0    12056    12285    14540 
35173 codespace ./cli kernel images/4096x40        0   393320   393369   394532 
35165 codespace ./cli kernel images/4096x40        0   393320   393371   394572 
35169 codespace ./cli kernel images/4096x40        0   393324   393375   394548 
35175 codespace ./cli kernel images/4096x40        0   393324   393375   394592 
35171 codespace ./cli kernel images/4096x40        0   393324   393378   394612 
%CPU %MEM ARGS Wed Sep 30 20:43:50 UTC 2026
 0.0  0.0 grep --color=auto ./cli       1  2180
22.0  4.8 ./cli kernel images/4096x40   1 394572
22.1  4.8 ./cli kernel images/4096x40   0 394612
22.2  4.8 ./cli kernel images/4096x40   0 394532
22.6  4.8 ./cli kernel images/4096x40   1 394548
22.6  4.8 ./cli kernel images/4096x40   0 394592
  PID User     Command                         Swap      USS      PSS      RSS 
39953 codespace /usr/bin/python3 /usr/bin/s        0    12060    12316    14536 
35165 codespace ./cli kernel images/4096x40        0   393320   393371   394572 
35173 codespace ./cli kernel images/4096x40        0   393320   393371   394532 
35169 codespace ./cli kernel images/4096x40        0   393324   393375   394548 
35175 codespace ./cli kernel images/4096x40        0   393324   393377   394592 
35171 codespace ./cli kernel images/4096x40        0   393324   393379   394612 
%CPU %MEM ARGS Wed Sep 30 20:43:51 UTC 2026
 0.0  0.0 grep --color=auto ./cli       0  2152
22.0  4.8 ./cli kernel images/4096x40   1 394572
22.1  4.8 ./cli kernel images/4096x40   0 394612
22.2  4.8 ./cli kernel images/4096x40   1 394532
22.5  4.8 ./cli kernel images/4096x40   0 394592
22.5  4.8 ./cli kernel images/4096x40   0 394548
  PID User     Command                         Swap      USS      PSS      RSS 
39977 codespace /usr/bin/python3 /usr/bin/s        0    12056    12338    14616 
35165 codespace ./cli kernel images/4096x40        0   393320   393371   394572 
35173 codespace ./cli kernel images/4096x40        0   393320   393371   394532 
35169 codespace ./cli kernel images/4096x40        0   393324   393375   394548 
35175 codespace ./cli kernel images/4096x40        0   393324   393377   394592 
35171 codespace ./cli kernel images/4096x40        0   393324   393379   394612 
%CPU %MEM ARGS Wed Sep 30 20:43:52 UTC 2026
 0.0  0.0 grep --color=auto ./cli       0  2344
22.0  4.8 ./cli kernel images/4096x40   0 394572
22.1  4.8 ./cli kernel images/4096x40   0 394612
22.2  4.8 ./cli kernel images/4096x40   1 394532
22.5  4.8 ./cli kernel images/4096x40   1 394548
22.5  4.8 ./cli kernel images/4096x40   1 394592
  PID User     Command                         Swap      USS      PSS      RSS 
39989 codespace /usr/bin/python3 /usr/bin/s        0    12056    12312    14540 
35165 codespace ./cli kernel images/4096x40        0   393320   393371   394572 
35173 codespace ./cli kernel images/4096x40        0   393320   393371   394532 
35169 codespace ./cli kernel images/4096x40        0   393324   393375   394548 
35175 codespace ./cli kernel images/4096x40        0   393324   393377   394592 
35171 codespace ./cli kernel images/4096x40        0   393324   393379   394612 
%CPU %MEM ARGS Wed Sep 30 20:43:53 UTC 2026
 0.0  0.0 grep --color=auto ./cli       0  2296
22.0  4.8 ./cli kernel images/4096x40   0 394572
22.1  4.8 ./cli kernel images/4096x40   0 394612
22.1  4.8 ./cli kernel images/4096x40   1 394532
22.5  4.8 ./cli kernel images/4096x40   0 394548
22.5  4.8 ./cli kernel images/4096x40   0 394592
  PID User     Command                         Swap      USS      PSS      RSS 
39996 codespace /usr/bin/python3 /usr/bin/s        0    12060    12318    14536 
35165 codespace ./cli kernel images/4096x40        0   393320   393371   394572 
35173 codespace ./cli kernel images/4096x40        0   393320   393371   394532 
35169 codespace ./cli kernel images/4096x40        0   393324   393375   394548 
35175 codespace ./cli kernel images/4096x40        0   393324   393377   394592 
35171 codespace ./cli kernel images/4096x40        0   393324   393379   394612 
%CPU %MEM ARGS Wed Sep 30 20:43:54 UTC 2026
 0.0  0.0 grep --color=auto ./cli       1  2180
22.0  4.8 ./cli kernel images/4096x40   0 394572
22.1  4.8 ./cli kernel images/4096x40   0 394612
22.1  4.8 ./cli kernel images/4096x40   0 394532
22.5  4.8 ./cli kernel images/4096x40   1 394548
22.5  4.8 ./cli kernel images/4096x40   0 394592
  PID User     Command                         Swap      USS      PSS      RSS 
40008 codespace /usr/bin/python3 /usr/bin/s        0    12056    12339    14584 
35173 codespace ./cli kernel images/4096x40        0   393320   393370   394532 
35165 codespace ./cli kernel images/4096x40        0   393320   393371   394572 
35169 codespace ./cli kernel images/4096x40        0   393324   393374   394548 
35175 codespace ./cli kernel images/4096x40        0   393324   393376   394592 
35171 codespace ./cli kernel images/4096x40        0   393324   393377   394612 
%CPU %MEM ARGS Wed Sep 30 20:43:56 UTC 2026
 0.0  0.0 grep --color=auto ./cli       1  2300
22.0  4.8 ./cli kernel images/4096x40   1 394572
22.1  4.8 ./cli kernel images/4096x40   1 394612
22.1  4.8 ./cli kernel images/4096x40   0 394532
22.5  4.8 ./cli kernel images/4096x40   1 394592
22.5  4.8 ./cli kernel images/4096x40   1 394548
  PID User     Command                         Swap      USS      PSS      RSS 
40020 codespace /usr/bin/python3 /usr/bin/s        0    12056    12313    14540 
35165 codespace ./cli kernel images/4096x40        0   393320   393371   394572 
35173 codespace ./cli kernel images/4096x40        0   393320   393371   394532 
35169 codespace ./cli kernel images/4096x40        0   393324   393375   394548 
35175 codespace ./cli kernel images/4096x40        0   393324   393377   394592 
35171 codespace ./cli kernel images/4096x40        0   393324   393379   394612 
%CPU %MEM ARGS Wed Sep 30 20:43:57 UTC 2026
 0.0  0.0 grep --color=auto ./cli       1  2156
22.0  4.8 ./cli kernel images/4096x40   0 394572
22.1  4.8 ./cli kernel images/4096x40   0 394612
22.1  4.8 ./cli kernel images/4096x40   0 394532
22.5  4.8 ./cli kernel images/4096x40   0 394592
22.5  4.8 ./cli kernel images/4096x40   0 394548
  PID User     Command                         Swap      USS      PSS      RSS 
40032 codespace /usr/bin/python3 /usr/bin/s        0    12024    12299    14532 
35173 codespace ./cli kernel images/4096x40        0   393320   393371   394532 
35165 codespace ./cli kernel images/4096x40        0   393320   393372   394572 
35169 codespace ./cli kernel images/4096x40        0   393324   393375   394548 
35175 codespace ./cli kernel images/4096x40        0   393324   393377   394592 
35171 codespace ./cli kernel images/4096x40        0   393324   393379   394612 
%CPU %MEM ARGS Wed Sep 30 20:43:57 UTC 2026
 0.0  0.0 grep --color=auto ./cli       0  2192
22.0  4.8 ./cli kernel images/4096x40   1 394572
22.1  4.8 ./cli kernel images/4096x40   0 394612
22.1  4.8 ./cli kernel images/4096x40   0 394532
22.5  4.8 ./cli kernel images/4096x40   0 394592
22.5  4.8 ./cli kernel images/4096x40   0 394548
  PID User     Command                         Swap      USS      PSS      RSS 
40038 codespace /usr/bin/python3 /usr/bin/s        0    12056    12314    14472 
35173 codespace ./cli kernel images/4096x40        0   393320   393365   394532 
35165 codespace ./cli kernel images/4096x40        0   393320   393371   394572 
35169 codespace ./cli kernel images/4096x40        0   393324   393374   394548 
35175 codespace ./cli kernel images/4096x40        0   393324   393377   394592 
35171 codespace ./cli kernel images/4096x40        0   393324   393379   394612 
%CPU %MEM ARGS Wed Sep 30 20:43:59 UTC 2026
 0.0  0.0 grep --color=auto ./cli       1  2152
22.0  4.8 ./cli kernel images/4096x40   1 394572
22.1  4.8 ./cli kernel images/4096x40   1 394612
22.1  4.8 ./cli kernel images/4096x40   1 394532
22.5  4.8 ./cli kernel images/4096x40   0 394592
22.5  4.8 ./cli kernel images/4096x40   1 394548
  PID User     Command                         Swap      USS      PSS      RSS 
40050 codespace /usr/bin/python3 /usr/bin/s        0    12048    12330    14576 
35165 codespace ./cli kernel images/4096x40        0   393320   393371   394572 
35173 codespace ./cli kernel images/4096x40        0   393320   393371   394532 
35169 codespace ./cli kernel images/4096x40        0   393324   393375   394548 
35175 codespace ./cli kernel images/4096x40        0   393324   393377   394592 
35171 codespace ./cli kernel images/4096x40        0   393324   393379   394612 
%CPU %MEM ARGS Wed Sep 30 20:44:00 UTC 2026
 0.0  0.0 grep --color=auto ./cli       1  2192
22.0  4.8 ./cli kernel images/4096x40   0 394572
22.0  4.8 ./cli kernel images/4096x40   0 394612
22.1  4.8 ./cli kernel images/4096x40   1 394532
22.5  4.8 ./cli kernel images/4096x40   0 394592
22.5  4.8 ./cli kernel images/4096x40   0 394548
  PID User     Command                         Swap      USS      PSS      RSS 
40056 codespace /usr/bin/python3 /usr/bin/s        0    12060    12318    14536 
35165 codespace ./cli kernel images/4096x40        0   393320   393371   394572 
35173 codespace ./cli kernel images/4096x40        0   393320   393371   394532 
35169 codespace ./cli kernel images/4096x40        0   393324   393375   394548 
35175 codespace ./cli kernel images/4096x40        0   393324   393377   394592 
35171 codespace ./cli kernel images/4096x40        0   393324   393379   394612 
%CPU %MEM ARGS Wed Sep 30 20:44:01 UTC 2026
 0.0  0.0 grep --color=auto ./cli       1  2160
22.0  4.8 ./cli kernel images/4096x40   1 394572
22.0  4.8 ./cli kernel images/4096x40   0 394612
22.1  4.8 ./cli kernel images/4096x40   1 394532
22.4  4.8 ./cli kernel images/4096x40   0 394592
22.5  4.8 ./cli kernel images/4096x40   1 394548
  PID User     Command                         Swap      USS      PSS      RSS 
40074 codespace /usr/bin/python3 /usr/bin/s        0    12080    12366    14588 
35165 codespace ./cli kernel images/4096x40        0   393320   393371   394572 
35173 codespace ./cli kernel images/4096x40        0   393320   393371   394532 
35169 codespace ./cli kernel images/4096x40        0   393324   393375   394548 
35175 codespace ./cli kernel images/4096x40        0   393324   393377   394592 
35171 codespace ./cli kernel images/4096x40        0   393324   393379   394612 
%CPU %MEM ARGS Wed Sep 30 20:44:02 UTC 2026
 0.0  0.0 grep --color=auto ./cli       1  2292
21.9  4.8 ./cli kernel images/4096x40   0 394572
22.0  4.8 ./cli kernel images/4096x40   0 394612
22.1  4.8 ./cli kernel images/4096x40   0 394532
22.4  4.8 ./cli kernel images/4096x40   0 394592
22.5  4.8 ./cli kernel images/4096x40   0 394548
  PID User     Command                         Swap      USS      PSS      RSS 
40098 codespace /usr/bin/python3 /usr/bin/s        0    12056    12318    14456 
35165 codespace ./cli kernel images/4096x40        0   393320   393371   394572 
35173 codespace ./cli kernel images/4096x40        0   393320   393371   394532 
35169 codespace ./cli kernel images/4096x40        0   393324   393375   394548 
35175 codespace ./cli kernel images/4096x40        0   393324   393377   394592 
35171 codespace ./cli kernel images/4096x40        0   393324   393379   394612 
%CPU %MEM ARGS Wed Sep 30 20:44:02 UTC 2026
 0.0  0.0 grep --color=auto ./cli       1  2168
21.9  4.8 ./cli kernel images/4096x40   0 394572
22.0  4.8 ./cli kernel images/4096x40   0 394612
22.1  4.8 ./cli kernel images/4096x40   0 394532
22.4  4.8 ./cli kernel images/4096x40   0 394592
22.4  4.8 ./cli kernel images/4096x40   0 394548
  PID User     Command                         Swap      USS      PSS      RSS 
40103 codespace /usr/bin/python3 /usr/bin/s        0    12056    12308    14472 
35173 codespace ./cli kernel images/4096x40        0   393320   393371   394532 
35165 codespace ./cli kernel images/4096x40        0   393320   393372   394572 
35169 codespace ./cli kernel images/4096x40        0   393324   393375   394548 
35175 codespace ./cli kernel images/4096x40        0   393324   393377   394592 
35171 codespace ./cli kernel images/4096x40        0   393324   393379   394612 
%CPU %MEM ARGS Wed Sep 30 20:44:03 UTC 2026
 0.0  0.0 grep --color=auto ./cli       0  2156
21.9  4.8 ./cli kernel images/4096x40   1 394572
22.0  4.8 ./cli kernel images/4096x40   0 394612
22.1  4.8 ./cli kernel images/4096x40   0 394532
22.4  4.8 ./cli kernel images/4096x40   0 394592
22.4  4.8 ./cli kernel images/4096x40   0 394548
  PID User     Command                         Swap      USS      PSS      RSS 
40115 codespace /usr/bin/python3 /usr/bin/s        0    12072    12362    14588 
35173 codespace ./cli kernel images/4096x40        0   393320   393371   394532 
35165 codespace ./cli kernel images/4096x40        0   393320   393372   394572 
35169 codespace ./cli kernel images/4096x40        0   393324   393375   394548 
35175 codespace ./cli kernel images/4096x40        0   393324   393377   394592 
35171 codespace ./cli kernel images/4096x40        0   393324   393379   394612 
%CPU %MEM ARGS Wed Sep 30 20:44:04 UTC 2026
 0.0  0.0 grep --color=auto ./cli       0  2248
21.9  4.8 ./cli kernel images/4096x40   1 394572
22.0  4.8 ./cli kernel images/4096x40   1 394612
22.0  4.8 ./cli kernel images/4096x40   1 394532
22.4  4.8 ./cli kernel images/4096x40   1 394548
22.4  4.8 ./cli kernel images/4096x40   0 394592
  PID User     Command                         Swap      USS      PSS      RSS 
40121 codespace /usr/bin/python3 /usr/bin/s        0    12008    12268    14484 
35173 codespace ./cli kernel images/4096x40        0   393320   393371   394532 
35165 codespace ./cli kernel images/4096x40        0   393320   393372   394572 
35169 codespace ./cli kernel images/4096x40        0   393324   393375   394548 
35175 codespace ./cli kernel images/4096x40        0   393324   393377   394592 
35171 codespace ./cli kernel images/4096x40        0   393324   393379   394612 
%CPU %MEM ARGS Wed Sep 30 20:44:05 UTC 2026
 0.0  0.0 grep --color=auto ./cli       1  2180
21.9  4.8 ./cli kernel images/4096x40   1 394572
22.0  4.8 ./cli kernel images/4096x40   0 394612
22.0  4.8 ./cli kernel images/4096x40   1 394532
22.4  4.8 ./cli kernel images/4096x40   1 394548
22.4  4.8 ./cli kernel images/4096x40   1 394592
  PID User     Command                         Swap      USS      PSS      RSS 
40127 codespace /usr/bin/python3 /usr/bin/s        0    12088    12376    14596 
35173 codespace ./cli kernel images/4096x40        0   393320   393371   394532 
35165 codespace ./cli kernel images/4096x40        0   393320   393372   394572 
35169 codespace ./cli kernel images/4096x40        0   393324   393375   394548 
35175 codespace ./cli kernel images/4096x40        0   393324   393377   394592 
35171 codespace ./cli kernel images/4096x40        0   393324   393379   394612 
%CPU %MEM ARGS Wed Sep 30 20:44:06 UTC 2026
 0.0  0.0 grep --color=auto ./cli       1  2308
21.9  4.8 ./cli kernel images/4096x40   1 394572
22.0  4.8 ./cli kernel images/4096x40   0 394612
22.0  4.8 ./cli kernel images/4096x40   1 394532
22.4  4.8 ./cli kernel images/4096x40   1 394548
22.4  4.8 ./cli kernel images/4096x40   1 394592
  PID User     Command                         Swap      USS      PSS      RSS 
40139 codespace /usr/bin/python3 /usr/bin/s        0    12052    12299    14568 
35165 codespace ./cli kernel images/4096x40        0   393320   393370   394572 
35173 codespace ./cli kernel images/4096x40        0   393320   393370   394532 
35169 codespace ./cli kernel images/4096x40        0   393324   393374   394548 
35175 codespace ./cli kernel images/4096x40        0   393324   393375   394592 
35171 codespace ./cli kernel images/4096x40        0   393324   393378   394612 
%CPU %MEM ARGS Wed Sep 30 20:44:07 UTC 2026
 0.0  0.0 grep --color=auto ./cli       0  2180
21.9  4.8 ./cli kernel images/4096x40   1 394572
22.0  4.8 ./cli kernel images/4096x40   1 394612
22.0  4.8 ./cli kernel images/4096x40   1 394532
22.4  4.8 ./cli kernel images/4096x40   1 394548
22.4  4.8 ./cli kernel images/4096x40   1 394592
  PID User     Command                         Swap      USS      PSS      RSS 
40151 codespace /usr/bin/python3 /usr/bin/s        0    12056    12339    14584 
35173 codespace ./cli kernel images/4096x40        0   393320   393367   394532 
35165 codespace ./cli kernel images/4096x40        0   393320   393371   394572 
35169 codespace ./cli kernel images/4096x40        0   393324   393375   394548 
35175 codespace ./cli kernel images/4096x40        0   393324   393376   394592 
35171 codespace ./cli kernel images/4096x40        0   393324   393379   394612 
%CPU %MEM ARGS Wed Sep 30 20:44:08 UTC 2026
 0.0  0.0 grep --color=auto ./cli       1  2180
21.9  4.8 ./cli kernel images/4096x40   1 394572
22.0  4.8 ./cli kernel images/4096x40   1 394532
22.0  4.8 ./cli kernel images/4096x40   0 394612
22.4  4.8 ./cli kernel images/4096x40   1 394548
22.4  4.8 ./cli kernel images/4096x40   1 394592
  PID User     Command                         Swap      USS      PSS      RSS 
40163 codespace /usr/bin/python3 /usr/bin/s        0    12064    12319    14544 
35165 codespace ./cli kernel images/4096x40        0   393320   393371   394572 
35173 codespace ./cli kernel images/4096x40        0   393320   393371   394532 
35169 codespace ./cli kernel images/4096x40        0   393324   393375   394548 
35175 codespace ./cli kernel images/4096x40        0   393324   393377   394592 
35171 codespace ./cli kernel images/4096x40        0   393324   393379   394612 
%CPU %MEM ARGS Wed Sep 30 20:44:09 UTC 2026
 0.0  0.0 grep --color=auto ./cli       0  2208
21.9  4.8 ./cli kernel images/4096x40   0 394572
22.0  4.8 ./cli kernel images/4096x40   1 394532
22.0  4.8 ./cli kernel images/4096x40   0 394612
22.4  4.8 ./cli kernel images/4096x40   0 394548
22.4  4.8 ./cli kernel images/4096x40   0 394592
  PID User     Command                         Swap      USS      PSS      RSS 
40169 codespace /usr/bin/python3 /usr/bin/s        0    12048    12293    14464 
35165 codespace ./cli kernel images/4096x40        0   393320   393371   394572 
35173 codespace ./cli kernel images/4096x40        0   393320   393371   394532 
35171 codespace ./cli kernel images/4096x40        0   393324   393373   394612 
35169 codespace ./cli kernel images/4096x40        0   393324   393375   394548 
35175 codespace ./cli kernel images/4096x40        0   393324   393376   394592 
%CPU %MEM ARGS Wed Sep 30 20:44:10 UTC 2026
 0.0  0.0 grep --color=auto ./cli       0  2172
21.9  4.8 ./cli kernel images/4096x40   0 394572
22.0  4.8 ./cli kernel images/4096x40   0 394612
22.0  4.8 ./cli kernel images/4096x40   1 394532
22.3  4.8 ./cli kernel images/4096x40   0 394548
22.4  4.8 ./cli kernel images/4096x40   0 394592
  PID User     Command                         Swap      USS      PSS      RSS 
40181 codespace /usr/bin/python3 /usr/bin/s        0    12056    12338    14584 
35165 codespace ./cli kernel images/4096x40        0   393320   393371   394572 
35173 codespace ./cli kernel images/4096x40        0   393320   393371   394532 
35169 codespace ./cli kernel images/4096x40        0   393324   393375   394548 
35175 codespace ./cli kernel images/4096x40        0   393324   393377   394592 
35171 codespace ./cli kernel images/4096x40        0   393324   393379   394612 
%CPU %MEM ARGS Wed Sep 30 20:44:11 UTC 2026
 0.0  0.0 grep --color=auto ./cli       1  2160
21.9  4.8 ./cli kernel images/4096x40   1 394572
22.0  4.8 ./cli kernel images/4096x40   0 394612
22.1  4.8 ./cli kernel images/4096x40   1 394532
22.3  4.8 ./cli kernel images/4096x40   0 394548
22.3  4.8 ./cli kernel images/4096x40   0 394592
  PID User     Command                         Swap      USS      PSS      RSS 
40187 codespace /usr/bin/python3 /usr/bin/s        0    12060    12320    14512 
35165 codespace ./cli kernel images/4096x40        0   393320   393365   394572 
35173 codespace ./cli kernel images/4096x40        0   393320   393371   394532 
35169 codespace ./cli kernel images/4096x40        0   393324   393374   394548 
35171 codespace ./cli kernel images/4096x40        0   393324   393375   394612 
35175 codespace ./cli kernel images/4096x40        0   393324   393377   394592 
%CPU %MEM ARGS Wed Sep 30 20:44:13 UTC 2026
 0.0  0.0 grep --color=auto ./cli       1  2288
21.8  4.8 ./cli kernel images/4096x40   0 394572
22.0  4.8 ./cli kernel images/4096x40   1 394612
22.1  4.8 ./cli kernel images/4096x40   1 394532
22.3  4.8 ./cli kernel images/4096x40   1 394548
22.3  4.8 ./cli kernel images/4096x40   1 394592
  PID User     Command                         Swap      USS      PSS      RSS 
40223 codespace /usr/bin/python3 /usr/bin/s        0    12056    12333    14584 
35165 codespace ./cli kernel images/4096x40        0   393320   393371   394572 
35173 codespace ./cli kernel images/4096x40        0   393320   393371   394532 
35169 codespace ./cli kernel images/4096x40        0   393324   393375   394548 
35175 codespace ./cli kernel images/4096x40        0   393324   393377   394592 
35171 codespace ./cli kernel images/4096x40        0   393324   393379   394612 
%CPU %MEM ARGS Wed Sep 30 20:44:13 UTC 2026
 0.0  0.0 grep --color=auto ./cli       1  2308
21.8  4.8 ./cli kernel images/4096x40   0 394572
22.0  4.8 ./cli kernel images/4096x40   0 394612
22.1  4.8 ./cli kernel images/4096x40   1 394532
22.3  4.8 ./cli kernel images/4096x40   1 394548
22.3  4.8 ./cli kernel images/4096x40   1 394592
  PID User     Command                         Swap      USS      PSS      RSS 
40228 codespace /usr/bin/python3 /usr/bin/s        0    12060    12313    14540 
35165 codespace ./cli kernel images/4096x40        0   393320   393371   394572 
35173 codespace ./cli kernel images/4096x40        0   393320   393371   394532 
35169 codespace ./cli kernel images/4096x40        0   393324   393375   394548 
35175 codespace ./cli kernel images/4096x40        0   393324   393377   394592 
35171 codespace ./cli kernel images/4096x40        0   393324   393379   394612 
%CPU %MEM ARGS Wed Sep 30 20:44:14 UTC 2026
 0.0  0.0 grep --color=auto ./cli       1  2248
21.8  4.8 ./cli kernel images/4096x40   0 394572
22.0  4.8 ./cli kernel images/4096x40   1 394612
22.1  4.8 ./cli kernel images/4096x40   0 394532
22.3  4.8 ./cli kernel images/4096x40   0 394548
22.3  4.8 ./cli kernel images/4096x40   1 394592
  PID User     Command                         Swap      USS      PSS      RSS 
40237 codespace /usr/bin/python3 /usr/bin/s        0    12060    12318    14536 
35165 codespace ./cli kernel images/4096x40        0   393320   393371   394572 
35173 codespace ./cli kernel images/4096x40        0   393320   393371   394532 
35169 codespace ./cli kernel images/4096x40        0   393324   393375   394548 
35175 codespace ./cli kernel images/4096x40        0   393324   393377   394592 
35171 codespace ./cli kernel images/4096x40        0   393324   393379   394612 
%CPU %MEM ARGS Wed Sep 30 20:44:16 UTC 2026
 0.0  0.0 grep --color=auto ./cli       0  2176
21.8  4.8 ./cli kernel images/4096x40   0 394572
22.0  4.8 ./cli kernel images/4096x40   0 394612
22.1  4.8 ./cli kernel images/4096x40   0 394532
22.3  4.8 ./cli kernel images/4096x40   0 394548
22.3  4.8 ./cli kernel images/4096x40   0 394592
  PID User     Command                         Swap      USS      PSS      RSS 
40246 codespace /usr/bin/python3 /usr/bin/s        0    12080    12370    14588 
35165 codespace ./cli kernel images/4096x40        0   393320   393371   394572 
35173 codespace ./cli kernel images/4096x40        0   393320   393371   394532 
35169 codespace ./cli kernel images/4096x40        0   393324   393375   394548 
35175 codespace ./cli kernel images/4096x40        0   393324   393377   394592 
35171 codespace ./cli kernel images/4096x40        0   393324   393379   394612 
%CPU %MEM ARGS Wed Sep 30 20:44:16 UTC 2026
 0.0  0.0 grep --color=auto ./cli       0  2248
21.8  4.8 ./cli kernel images/4096x40   0 394572
22.0  4.8 ./cli kernel images/4096x40   0 394612
22.1  4.8 ./cli kernel images/4096x40   0 394532
22.3  4.8 ./cli kernel images/4096x40   1 394548
22.3  4.8 ./cli kernel images/4096x40   0 394592
  PID User     Command                         Swap      USS      PSS      RSS 
40252 codespace /usr/bin/python3 /usr/bin/s        0    12064    12338    14512 
35173 codespace ./cli kernel images/4096x40        0   393320   393366   394532 
35165 codespace ./cli kernel images/4096x40        0   393320   393371   394572 
35169 codespace ./cli kernel images/4096x40        0   393324   393375   394548 
35175 codespace ./cli kernel images/4096x40        0   393324   393377   394592 
35171 codespace ./cli kernel images/4096x40        0   393324   393379   394612 
%CPU %MEM ARGS Wed Sep 30 20:44:17 UTC 2026
 0.0  0.0 grep --color=auto ./cli       0  2172
21.8  4.8 ./cli kernel images/4096x40   1 394572
22.0  4.8 ./cli kernel images/4096x40   1 394612
22.0  4.8 ./cli kernel images/4096x40   0 394532
22.2  4.8 ./cli kernel images/4096x40   0 394548
22.3  4.8 ./cli kernel images/4096x40   0 394592
  PID User     Command                         Swap      USS      PSS      RSS 
40264 codespace /usr/bin/python3 /usr/bin/s        0    12060    12313    14476 
35165 codespace ./cli kernel images/4096x40        0   393320   393370   394572 
35173 codespace ./cli kernel images/4096x40        0   393320   393371   394532 
35169 codespace ./cli kernel images/4096x40        0   393324   393375   394548 
35175 codespace ./cli kernel images/4096x40        0   393324   393377   394592 
35171 codespace ./cli kernel images/4096x40        0   393324   393379   394612 
%CPU %MEM ARGS Wed Sep 30 20:44:19 UTC 2026
 0.0  0.0 grep --color=auto ./cli       1  2300
21.8  4.8 ./cli kernel images/4096x40   1 394572
22.0  4.8 ./cli kernel images/4096x40   0 394612
22.0  4.8 ./cli kernel images/4096x40   1 394532
22.2  4.8 ./cli kernel images/4096x40   1 394548
22.3  4.8 ./cli kernel images/4096x40   0 394592
  PID User     Command                         Swap      USS      PSS      RSS 
40276 codespace /usr/bin/python3 /usr/bin/s        0    12064    12338    14512 
35165 codespace ./cli kernel images/4096x40        0   393320   393371   394572 
35173 codespace ./cli kernel images/4096x40        0   393320   393371   394532 
35169 codespace ./cli kernel images/4096x40        0   393324   393375   394548 
35175 codespace ./cli kernel images/4096x40        0   393324   393377   394592 
35171 codespace ./cli kernel images/4096x40        0   393324   393379   394612 
%CPU %MEM ARGS Wed Sep 30 20:44:20 UTC 2026
 0.0  0.0 grep --color=auto ./cli       0  2300
21.8  4.8 ./cli kernel images/4096x40   0 394572
22.0  4.8 ./cli kernel images/4096x40   1 394612
22.0  4.8 ./cli kernel images/4096x40   0 394532
22.3  4.8 ./cli kernel images/4096x40   0 394548
22.3  4.8 ./cli kernel images/4096x40   0 394592
  PID User     Command                         Swap      USS      PSS      RSS 
40289 codespace /usr/bin/python3 /usr/bin/s        0    12060    12345    14620 
35165 codespace ./cli kernel images/4096x40        0   393320   393371   394572 
35173 codespace ./cli kernel images/4096x40        0   393320   393371   394532 
35169 codespace ./cli kernel images/4096x40        0   393324   393375   394548 
35175 codespace ./cli kernel images/4096x40        0   393324   393376   394592 
35171 codespace ./cli kernel images/4096x40        0   393324   393379   394612 
%CPU %MEM ARGS Wed Sep 30 20:44:21 UTC 2026
 0.0  0.0 grep --color=auto ./cli       1  2292
21.8  4.8 ./cli kernel images/4096x40   0 394572
22.0  4.8 ./cli kernel images/4096x40   0 394612
22.0  4.8 ./cli kernel images/4096x40   0 394532
22.2  4.8 ./cli kernel images/4096x40   0 394548
22.3  4.8 ./cli kernel images/4096x40   0 394592
  PID User     Command                         Swap      USS      PSS      RSS 
40295 codespace /usr/bin/python3 /usr/bin/s        0    12064    12327    14516 
35173 codespace ./cli kernel images/4096x40        0   393320   393371   394532 
35165 codespace ./cli kernel images/4096x40        0   393320   393372   394572 
35169 codespace ./cli kernel images/4096x40        0   393324   393375   394548 
35175 codespace ./cli kernel images/4096x40        0   393324   393377   394592 
35171 codespace ./cli kernel images/4096x40        0   393324   393379   394612 
%CPU %MEM ARGS Wed Sep 30 20:44:22 UTC 2026
 0.0  0.0 grep --color=auto ./cli       0  2252
21.8  4.8 ./cli kernel images/4096x40   0 394572
22.0  4.8 ./cli kernel images/4096x40   0 394612
22.0  4.8 ./cli kernel images/4096x40   0 394532
22.2  4.8 ./cli kernel images/4096x40   0 394548
22.3  4.8 ./cli kernel images/4096x40   1 394592
  PID User     Command                         Swap      USS      PSS      RSS 
40306 codespace /usr/bin/python3 /usr/bin/s        0    12068    12324    14484 
35165 codespace ./cli kernel images/4096x40        0   393320   393371   394572 
35173 codespace ./cli kernel images/4096x40        0   393320   393371   394532 
35169 codespace ./cli kernel images/4096x40        0   393324   393375   394548 
35175 codespace ./cli kernel images/4096x40        0   393324   393377   394592 
35171 codespace ./cli kernel images/4096x40        0   393324   393379   394612 
%CPU %MEM ARGS Wed Sep 30 20:44:22 UTC 2026
 0.0  0.0 grep --color=auto ./cli       1  2344
21.8  4.8 ./cli kernel images/4096x40   0 394572
22.0  4.8 ./cli kernel images/4096x40   1 394612
22.0  4.8 ./cli kernel images/4096x40   0 394532
22.2  4.8 ./cli kernel images/4096x40   1 394548
22.3  4.8 ./cli kernel images/4096x40   0 394592
  PID User     Command                         Swap      USS      PSS      RSS 
40318 codespace /usr/bin/python3 /usr/bin/s        0    12060    12317    14544 
35165 codespace ./cli kernel images/4096x40        0   393320   393371   394572 
35173 codespace ./cli kernel images/4096x40        0   393320   393371   394532 
35169 codespace ./cli kernel images/4096x40        0   393324   393375   394548 
35175 codespace ./cli kernel images/4096x40        0   393324   393377   394592 
35171 codespace ./cli kernel images/4096x40        0   393324   393379   394612 
%CPU %MEM ARGS Wed Sep 30 20:44:23 UTC 2026
 0.0  0.0 grep --color=auto ./cli       1  2160
21.8  4.8 ./cli kernel images/4096x40   0 394572
22.0  4.8 ./cli kernel images/4096x40   1 394612
22.0  4.8 ./cli kernel images/4096x40   1 394532
22.2  4.8 ./cli kernel images/4096x40   1 394548
22.2  4.8 ./cli kernel images/4096x40   1 394592
  PID User     Command                         Swap      USS      PSS      RSS 
40337 codespace /usr/bin/python3 /usr/bin/s        0    12056    12301    14584 
35165 codespace ./cli kernel images/4096x40        0   393320   393370   394572 
35173 codespace ./cli kernel images/4096x40        0   393320   393371   394532 
35175 codespace ./cli kernel images/4096x40        0   393324   393372   394592 
35169 codespace ./cli kernel images/4096x40        0   393324   393374   394548 
35171 codespace ./cli kernel images/4096x40        0   393324   393378   394612 
%CPU %MEM ARGS Wed Sep 30 20:44:24 UTC 2026
 0.0  0.0 grep --color=auto ./cli       0  2252
21.8  4.8 ./cli kernel images/4096x40   0 394572
22.0  4.8 ./cli kernel images/4096x40   0 394612
22.0  4.8 ./cli kernel images/4096x40   0 394532
22.2  4.8 ./cli kernel images/4096x40   0 394548
22.2  4.8 ./cli kernel images/4096x40   1 394592
  PID User     Command                         Swap      USS      PSS      RSS 
40354 codespace /usr/bin/python3 /usr/bin/s        0    12072    12362    14588 
35165 codespace ./cli kernel images/4096x40        0   393320   393371   394572 
35173 codespace ./cli kernel images/4096x40        0   393320   393371   394532 
35169 codespace ./cli kernel images/4096x40        0   393324   393375   394548 
35175 codespace ./cli kernel images/4096x40        0   393324   393377   394592 
35171 codespace ./cli kernel images/4096x40        0   393324   393379   394612 
%CPU %MEM ARGS Wed Sep 30 20:44:25 UTC 2026
 0.0  0.0 grep --color=auto ./cli       0  2252
21.8  4.8 ./cli kernel images/4096x40   0 394572
21.9  4.8 ./cli kernel images/4096x40   1 394612
21.9  4.8 ./cli kernel images/4096x40   0 394532
22.2  4.8 ./cli kernel images/4096x40   1 394548
22.3  4.8 ./cli kernel images/4096x40   0 394592
  PID User     Command                         Swap      USS      PSS      RSS 
40360 codespace /usr/bin/python3 /usr/bin/s        0    12064    12341    14512 
35165 codespace ./cli kernel images/4096x40        0   393320   393371   394572 
35173 codespace ./cli kernel images/4096x40        0   393320   393371   394532 
35169 codespace ./cli kernel images/4096x40        0   393324   393375   394548 
35175 codespace ./cli kernel images/4096x40        0   393324   393377   394592 
35171 codespace ./cli kernel images/4096x40        0   393324   393379   394612 
%CPU %MEM ARGS Wed Sep 30 20:44:27 UTC 2026
 0.0  0.0 grep --color=auto ./cli       1  2200
21.7  4.8 ./cli kernel images/4096x40   0 394572
21.9  4.8 ./cli kernel images/4096x40   0 394612
21.9  4.8 ./cli kernel images/4096x40   1 394532
22.2  4.8 ./cli kernel images/4096x40   0 394548
22.2  4.8 ./cli kernel images/4096x40   0 394592
  PID User     Command                         Swap      USS      PSS      RSS 
40372 codespace /usr/bin/python3 /usr/bin/s        0    12052    12337    14612 
35165 codespace ./cli kernel images/4096x40        0   393320   393371   394572 
35173 codespace ./cli kernel images/4096x40        0   393320   393371   394532 
35169 codespace ./cli kernel images/4096x40        0   393324   393375   394548 
35175 codespace ./cli kernel images/4096x40        0   393324   393376   394592 
35171 codespace ./cli kernel images/4096x40        0   393324   393379   394612 
%CPU %MEM ARGS Wed Sep 30 20:44:28 UTC 2026
 0.0  0.0 grep --color=auto ./cli       0  2288
21.7  4.8 ./cli kernel images/4096x40   0 394572
21.9  4.8 ./cli kernel images/4096x40   0 394612
22.0  4.8 ./cli kernel images/4096x40   0 394532
22.2  4.8 ./cli kernel images/4096x40   0 394548
22.2  4.8 ./cli kernel images/4096x40   1 394592
  PID User     Command                         Swap      USS      PSS      RSS 
40378 codespace /usr/bin/python3 /usr/bin/s        0    12060    12273    14540 
35165 codespace ./cli kernel images/4096x40        0   393320   393371   394572 
35173 codespace ./cli kernel images/4096x40        0   393320   393371   394532 
35175 codespace ./cli kernel images/4096x40        0   393324   393371   394592 
35171 codespace ./cli kernel images/4096x40        0   393324   393373   394612 
35169 codespace ./cli kernel images/4096x40        0   393324   393375   394548 
%CPU %MEM ARGS Wed Sep 30 20:44:29 UTC 2026
 0.0  0.0 grep --color=auto ./cli       0  2188
21.7  4.8 ./cli kernel images/4096x40   0 394572
21.9  4.8 ./cli kernel images/4096x40   0 394612
22.0  4.8 ./cli kernel images/4096x40   1 394532
22.1  4.8 ./cli kernel images/4096x40   0 394548
22.2  4.8 ./cli kernel images/4096x40   0 394592
  PID User     Command                         Swap      USS      PSS      RSS 
40391 codespace /usr/bin/python3 /usr/bin/s        0    12060    12315    14540 
35165 codespace ./cli kernel images/4096x40        0   393320   393371   394572 
35173 codespace ./cli kernel images/4096x40        0   393320   393371   394532 
35169 codespace ./cli kernel images/4096x40        0   393324   393375   394548 
35175 codespace ./cli kernel images/4096x40        0   393324   393377   394592 
35171 codespace ./cli kernel images/4096x40        0   393324   393379   394612 
%CPU %MEM ARGS Wed Sep 30 20:44:30 UTC 2026
 0.0  0.0 grep --color=auto ./cli       1  2288
21.7  4.8 ./cli kernel images/4096x40   1 394572
21.9  4.8 ./cli kernel images/4096x40   1 394612
22.0  4.8 ./cli kernel images/4096x40   1 394532
22.1  4.8 ./cli kernel images/4096x40   1 394548
22.2  4.8 ./cli kernel images/4096x40   1 394592
  PID User     Command                         Swap      USS      PSS      RSS 
40403 codespace /usr/bin/python3 /usr/bin/s        0    12060    12310    14476 
35165 codespace ./cli kernel images/4096x40        0   393320   393371   394572 
35173 codespace ./cli kernel images/4096x40        0   393320   393371   394532 
35169 codespace ./cli kernel images/4096x40        0   393324   393374   394548 
35175 codespace ./cli kernel images/4096x40        0   393324   393377   394592 
35171 codespace ./cli kernel images/4096x40        0   393324   393378   394612 
%CPU %MEM ARGS Wed Sep 30 20:44:31 UTC 2026
 0.0  0.0 grep --color=auto ./cli       1  2292
21.7  4.8 ./cli kernel images/4096x40   0 394572
21.9  4.8 ./cli kernel images/4096x40   1 394612
21.9  4.8 ./cli kernel images/4096x40   1 394532
22.1  4.8 ./cli kernel images/4096x40   1 394548
22.2  4.8 ./cli kernel images/4096x40   1 394592
  PID User     Command                         Swap      USS      PSS      RSS 
40415 codespace /usr/bin/python3 /usr/bin/s        0    12064    12336    14512 
35165 codespace ./cli kernel images/4096x40        0   393320   393371   394572 
35173 codespace ./cli kernel images/4096x40        0   393320   393371   394532 
35169 codespace ./cli kernel images/4096x40        0   393324   393375   394548 
35175 codespace ./cli kernel images/4096x40        0   393324   393376   394592 
35171 codespace ./cli kernel images/4096x40        0   393324   393379   394612 
%CPU %MEM ARGS Wed Sep 30 20:44:32 UTC 2026
 0.0  0.0 grep --color=auto ./cli       1  2288
21.7  4.8 ./cli kernel images/4096x40   0 394572
21.9  4.8 ./cli kernel images/4096x40   1 394612
21.9  4.8 ./cli kernel images/4096x40   1 394532
22.1  4.8 ./cli kernel images/4096x40   1 394548
22.2  4.8 ./cli kernel images/4096x40   1 394592
  PID User     Command                         Swap      USS      PSS      RSS 
40421 codespace /usr/bin/python3 /usr/bin/s        0    12064    12345    14624 
35173 codespace ./cli kernel images/4096x40        0   393320   393366   394532 
35165 codespace ./cli kernel images/4096x40        0   393320   393367   394572 
35169 codespace ./cli kernel images/4096x40        0   393324   393375   394548 
35175 codespace ./cli kernel images/4096x40        0   393324   393377   394592 
35171 codespace ./cli kernel images/4096x40        0   393324   393379   394612 
%CPU %MEM ARGS Wed Sep 30 20:44:34 UTC 2026
 0.0  0.0 grep --color=auto ./cli       0  2128
21.7  4.8 ./cli kernel images/4096x40   0 394572
21.9  4.8 ./cli kernel images/4096x40   0 394612
21.9  4.8 ./cli kernel images/4096x40   0 394532
22.1  4.8 ./cli kernel images/4096x40   0 394548
22.2  4.8 ./cli kernel images/4096x40   1 394592
  PID User     Command                         Swap      USS      PSS      RSS 
40452 codespace /usr/bin/python3 /usr/bin/s        0    12052    12314    14520 
35173 codespace ./cli kernel images/4096x40        0   393320   393371   394532 
35165 codespace ./cli kernel images/4096x40        0   393320   393372   394572 
35169 codespace ./cli kernel images/4096x40        0   393324   393375   394548 
35175 codespace ./cli kernel images/4096x40        0   393324   393377   394592 
35171 codespace ./cli kernel images/4096x40        0   393324   393379   394612 
%CPU %MEM ARGS Wed Sep 30 20:44:35 UTC 2026
 0.0  0.0 grep --color=auto ./cli       1  2168
21.7  4.8 ./cli kernel images/4096x40   1 394572
21.8  4.8 ./cli kernel images/4096x40   0 394612
21.9  4.8 ./cli kernel images/4096x40   0 394532
22.1  4.8 ./cli kernel images/4096x40   1 394548
22.2  4.8 ./cli kernel images/4096x40   1 394592
  PID User     Command                         Swap      USS      PSS      RSS 
40464 codespace /usr/bin/python3 /usr/bin/s        0    12060    12322    14536 
35173 codespace ./cli kernel images/4096x40        0   393320   393366   394532 
35165 codespace ./cli kernel images/4096x40        0   393320   393372   394572 
35169 codespace ./cli kernel images/4096x40        0   393324   393375   394548 
35175 codespace ./cli kernel images/4096x40        0   393324   393377   394592 
35171 codespace ./cli kernel images/4096x40        0   393324   393379   394612 
%CPU %MEM ARGS Wed Sep 30 20:44:36 UTC 2026
 0.0  0.0 grep --color=auto ./cli       0  2260
21.7  4.8 ./cli kernel images/4096x40   0 394572
21.8  4.8 ./cli kernel images/4096x40   0 394612
21.9  4.8 ./cli kernel images/4096x40   0 394532
22.1  4.8 ./cli kernel images/4096x40   0 394548
22.2  4.8 ./cli kernel images/4096x40   1 394592
  PID User     Command                         Swap      USS      PSS      RSS 
40476 codespace /usr/bin/python3 /usr/bin/s        0    12060    12342    14588 
35165 codespace ./cli kernel images/4096x40        0   393320   393371   394572 
35173 codespace ./cli kernel images/4096x40        0   393320   393371   394532 
35169 codespace ./cli kernel images/4096x40        0   393324   393375   394548 
35175 codespace ./cli kernel images/4096x40        0   393324   393377   394592 
35171 codespace ./cli kernel images/4096x40        0   393324   393379   394612 
%CPU %MEM ARGS Wed Sep 30 20:44:37 UTC 2026
 0.0  0.0 grep --color=auto ./cli       0  2204
21.7  4.8 ./cli kernel images/4096x40   0 394572
21.8  4.8 ./cli kernel images/4096x40   0 394612
21.9  4.8 ./cli kernel images/4096x40   0 394532
22.1  4.8 ./cli kernel images/4096x40   0 394548
22.2  4.8 ./cli kernel images/4096x40   1 394592
  PID User     Command                         Swap      USS      PSS      RSS 
40482 codespace /usr/bin/python3 /usr/bin/s        0    12056    12335    14616 
35165 codespace ./cli kernel images/4096x40        0   393320   393371   394572 
35173 codespace ./cli kernel images/4096x40        0   393320   393371   394532 
35171 codespace ./cli kernel images/4096x40        0   393324   393373   394612 
35169 codespace ./cli kernel images/4096x40        0   393324   393375   394548 
35175 codespace ./cli kernel images/4096x40        0   393324   393377   394592 
%CPU %MEM ARGS Wed Sep 30 20:44:38 UTC 2026
 0.0  0.0 grep --color=auto ./cli       1  2176
21.7  4.8 ./cli kernel images/4096x40   0 394572
21.8  4.8 ./cli kernel images/4096x40   1 394612
21.9  4.8 ./cli kernel images/4096x40   0 394532
22.0  4.8 ./cli kernel images/4096x40   0 394548
22.2  4.8 ./cli kernel images/4096x40   0 394592
  PID User     Command                         Swap      USS      PSS      RSS 
40495 codespace /usr/bin/python3 /usr/bin/s        0    12056    12318    14436 
35165 codespace ./cli kernel images/4096x40        0   393320   393371   394572 
35173 codespace ./cli kernel images/4096x40        0   393320   393371   394532 
35169 codespace ./cli kernel images/4096x40        0   393324   393375   394548 
35175 codespace ./cli kernel images/4096x40        0   393324   393377   394592 
35171 codespace ./cli kernel images/4096x40        0   393324   393379   394612 
%CPU %MEM ARGS Wed Sep 30 20:44:39 UTC 2026
 0.0  0.0 grep --color=auto ./cli       1  2164
21.7  4.8 ./cli kernel images/4096x40   0 394572
21.8  4.8 ./cli kernel images/4096x40   0 394612
21.9  4.8 ./cli kernel images/4096x40   1 394532
22.0  4.8 ./cli kernel images/4096x40   0 394548
22.2  4.8 ./cli kernel images/4096x40   1 394592
  PID User     Command                         Swap      USS      PSS      RSS 
40501 codespace /usr/bin/python3 /usr/bin/s        0    12100    12385    14660 
35165 codespace ./cli kernel images/4096x40        0   393320   393371   394572 
35173 codespace ./cli kernel images/4096x40        0   393320   393371   394532 
35169 codespace ./cli kernel images/4096x40        0   393324   393375   394548 
35175 codespace ./cli kernel images/4096x40        0   393324   393376   394592 
35171 codespace ./cli kernel images/4096x40        0   393324   393379   394612 
%CPU %MEM ARGS Wed Sep 30 20:44:40 UTC 2026
 0.0  0.0 grep --color=auto ./cli       0  2172
21.7  4.8 ./cli kernel images/4096x40   0 394572
21.8  4.8 ./cli kernel images/4096x40   0 394612
21.9  4.8 ./cli kernel images/4096x40   0 394532
22.0  4.8 ./cli kernel images/4096x40   0 394548
22.2  4.8 ./cli kernel images/4096x40   0 394592
  PID User     Command                         Swap      USS      PSS      RSS 
40506 codespace /usr/bin/python3 /usr/bin/s        0    12064    12349    14624 
35165 codespace ./cli kernel images/4096x40        0   393320   393370   394572 
35173 codespace ./cli kernel images/4096x40        0   393320   393371   394532 
35169 codespace ./cli kernel images/4096x40        0   393324   393374   394548 
35175 codespace ./cli kernel images/4096x40        0   393324   393376   394592 
35171 codespace ./cli kernel images/4096x40        0   393324   393379   394612 
%CPU %MEM ARGS Wed Sep 30 20:44:41 UTC 2026
 0.0  0.0 grep --color=auto ./cli       0  2160
21.6  4.8 ./cli kernel images/4096x40   0 394572
21.8  4.8 ./cli kernel images/4096x40   1 394612
21.9  4.8 ./cli kernel images/4096x40   0 394532
22.0  4.8 ./cli kernel images/4096x40   0 394548
22.2  4.8 ./cli kernel images/4096x40   0 394592
  PID User     Command                         Swap      USS      PSS      RSS 
40525 codespace /usr/bin/python3 /usr/bin/s        0    12060    12339    14568 
35173 codespace ./cli kernel images/4096x40        0   393320   393371   394532 
35165 codespace ./cli kernel images/4096x40        0   393320   393372   394572 
35169 codespace ./cli kernel images/4096x40        0   393324   393375   394548 
35175 codespace ./cli kernel images/4096x40        0   393324   393377   394592 
35171 codespace ./cli kernel images/4096x40        0   393324   393380   394612 
%CPU %MEM ARGS Wed Sep 30 20:44:42 UTC 2026
 0.0  0.0 grep --color=auto ./cli       1  2180
21.6  4.8 ./cli kernel images/4096x40   0 394572
21.8  4.8 ./cli kernel images/4096x40   0 394612
21.9  4.8 ./cli kernel images/4096x40   0 394532
22.0  4.8 ./cli kernel images/4096x40   0 394548
22.2  4.8 ./cli kernel images/4096x40   1 394592
  PID User     Command                         Swap      USS      PSS      RSS 
40534 codespace /usr/bin/python3 /usr/bin/s        0    12052    12304    14468 
35165 codespace ./cli kernel images/4096x40        0   393320   393371   394572 
35173 codespace ./cli kernel images/4096x40        0   393320   393371   394532 
35169 codespace ./cli kernel images/4096x40        0   393324   393375   394548 
35175 codespace ./cli kernel images/4096x40        0   393324   393377   394592 
35171 codespace ./cli kernel images/4096x40        0   393324   393379   394612 
%CPU %MEM ARGS Wed Sep 30 20:44:44 UTC 2026
 0.0  0.0 grep --color=auto ./cli       0  2208
21.6  4.8 ./cli kernel images/4096x40   0 394572
21.8  4.8 ./cli kernel images/4096x40   0 394612
21.8  4.8 ./cli kernel images/4096x40   1 394532
22.0  4.8 ./cli kernel images/4096x40   0 394548
22.2  4.8 ./cli kernel images/4096x40   0 394592
  PID User     Command                         Swap      USS      PSS      RSS 
40555 codespace /usr/bin/python3 /usr/bin/s        0    12056    12316    14540 
35173 codespace ./cli kernel images/4096x40        0   393320   393371   394532 
35165 codespace ./cli kernel images/4096x40        0   393320   393372   394572 
35169 codespace ./cli kernel images/4096x40        0   393324   393375   394548 
35175 codespace ./cli kernel images/4096x40        0   393324   393377   394592 
35171 codespace ./cli kernel images/4096x40        0   393324   393379   394612 
%CPU %MEM ARGS Wed Sep 30 20:44:45 UTC 2026
 0.0  0.0 grep --color=auto ./cli       0  2180
21.6  4.8 ./cli kernel images/4096x40   1 394572
21.8  4.8 ./cli kernel images/4096x40   0 394612
21.8  4.8 ./cli kernel images/4096x40   0 394532
22.0  4.8 ./cli kernel images/4096x40   0 394548
22.2  4.8 ./cli kernel images/4096x40   1 394592
  PID User     Command                         Swap      USS      PSS      RSS 
40567 codespace /usr/bin/python3 /usr/bin/s        0    12056    12324    14472 
35165 codespace ./cli kernel images/4096x40        0   393320   393371   394572 
35173 codespace ./cli kernel images/4096x40        0   393320   393371   394532 
35169 codespace ./cli kernel images/4096x40        0   393324   393375   394548 
35175 codespace ./cli kernel images/4096x40        0   393324   393377   394592 
35171 codespace ./cli kernel images/4096x40        0   393324   393379   394612 
%CPU %MEM ARGS Wed Sep 30 20:44:46 UTC 2026
 0.0  0.0 grep --color=auto ./cli       0  2204
21.6  4.8 ./cli kernel images/4096x40   0 394572
21.8  4.8 ./cli kernel images/4096x40   0 394612
21.8  4.8 ./cli kernel images/4096x40   0 394532
22.0  4.8 ./cli kernel images/4096x40   0 394548
22.3  4.8 ./cli kernel images/4096x40   1 394592
  PID User     Command                         Swap      USS      PSS      RSS 
40579 codespace /usr/bin/python3 /usr/bin/s        0    12052    12302    14468 
35165 codespace ./cli kernel images/4096x40        0   393320   393370   394572 
35173 codespace ./cli kernel images/4096x40        0   393320   393371   394532 
35169 codespace ./cli kernel images/4096x40        0   393324   393374   394548 
35175 codespace ./cli kernel images/4096x40        0   393324   393377   394592 
35171 codespace ./cli kernel images/4096x40        0   393324   393379   394612 
%CPU %MEM ARGS Wed Sep 30 20:44:47 UTC 2026
 0.0  0.0 grep --color=auto ./cli       1  2160
21.6  4.8 ./cli kernel images/4096x40   0 394572
21.7  4.8 ./cli kernel images/4096x40   0 394612
21.8  4.8 ./cli kernel images/4096x40   0 394532
22.0  4.8 ./cli kernel images/4096x40   1 394548
22.3  4.8 ./cli kernel images/4096x40   0 394592
  PID User     Command                         Swap      USS      PSS      RSS 
40591 codespace /usr/bin/python3 /usr/bin/s        0    12056    12316    14532 
35173 codespace ./cli kernel images/4096x40        0   393320   393371   394532 
35165 codespace ./cli kernel images/4096x40        0   393320   393372   394572 
35169 codespace ./cli kernel images/4096x40        0   393324   393375   394548 
35175 codespace ./cli kernel images/4096x40        0   393324   393377   394592 
35171 codespace ./cli kernel images/4096x40        0   393324   393379   394612 
%CPU %MEM ARGS Wed Sep 30 20:44:48 UTC 2026
 0.0  0.0 grep --color=auto ./cli       0  2292
21.6  4.8 ./cli kernel images/4096x40   1 394572
21.7  4.8 ./cli kernel images/4096x40   1 394612
21.8  4.8 ./cli kernel images/4096x40   1 394532
22.0  4.8 ./cli kernel images/4096x40   1 394548
22.2  4.8 ./cli kernel images/4096x40   0 394592
  PID User     Command                         Swap      USS      PSS      RSS 
40603 codespace /usr/bin/python3 /usr/bin/s        0    12048    12298    14464 
35165 codespace ./cli kernel images/4096x40        0   393320   393371   394572 
35173 codespace ./cli kernel images/4096x40        0   393320   393371   394532 
35169 codespace ./cli kernel images/4096x40        0   393324   393375   394548 
35175 codespace ./cli kernel images/4096x40        0   393324   393377   394592 
35171 codespace ./cli kernel images/4096x40        0   393324   393379   394612 
%CPU %MEM ARGS Wed Sep 30 20:44:49 UTC 2026
 0.0  0.0 grep --color=auto ./cli       1  2176
21.6  4.8 ./cli kernel images/4096x40   1 394572
21.7  4.8 ./cli kernel images/4096x40   0 394612
21.8  4.8 ./cli kernel images/4096x40   1 394532
22.0  4.8 ./cli kernel images/4096x40   1 394548
22.2  4.8 ./cli kernel images/4096x40   1 394592
  PID User     Command                         Swap      USS      PSS      RSS 
40609 codespace /usr/bin/python3 /usr/bin/s        0    12068    12363    14620 
35165 codespace ./cli kernel images/4096x40        0   393320   393371   394572 
35173 codespace ./cli kernel images/4096x40        0   393320   393371   394532 
35169 codespace ./cli kernel images/4096x40        0   393324   393375   394548 
35175 codespace ./cli kernel images/4096x40        0   393324   393376   394592 
35171 codespace ./cli kernel images/4096x40        0   393324   393379   394612 
%CPU %MEM ARGS Wed Sep 30 20:44:50 UTC 2026
 0.0  0.0 grep --color=auto ./cli       0  2172
21.6  4.8 ./cli kernel images/4096x40   1 394572
21.7  4.8 ./cli kernel images/4096x40   1 394612
21.8  4.8 ./cli kernel images/4096x40   1 394532
22.0  4.8 ./cli kernel images/4096x40   1 394548
22.2  4.8 ./cli kernel images/4096x40   1 394592
  PID User     Command                         Swap      USS      PSS      RSS 
40622 codespace /usr/bin/python3 /usr/bin/s        0    12060    12320    14512 
35173 codespace ./cli kernel images/4096x40        0   393320   393371   394532 
35165 codespace ./cli kernel images/4096x40        0   393320   393372   394572 
35169 codespace ./cli kernel images/4096x40        0   393324   393375   394548 
35175 codespace ./cli kernel images/4096x40        0   393324   393377   394592 
35171 codespace ./cli kernel images/4096x40        0   393324   393379   394612 
%CPU %MEM ARGS Wed Sep 30 20:44:51 UTC 2026
 0.0  0.0 grep --color=auto ./cli       0  2180
21.6  4.8 ./cli kernel images/4096x40   1 394572
21.7  4.8 ./cli kernel images/4096x40   1 394612
21.8  4.8 ./cli kernel images/4096x40   1 394532
22.0  4.8 ./cli kernel images/4096x40   1 394548
22.2  4.8 ./cli kernel images/4096x40   1 394592
  PID User     Command                         Swap      USS      PSS      RSS 
40628 codespace /usr/bin/python3 /usr/bin/s        0    12060    12325    14512 
35165 codespace ./cli kernel images/4096x40        0   393320   393370   394572 
35173 codespace ./cli kernel images/4096x40        0   393320   393371   394532 
35169 codespace ./cli kernel images/4096x40        0   393324   393374   394548 
35175 codespace ./cli kernel images/4096x40        0   393324   393377   394592 
35171 codespace ./cli kernel images/4096x40        0   393324   393379   394612 
%CPU %MEM ARGS Wed Sep 30 20:44:52 UTC 2026
 0.0  0.0 grep --color=auto ./cli       1  2200
21.5  4.8 ./cli kernel images/4096x40   0 394572
21.7  4.8 ./cli kernel images/4096x40   1 394612
21.8  4.8 ./cli kernel images/4096x40   0 394532
22.0  4.8 ./cli kernel images/4096x40   0 394548
22.2  4.8 ./cli kernel images/4096x40   0 394592
  PID User     Command                         Swap      USS      PSS      RSS 
40646 codespace /usr/bin/python3 /usr/bin/s        0    12080    12370    14588 
35165 codespace ./cli kernel images/4096x40        0   393320   393371   394572 
35173 codespace ./cli kernel images/4096x40        0   393320   393371   394532 
35169 codespace ./cli kernel images/4096x40        0   393324   393375   394548 
35175 codespace ./cli kernel images/4096x40        0   393324   393377   394592 
35171 codespace ./cli kernel images/4096x40        0   393324   393379   394612 
%CPU %MEM ARGS Wed Sep 30 20:44:54 UTC 2026
 0.0  0.0 grep --color=auto ./cli       1  2160
21.5  4.8 ./cli kernel images/4096x40   0 394572
21.7  4.8 ./cli kernel images/4096x40   0 394612
21.7  4.8 ./cli kernel images/4096x40   0 394532
22.0  4.8 ./cli kernel images/4096x40   0 394548
22.2  4.8 ./cli kernel images/4096x40   0 394592
  PID User     Command                         Swap      USS      PSS      RSS 
40652 codespace /usr/bin/python3 /usr/bin/s        0    12056    12339    14584 
35165 codespace ./cli kernel images/4096x40        0   393320   393371   394572 
35173 codespace ./cli kernel images/4096x40        0   393320   393371   394532 
35169 codespace ./cli kernel images/4096x40        0   393324   393375   394548 
35175 codespace ./cli kernel images/4096x40        0   393324   393376   394592 
35171 codespace ./cli kernel images/4096x40        0   393324   393379   394612 
%CPU %MEM ARGS Wed Sep 30 20:44:55 UTC 2026
 0.0  0.0 grep --color=auto ./cli       0  2172
21.5  4.8 ./cli kernel images/4096x40   1 394572
21.7  4.8 ./cli kernel images/4096x40   0 394612
21.7  4.8 ./cli kernel images/4096x40   1 394532
22.0  4.8 ./cli kernel images/4096x40   1 394548
22.2  4.8 ./cli kernel images/4096x40   1 394592
  PID User     Command                         Swap      USS      PSS      RSS 
40682 codespace /usr/bin/python3 /usr/bin/s        0    12056    12306    14472 
35165 codespace ./cli kernel images/4096x40        0   393320   393371   394572 
35173 codespace ./cli kernel images/4096x40        0   393320   393371   394532 
35169 codespace ./cli kernel images/4096x40        0   393324   393375   394548 
35175 codespace ./cli kernel images/4096x40        0   393324   393377   394592 
35171 codespace ./cli kernel images/4096x40        0   393324   393379   394612 
%CPU %MEM ARGS Wed Sep 30 20:44:56 UTC 2026
 0.0  0.0 grep --color=auto ./cli       1  2180
21.5  4.8 ./cli kernel images/4096x40   1 394572
21.7  4.8 ./cli kernel images/4096x40   1 394612
21.8  4.8 ./cli kernel images/4096x40   1 394532
21.9  4.8 ./cli kernel images/4096x40   1 394548
22.2  4.8 ./cli kernel images/4096x40   0 394592
  PID User     Command                         Swap      USS      PSS      RSS 
40688 codespace /usr/bin/python3 /usr/bin/s        0    12060    12341    14620 
35169 codespace ./cli kernel images/4096x40        0   393324   393370   394548 
35165 codespace ./cli kernel images/4096x40        0   393320   393371   394572 
35173 codespace ./cli kernel images/4096x40        0   393320   393371   394532 
35175 codespace ./cli kernel images/4096x40        0   393324   393377   394592 
35171 codespace ./cli kernel images/4096x40        0   393324   393379   394612 
%CPU %MEM ARGS Wed Sep 30 20:44:57 UTC 2026
 0.0  0.0 grep --color=auto ./cli       1  2296
21.5  4.8 ./cli kernel images/4096x40   1 394572
21.7  4.8 ./cli kernel images/4096x40   1 394612
21.8  4.8 ./cli kernel images/4096x40   1 394532
21.9  4.8 ./cli kernel images/4096x40   1 394548
22.2  4.8 ./cli kernel images/4096x40   0 394592
  PID User     Command                         Swap      USS      PSS      RSS 
40700 codespace /usr/bin/python3 /usr/bin/s        0    12056    12282    14536 
35173 codespace ./cli kernel images/4096x40        0   393320   393370   394532 
35165 codespace ./cli kernel images/4096x40        0   393320   393371   394572 
35169 codespace ./cli kernel images/4096x40        0   393324   393375   394548 
35175 codespace ./cli kernel images/4096x40        0   393324   393375   394592 
35171 codespace ./cli kernel images/4096x40        0   393324   393378   394612 
%CPU %MEM ARGS Wed Sep 30 20:44:58 UTC 2026
 0.0  0.0 grep --color=auto ./cli       0  2180
21.5  4.8 ./cli kernel images/4096x40   1 394572
21.7  4.8 ./cli kernel images/4096x40   1 394612
21.7  4.8 ./cli kernel images/4096x40   1 394532
21.9  4.8 ./cli kernel images/4096x40   1 394548
22.2  4.8 ./cli kernel images/4096x40   1 394592
  PID User     Command                         Swap      USS      PSS      RSS 
40712 codespace /usr/bin/python3 /usr/bin/s        0    12052    12282    14468 
35165 codespace ./cli kernel images/4096x40        0   393320   393371   394572 
35173 codespace ./cli kernel images/4096x40        0   393320   393371   394532 
35175 codespace ./cli kernel images/4096x40        0   393324   393371   394592 
35169 codespace ./cli kernel images/4096x40        0   393324   393375   394548 
35171 codespace ./cli kernel images/4096x40        0   393324   393379   394612 
%CPU %MEM ARGS Wed Sep 30 20:44:59 UTC 2026
 0.0  0.0 grep --color=auto ./cli       0  2156
21.5  4.8 ./cli kernel images/4096x40   0 394572
21.7  4.8 ./cli kernel images/4096x40   1 394612
21.7  4.8 ./cli kernel images/4096x40   0 394532
21.9  4.8 ./cli kernel images/4096x40   0 394548
22.2  4.8 ./cli kernel images/4096x40   0 394592
  PID User     Command                         Swap      USS      PSS      RSS 
40724 codespace /usr/bin/python3 /usr/bin/s        0    12064    12342    14512 
35173 codespace ./cli kernel images/4096x40        0   393320   393371   394532 
35165 codespace ./cli kernel images/4096x40        0   393320   393372   394572 
35169 codespace ./cli kernel images/4096x40        0   393324   393375   394548 
35175 codespace ./cli kernel images/4096x40        0   393324   393377   394592 
35171 codespace ./cli kernel images/4096x40        0   393324   393379   394612 
%CPU %MEM ARGS Wed Sep 30 20:45:00 UTC 2026
 0.0  0.0 grep --color=auto ./cli       0  2304
21.4  4.8 ./cli kernel images/4096x40   0 394572
21.7  4.8 ./cli kernel images/4096x40   1 394612
21.7  4.8 ./cli kernel images/4096x40   0 394532
21.9  4.8 ./cli kernel images/4096x40   0 394548
22.2  4.8 ./cli kernel images/4096x40   0 394592
  PID User     Command                         Swap      USS      PSS      RSS 
40730 codespace /usr/bin/python3 /usr/bin/s        0    12052    12292    14416 
35165 codespace ./cli kernel images/4096x40        0   393320   393371   394572 
35173 codespace ./cli kernel images/4096x40        0   393320   393371   394532 
35169 codespace ./cli kernel images/4096x40        0   393324   393375   394548 
35171 codespace ./cli kernel images/4096x40        0   393324   393375   394612 
35175 codespace ./cli kernel images/4096x40        0   393324   393377   394592 
%CPU %MEM ARGS Wed Sep 30 20:45:01 UTC 2026
 0.0  0.0 grep --color=auto ./cli       1  2152
21.4  4.8 ./cli kernel images/4096x40   1 394572
21.7  4.8 ./cli kernel images/4096x40   1 394612
21.7  4.8 ./cli kernel images/4096x40   1 394532
21.9  4.8 ./cli kernel images/4096x40   0 394548
22.1  4.8 ./cli kernel images/4096x40   1 394592
  PID User     Command                         Swap      USS      PSS      RSS 
40743 codespace /usr/bin/python3 /usr/bin/s        0    12060    12299    14452 
35165 codespace ./cli kernel images/4096x40        0   393320   393371   394572 
35173 codespace ./cli kernel images/4096x40        0   393320   393371   394532 
35169 codespace ./cli kernel images/4096x40        0   393324   393375   394548 
35175 codespace ./cli kernel images/4096x40        0   393324   393377   394592 
35171 codespace ./cli kernel images/4096x40        0   393324   393379   394612 
%CPU %MEM ARGS Wed Sep 30 20:45:02 UTC 2026
 0.0  0.0 grep --color=auto ./cli       1  2172
21.4  4.8 ./cli kernel images/4096x40   0 394572
21.7  4.8 ./cli kernel images/4096x40   1 394612
21.7  4.8 ./cli kernel images/4096x40   1 394532
21.9  4.8 ./cli kernel images/4096x40   1 394548
22.1  4.8 ./cli kernel images/4096x40   1 394592
  PID User     Command                         Swap      USS      PSS      RSS 
40748 codespace /usr/bin/python3 /usr/bin/s        0    12060    12310    14512 
35165 codespace ./cli kernel images/4096x40        0   393320   393371   394572 
35173 codespace ./cli kernel images/4096x40        0   393320   393371   394532 
35169 codespace ./cli kernel images/4096x40        0   393324   393375   394548 
35175 codespace ./cli kernel images/4096x40        0   393324   393375   394592 
35171 codespace ./cli kernel images/4096x40        0   393324   393379   394612 
%CPU %MEM ARGS Wed Sep 30 20:45:03 UTC 2026
 0.0  0.0 grep --color=auto ./cli       0  2212
21.4  4.8 ./cli kernel images/4096x40   0 394572
21.7  4.8 ./cli kernel images/4096x40   0 394612
21.7  4.8 ./cli kernel images/4096x40   0 394532
21.9  4.8 ./cli kernel images/4096x40   0 394548
22.1  4.8 ./cli kernel images/4096x40   0 394592
  PID User     Command                         Swap      USS      PSS      RSS 
40763 codespace /usr/bin/python3 /usr/bin/s        0    12056    12304    14472 
35165 codespace ./cli kernel images/4096x40        0   393320   393371   394572 
35173 codespace ./cli kernel images/4096x40        0   393320   393371   394532 
35169 codespace ./cli kernel images/4096x40        0   393324   393375   394548 
35175 codespace ./cli kernel images/4096x40        0   393324   393377   394592 
35171 codespace ./cli kernel images/4096x40        0   393324   393379   394612 
%CPU %MEM ARGS Wed Sep 30 20:45:05 UTC 2026
 0.0  0.0 grep --color=auto ./cli       1  2248
21.4  4.8 ./cli kernel images/4096x40   1 394572
21.7  4.8 ./cli kernel images/4096x40   0 394532
21.7  4.8 ./cli kernel images/4096x40   1 394612
21.9  4.8 ./cli kernel images/4096x40   1 394548
22.1  4.8 ./cli kernel images/4096x40   1 394592
  PID User     Command                         Swap      USS      PSS      RSS 
40785 codespace /usr/bin/python3 /usr/bin/s        0    12024    12271    14440 
35165 codespace ./cli kernel images/4096x40        0   393320   393371   394572 
35173 codespace ./cli kernel images/4096x40        0   393320   393371   394532 
35169 codespace ./cli kernel images/4096x40        0   393324   393375   394548 
35175 codespace ./cli kernel images/4096x40        0   393324   393377   394592 
35171 codespace ./cli kernel images/4096x40        0   393324   393379   394612 
%CPU %MEM ARGS Wed Sep 30 20:45:06 UTC 2026
 0.0  0.0 grep --color=auto ./cli       1  2212
21.4  4.8 ./cli kernel images/4096x40   1 394572
21.7  4.8 ./cli kernel images/4096x40   0 394612
21.7  4.8 ./cli kernel images/4096x40   1 394532
21.9  4.8 ./cli kernel images/4096x40   1 394548
22.1  4.8 ./cli kernel images/4096x40   0 394592
  PID User     Command                         Swap      USS      PSS      RSS 
40798 codespace /usr/bin/python3 /usr/bin/s        0    12052    12331    14560 
35173 codespace ./cli kernel images/4096x40        0   393320   393371   394532 
35165 codespace ./cli kernel images/4096x40        0   393320   393372   394572 
35169 codespace ./cli kernel images/4096x40        0   393324   393375   394548 
35175 codespace ./cli kernel images/4096x40        0   393324   393377   394592 
35171 codespace ./cli kernel images/4096x40        0   393324   393379   394612 
%CPU %MEM ARGS Wed Sep 30 20:45:07 UTC 2026
 0.0  0.0 grep --color=auto ./cli       0  2300
21.4  4.8 ./cli kernel images/4096x40   0 394572
21.7  4.8 ./cli kernel images/4096x40   1 394612
21.7  4.8 ./cli kernel images/4096x40   1 394532
21.9  4.8 ./cli kernel images/4096x40   1 394548
22.1  4.8 ./cli kernel images/4096x40   1 394592
  PID User     Command                         Swap      USS      PSS      RSS 
40809 codespace /usr/bin/python3 /usr/bin/s        0    12060    12318    14536 
35165 codespace ./cli kernel images/4096x40        0   393320   393371   394572 
35173 codespace ./cli kernel images/4096x40        0   393320   393371   394532 
35169 codespace ./cli kernel images/4096x40        0   393324   393375   394548 
35175 codespace ./cli kernel images/4096x40        0   393324   393377   394592 
35171 codespace ./cli kernel images/4096x40        0   393324   393379   394612 
%CPU %MEM ARGS Wed Sep 30 20:45:08 UTC 2026
 0.0  0.0 grep --color=auto ./cli       1  2180
21.4  4.8 ./cli kernel images/4096x40   1 394572
21.7  4.8 ./cli kernel images/4096x40   1 394612
21.7  4.8 ./cli kernel images/4096x40   1 394532
21.9  4.8 ./cli kernel images/4096x40   1 394548
22.1  4.8 ./cli kernel images/4096x40   0 394592
  PID User     Command                         Swap      USS      PSS      RSS 
40815 codespace /usr/bin/python3 /usr/bin/s        0    12080    12332    14496 
35165 codespace ./cli kernel images/4096x40        0   393320   393366   394572 
35173 codespace ./cli kernel images/4096x40        0   393320   393371   394532 
35169 codespace ./cli kernel images/4096x40        0   393324   393375   394548 
35175 codespace ./cli kernel images/4096x40        0   393324   393377   394592 
35171 codespace ./cli kernel images/4096x40        0   393324   393379   394612 
%CPU %MEM ARGS Wed Sep 30 20:45:09 UTC 2026
 0.0  0.0 grep --color=auto ./cli       0  2196
21.4  4.8 ./cli kernel images/4096x40   0 394572
21.6  4.8 ./cli kernel images/4096x40   0 394612
21.6  4.8 ./cli kernel images/4096x40   0 394532
21.9  4.8 ./cli kernel images/4096x40   0 394548
22.1  4.8 ./cli kernel images/4096x40   0 394592
  PID User     Command                         Swap      USS      PSS      RSS 
40833 codespace /usr/bin/python3 /usr/bin/s        0    12064    12314    14480 
35165 codespace ./cli kernel images/4096x40        0   393320   393371   394572 
35173 codespace ./cli kernel images/4096x40        0   393320   393371   394532 
35169 codespace ./cli kernel images/4096x40        0   393324   393375   394548 
35175 codespace ./cli kernel images/4096x40        0   393324   393377   394592 
35171 codespace ./cli kernel images/4096x40        0   393324   393379   394612 
%CPU %MEM ARGS Wed Sep 30 20:45:10 UTC 2026
 0.0  0.0 grep --color=auto ./cli       1  2172
21.4  4.8 ./cli kernel images/4096x40   0 394572
21.6  4.8 ./cli kernel images/4096x40   0 394532
21.6  4.8 ./cli kernel images/4096x40   0 394612
21.9  4.8 ./cli kernel images/4096x40   0 394548
22.1  4.8 ./cli kernel images/4096x40   0 394592
  PID User     Command                         Swap      USS      PSS      RSS 
40839 codespace /usr/bin/python3 /usr/bin/s        0    12068    12316    14484 
35165 codespace ./cli kernel images/4096x40        0   393320   393371   394572 
35173 codespace ./cli kernel images/4096x40        0   393320   393371   394532 
35171 codespace ./cli kernel images/4096x40        0   393324   393373   394612 
35169 codespace ./cli kernel images/4096x40        0   393324   393375   394548 
35175 codespace ./cli kernel images/4096x40        0   393324   393376   394592 
%CPU %MEM ARGS Wed Sep 30 20:45:11 UTC 2026
 0.0  0.0 grep --color=auto ./cli       1  2204
21.4  4.8 ./cli kernel images/4096x40   0 394572
21.6  4.8 ./cli kernel images/4096x40   0 394532
21.6  4.8 ./cli kernel images/4096x40   0 394612
21.9  4.8 ./cli kernel images/4096x40   0 394548
22.1  4.8 ./cli kernel images/4096x40   0 394592
  PID User     Command                         Swap      USS      PSS      RSS 
40851 codespace /usr/bin/python3 /usr/bin/s        0    12056    12326    14472 
35165 codespace ./cli kernel images/4096x40        0   393320   393371   394572 
35173 codespace ./cli kernel images/4096x40        0   393320   393371   394532 
35169 codespace ./cli kernel images/4096x40        0   393324   393375   394548 
35175 codespace ./cli kernel images/4096x40        0   393324   393377   394592 
35171 codespace ./cli kernel images/4096x40        0   393324   393379   394612 
%CPU %MEM ARGS Wed Sep 30 20:45:12 UTC 2026
 0.0  0.0 grep --color=auto ./cli       0  2252
21.4  4.8 ./cli kernel images/4096x40   0 394572
21.6  4.8 ./cli kernel images/4096x40   0 394532
21.6  4.8 ./cli kernel images/4096x40   0 394612
21.9  4.8 ./cli kernel images/4096x40   1 394548
22.1  4.8 ./cli kernel images/4096x40   0 394592
  PID User     Command                         Swap      USS      PSS      RSS 
40857 codespace /usr/bin/python3 /usr/bin/s        0    12060    12321    14536 
35165 codespace ./cli kernel images/4096x40        0   393320   393371   394572 
35173 codespace ./cli kernel images/4096x40        0   393320   393371   394532 
35169 codespace ./cli kernel images/4096x40        0   393324   393375   394548 
35171 codespace ./cli kernel images/4096x40        0   393324   393379   394612 
35175 codespace ./cli kernel images/4096x40        0   393324   393379   394592 
%CPU %MEM ARGS Wed Sep 30 20:45:13 UTC 2026
 0.0  0.0 grep --color=auto ./cli       0  2296
21.4  4.8 ./cli kernel images/4096x40   0 394572
21.6  4.8 ./cli kernel images/4096x40   0 394532
21.6  4.8 ./cli kernel images/4096x40   0 394612
21.9  4.8 ./cli kernel images/4096x40   1 394548
22.1  4.8 ./cli kernel images/4096x40   0 394592
  PID User     Command                         Swap      USS      PSS      RSS 
40869 codespace /usr/bin/python3 /usr/bin/s        0    12064    12337    14512 
35165 codespace ./cli kernel images/4096x40        0   393320   393371   394572 
35173 codespace ./cli kernel images/4096x40        0   393320   393371   394532 
35169 codespace ./cli kernel images/4096x40        0   393324   393375   394548 
35175 codespace ./cli kernel images/4096x40        0   393324   393376   394592 
35171 codespace ./cli kernel images/4096x40        0   393324   393379   394612 
%CPU %MEM ARGS Wed Sep 30 20:45:14 UTC 2026
 0.0  0.0 grep --color=auto ./cli       1  2164
21.4  4.8 ./cli kernel images/4096x40   1 394572
21.6  4.8 ./cli kernel images/4096x40   0 394532
21.6  4.8 ./cli kernel images/4096x40   1 394612
21.9  4.8 ./cli kernel images/4096x40   1 394548
22.1  4.8 ./cli kernel images/4096x40   1 394592
  PID User     Command                         Swap      USS      PSS      RSS 
40875 codespace /usr/bin/python3 /usr/bin/s        0    12060    12318    14544 
35165 codespace ./cli kernel images/4096x40        0   393320   393370   394572 
35173 codespace ./cli kernel images/4096x40        0   393320   393371   394532 
35169 codespace ./cli kernel images/4096x40        0   393324   393375   394548 
35175 codespace ./cli kernel images/4096x40        0   393324   393377   394592 
35171 codespace ./cli kernel images/4096x40        0   393324   393379   394612 
%CPU %MEM ARGS Wed Sep 30 20:45:15 UTC 2026
 0.0  0.0 grep --color=auto ./cli       0  2288
21.3  4.8 ./cli kernel images/4096x40   1 394572
21.6  4.8 ./cli kernel images/4096x40   1 394612
21.6  4.8 ./cli kernel images/4096x40   1 394532
21.9  4.8 ./cli kernel images/4096x40   0 394548
22.1  4.8 ./cli kernel images/4096x40   1 394592
  PID User     Command                         Swap      USS      PSS      RSS 
40905 codespace /usr/bin/python3 /usr/bin/s        0    12056    12313    14436 
35165 codespace ./cli kernel images/4096x40        0   393320   393371   394572 
35173 codespace ./cli kernel images/4096x40        0   393320   393371   394532 
35169 codespace ./cli kernel images/4096x40        0   393324   393375   394548 
35175 codespace ./cli kernel images/4096x40        0   393324   393376   394592 
35171 codespace ./cli kernel images/4096x40        0   393324   393379   394612 
%CPU %MEM ARGS Wed Sep 30 20:45:16 UTC 2026
 0.0  0.0 grep --color=auto ./cli       0  2168
21.4  4.8 ./cli kernel images/4096x40   0 394572
21.6  4.8 ./cli kernel images/4096x40   1 394612
21.6  4.8 ./cli kernel images/4096x40   0 394532
21.9  4.8 ./cli kernel images/4096x40   1 394548
22.0  4.8 ./cli kernel images/4096x40   0 394592
  PID User     Command                         Swap      USS      PSS      RSS 
40916 codespace /usr/bin/python3 /usr/bin/s        0    12056    12326    14472 
35165 codespace ./cli kernel images/4096x40        0   393320   393371   394572 
35173 codespace ./cli kernel images/4096x40        0   393320   393371   394532 
35169 codespace ./cli kernel images/4096x40        0   393324   393375   394548 
35175 codespace ./cli kernel images/4096x40        0   393324   393377   394592 
35171 codespace ./cli kernel images/4096x40        0   393324   393379   394612 
%CPU %MEM ARGS Wed Sep 30 20:45:18 UTC 2026
 0.0  0.0 grep --color=auto ./cli       0  2196
21.4  4.8 ./cli kernel images/4096x40   0 394572
21.6  4.8 ./cli kernel images/4096x40   0 394532
21.6  4.8 ./cli kernel images/4096x40   0 394612
21.9  4.8 ./cli kernel images/4096x40   0 394548
22.0  4.8 ./cli kernel images/4096x40   1 394592
  PID User     Command                         Swap      USS      PSS      RSS 
40926 codespace /usr/bin/python3 /usr/bin/s        0    12064    12321    14548 
35165 codespace ./cli kernel images/4096x40        0   393320   393371   394572 
35173 codespace ./cli kernel images/4096x40        0   393320   393371   394532 
35169 codespace ./cli kernel images/4096x40        0   393324   393375   394548 
35175 codespace ./cli kernel images/4096x40        0   393324   393377   394592 
35171 codespace ./cli kernel images/4096x40        0   393324   393379   394612 
%CPU %MEM ARGS Wed Sep 30 20:45:19 UTC 2026
 0.0  0.0 grep --color=auto ./cli       1  2288
21.3  4.8 ./cli kernel images/4096x40   1 394572
21.6  4.8 ./cli kernel images/4096x40   1 394532
21.6  4.8 ./cli kernel images/4096x40   0 394612
21.9  4.8 ./cli kernel images/4096x40   0 394548
22.1  4.8 ./cli kernel images/4096x40   0 394592
  PID User     Command                         Swap      USS      PSS      RSS 
40935 codespace /usr/bin/python3 /usr/bin/s        0    12052    12301    14468 
35165 codespace ./cli kernel images/4096x40        0   393320   393371   394572 
35173 codespace ./cli kernel images/4096x40        0   393320   393371   394532 
35169 codespace ./cli kernel images/4096x40        0   393324   393375   394548 
35175 codespace ./cli kernel images/4096x40        0   393324   393377   394592 
35171 codespace ./cli kernel images/4096x40        0   393324   393379   394612 
%CPU %MEM ARGS Wed Sep 30 20:45:20 UTC 2026
 0.0  0.0 grep --color=auto ./cli       1  2180
21.3  4.8 ./cli kernel images/4096x40   1 394572
21.6  4.8 ./cli kernel images/4096x40   0 394532
21.6  4.8 ./cli kernel images/4096x40   1 394612
21.8  4.8 ./cli kernel images/4096x40   1 394548
22.1  4.8 ./cli kernel images/4096x40   1 394592
  PID User     Command                         Swap      USS      PSS      RSS 
40947 codespace /usr/bin/python3 /usr/bin/s        0    12060    12344    14588 
35165 codespace ./cli kernel images/4096x40        0   393320   393371   394572 
35173 codespace ./cli kernel images/4096x40        0   393320   393371   394532 
35169 codespace ./cli kernel images/4096x40        0   393324   393375   394548 
35175 codespace ./cli kernel images/4096x40        0   393324   393377   394592 
35171 codespace ./cli kernel images/4096x40        0   393324   393379   394612 
%CPU %MEM ARGS Wed Sep 30 20:45:21 UTC 2026
 0.0  0.0 grep --color=auto ./cli       1  2344
21.3  4.8 ./cli kernel images/4096x40   0 394572
21.6  4.8 ./cli kernel images/4096x40   1 394612
21.6  4.8 ./cli kernel images/4096x40   0 394532
21.8  4.8 ./cli kernel images/4096x40   0 394548
22.1  4.8 ./cli kernel images/4096x40   0 394592
  PID User     Command                         Swap      USS      PSS      RSS 
40959 codespace /usr/bin/python3 /usr/bin/s        0    12052    12302    14468 
35173 codespace ./cli kernel images/4096x40        0   393320   393371   394532 
35165 codespace ./cli kernel images/4096x40        0   393320   393372   394572 
35169 codespace ./cli kernel images/4096x40        0   393324   393375   394548 
35175 codespace ./cli kernel images/4096x40        0   393324   393377   394592 
35171 codespace ./cli kernel images/4096x40        0   393324   393379   394612 
%CPU %MEM ARGS Wed Sep 30 20:45:22 UTC 2026
 0.0  0.0 grep --color=auto ./cli       0  2172
21.3  4.8 ./cli kernel images/4096x40   0 394572
21.6  4.8 ./cli kernel images/4096x40   0 394612
21.6  4.8 ./cli kernel images/4096x40   0 394532
21.8  4.8 ./cli kernel images/4096x40   0 394548
22.1  4.8 ./cli kernel images/4096x40   1 394592
  PID User     Command                         Swap      USS      PSS      RSS 
40965 codespace /usr/bin/python3 /usr/bin/s        0    12060    12325    14512 
35173 codespace ./cli kernel images/4096x40        0   393320   393371   394532 
35165 codespace ./cli kernel images/4096x40        0   393320   393372   394572 
35169 codespace ./cli kernel images/4096x40        0   393324   393375   394548 
35175 codespace ./cli kernel images/4096x40        0   393324   393377   394592 
35171 codespace ./cli kernel images/4096x40        0   393324   393379   394612 
%CPU %MEM ARGS Wed Sep 30 20:45:23 UTC 2026
 0.0  0.0 grep --color=auto ./cli       0  2180
21.3  4.8 ./cli kernel images/4096x40   0 394572
21.6  4.8 ./cli kernel images/4096x40   0 394612
21.6  4.8 ./cli kernel images/4096x40   0 394532
21.8  4.8 ./cli kernel images/4096x40   0 394548
22.1  4.8 ./cli kernel images/4096x40   1 394592
  PID User     Command                         Swap      USS      PSS      RSS 
40977 codespace /usr/bin/python3 /usr/bin/s        0    12052    12315    14520 
35173 codespace ./cli kernel images/4096x40        0   393320   393371   394532 
35165 codespace ./cli kernel images/4096x40        0   393320   393372   394572 
35169 codespace ./cli kernel images/4096x40        0   393324   393375   394548 
35175 codespace ./cli kernel images/4096x40        0   393324   393377   394592 
35171 codespace ./cli kernel images/4096x40        0   393324   393379   394612 
%CPU %MEM ARGS Wed Sep 30 20:45:24 UTC 2026
 0.0  0.0 grep --color=auto ./cli       1  2288
21.3  4.8 ./cli kernel images/4096x40   1 394572
21.5  4.8 ./cli kernel images/4096x40   1 394612
21.6  4.8 ./cli kernel images/4096x40   1 394532
21.8  4.8 ./cli kernel images/4096x40   0 394548
22.1  4.8 ./cli kernel images/4096x40   1 394592
  PID User     Command                         Swap      USS      PSS      RSS 
40983 codespace /usr/bin/python3 /usr/bin/s        0    12056    12304    14472 
35165 codespace ./cli kernel images/4096x40        0   393320   393371   394572 
35173 codespace ./cli kernel images/4096x40        0   393320   393371   394532 
35169 codespace ./cli kernel images/4096x40        0   393324   393375   394548 
35175 codespace ./cli kernel images/4096x40        0   393324   393377   394592 
35171 codespace ./cli kernel images/4096x40        0   393324   393379   394612 
%CPU %MEM ARGS Wed Sep 30 20:45:25 UTC 2026
 0.0  0.0 grep --color=auto ./cli       1  2172
21.3  4.8 ./cli kernel images/4096x40   0 394572
21.5  4.8 ./cli kernel images/4096x40   1 394612
21.6  4.8 ./cli kernel images/4096x40   0 394532
21.8  4.8 ./cli kernel images/4096x40   1 394548
22.1  4.8 ./cli kernel images/4096x40   0 394592
  PID User     Command                         Swap      USS      PSS      RSS 
40995 codespace /usr/bin/python3 /usr/bin/s        0    12060    12353    14568 
35165 codespace ./cli kernel images/4096x40        0   393320   393370   394572 
35169 codespace ./cli kernel images/4096x40        0   393324   393371   394548 
35173 codespace ./cli kernel images/4096x40        0   393320   393371   394532 
35171 codespace ./cli kernel images/4096x40        0   393324   393377   394612 
35175 codespace ./cli kernel images/4096x40        0   393324   393377   394592 
%CPU %MEM ARGS Wed Sep 30 20:45:27 UTC 2026
 0.0  0.0 grep --color=auto ./cli       0  2180
21.3  4.8 ./cli kernel images/4096x40   0 394572
21.5  4.8 ./cli kernel images/4096x40   0 394612
21.5  4.8 ./cli kernel images/4096x40   1 394532
21.8  4.8 ./cli kernel images/4096x40   0 394548
22.0  4.8 ./cli kernel images/4096x40   0 394592
  PID User     Command                         Swap      USS      PSS      RSS 
41026 codespace /usr/bin/python3 /usr/bin/s        0    12060    12338    14568 
35165 codespace ./cli kernel images/4096x40        0   393320   393371   394572 
35173 codespace ./cli kernel images/4096x40        0   393320   393371   394532 
35169 codespace ./cli kernel images/4096x40        0   393324   393375   394548 
35175 codespace ./cli kernel images/4096x40        0   393324   393377   394592 
35171 codespace ./cli kernel images/4096x40        0   393324   393380   394612 
%CPU %MEM ARGS Wed Sep 30 20:45:28 UTC 2026
 0.0  0.0 grep --color=auto ./cli       0  2252
21.3  4.8 ./cli kernel images/4096x40   0 394572
21.5  4.8 ./cli kernel images/4096x40   0 394612
21.6  4.8 ./cli kernel images/4096x40   1 394532
21.8  4.8 ./cli kernel images/4096x40   0 394548
22.0  4.8 ./cli kernel images/4096x40   0 394592
  PID User     Command                         Swap      USS      PSS      RSS 
41037 codespace /usr/bin/python3 /usr/bin/s        0    12060    12312    14540 
35165 codespace ./cli kernel images/4096x40        0   393320   393371   394572 
35173 codespace ./cli kernel images/4096x40        0   393320   393371   394532 
35169 codespace ./cli kernel images/4096x40        0   393324   393375   394548 
35175 codespace ./cli kernel images/4096x40        0   393324   393377   394592 
35171 codespace ./cli kernel images/4096x40        0   393324   393379   394612 
%CPU %MEM ARGS Wed Sep 30 20:45:29 UTC 2026
 0.0  0.0 grep --color=auto ./cli       0  2296
21.3  4.8 ./cli kernel images/4096x40   1 394572
21.5  4.8 ./cli kernel images/4096x40   1 394612
21.6  4.8 ./cli kernel images/4096x40   1 394532
21.8  4.8 ./cli kernel images/4096x40   1 394548
22.0  4.8 ./cli kernel images/4096x40   0 394592
  PID User     Command                         Swap      USS      PSS      RSS 
41047 codespace /usr/bin/python3 /usr/bin/s        0    12060    12310    14476 
35165 codespace ./cli kernel images/4096x40        0   393320   393371   394572 
35173 codespace ./cli kernel images/4096x40        0   393320   393371   394532 
35169 codespace ./cli kernel images/4096x40        0   393324   393375   394548 
35175 codespace ./cli kernel images/4096x40        0   393324   393376   394592 
35171 codespace ./cli kernel images/4096x40        0   393324   393379   394612 
%CPU %MEM ARGS Wed Sep 30 20:45:30 UTC 2026
 0.0  0.0 grep --color=auto ./cli       1  2344
21.2  4.8 ./cli kernel images/4096x40   0 394572
21.5  4.8 ./cli kernel images/4096x40   0 394612
21.6  4.8 ./cli kernel images/4096x40   0 394532
21.7  4.8 ./cli kernel images/4096x40   0 394548
22.0  4.8 ./cli kernel images/4096x40   1 394592
  PID User     Command                         Swap      USS      PSS      RSS 
41056 codespace /usr/bin/python3 /usr/bin/s        0    12060    12339    14568 
35173 codespace ./cli kernel images/4096x40        0   393320   393371   394532 
35165 codespace ./cli kernel images/4096x40        0   393320   393372   394572 
35169 codespace ./cli kernel images/4096x40        0   393324   393375   394548 
35175 codespace ./cli kernel images/4096x40        0   393324   393377   394592 
35171 codespace ./cli kernel images/4096x40        0   393324   393379   394612 
%CPU %MEM ARGS Wed Sep 30 20:45:31 UTC 2026
 0.0  0.0 grep --color=auto ./cli       0  2172
21.2  4.8 ./cli kernel images/4096x40   0 394572
21.5  4.8 ./cli kernel images/4096x40   0 394612
21.6  4.8 ./cli kernel images/4096x40   0 394532
21.7  4.8 ./cli kernel images/4096x40   0 394548
22.1  4.8 ./cli kernel images/4096x40   1 394592
  PID User     Command                         Swap      USS      PSS      RSS 
41065 codespace /usr/bin/python3 /usr/bin/s        0    12060    12318    14540 
35165 codespace ./cli kernel images/4096x40        0   393320   393370   394572 
35173 codespace ./cli kernel images/4096x40        0   393320   393371   394532 
35169 codespace ./cli kernel images/4096x40        0   393324   393375   394548 
35175 codespace ./cli kernel images/4096x40        0   393324   393377   394592 
35171 codespace ./cli kernel images/4096x40        0   393324   393379   394612 
%CPU %MEM ARGS Wed Sep 30 20:45:32 UTC 2026
 0.0  0.0 grep --color=auto ./cli       1  2176
21.2  4.8 ./cli kernel images/4096x40   0 394572
21.5  4.8 ./cli kernel images/4096x40   0 394612
21.6  4.8 ./cli kernel images/4096x40   1 394532
21.7  4.8 ./cli kernel images/4096x40   0 394548
22.1  4.8 ./cli kernel images/4096x40   0 394592
  PID User     Command                         Swap      USS      PSS      RSS 
41080 codespace /usr/bin/python3 /usr/bin/s        0    12072    12362    14588 
35173 codespace ./cli kernel images/4096x40        0   393320   393371   394532 
35165 codespace ./cli kernel images/4096x40        0   393320   393372   394572 
35169 codespace ./cli kernel images/4096x40        0   393324   393375   394548 
35175 codespace ./cli kernel images/4096x40        0   393324   393377   394592 
35171 codespace ./cli kernel images/4096x40        0   393324   393379   394612 
%CPU %MEM ARGS Wed Sep 30 20:45:34 UTC 2026
 0.0  0.0 grep --color=auto ./cli       0  2248
21.2  4.8 ./cli kernel images/4096x40   1 394572
21.5  4.8 ./cli kernel images/4096x40   0 394612
21.6  4.8 ./cli kernel images/4096x40   0 394532
21.7  4.8 ./cli kernel images/4096x40   0 394548
22.1  4.8 ./cli kernel images/4096x40   0 394592
  PID User     Command                         Swap      USS      PSS      RSS 
41089 codespace /usr/bin/python3 /usr/bin/s        0    12080    12370    14588 
35165 codespace ./cli kernel images/4096x40        0   393320   393371   394572 
35173 codespace ./cli kernel images/4096x40        0   393320   393371   394532 
35169 codespace ./cli kernel images/4096x40        0   393324   393375   394548 
35175 codespace ./cli kernel images/4096x40        0   393324   393376   394592 
35171 codespace ./cli kernel images/4096x40        0   393324   393379   394612 
%CPU %MEM ARGS Wed Sep 30 20:45:35 UTC 2026
 0.0  0.0 grep --color=auto ./cli       0  2208
21.2  4.8 ./cli kernel images/4096x40   1 394572
21.4  4.8 ./cli kernel images/4096x40   0 394612
21.6  4.8 ./cli kernel images/4096x40   0 394532
21.7  4.8 ./cli kernel images/4096x40   0 394548
22.1  4.8 ./cli kernel images/4096x40   0 394592
  PID User     Command                         Swap      USS      PSS      RSS 
41098 codespace /usr/bin/python3 /usr/bin/s        0    12080    12366    14584 
35165 codespace ./cli kernel images/4096x40        0   393320   393371   394572 
35173 codespace ./cli kernel images/4096x40        0   393320   393371   394532 
35169 codespace ./cli kernel images/4096x40        0   393324   393375   394548 
35175 codespace ./cli kernel images/4096x40        0   393324   393377   394592 
35171 codespace ./cli kernel images/4096x40        0   393324   393379   394612 
%CPU %MEM ARGS Wed Sep 30 20:45:36 UTC 2026
 0.0  0.0 grep --color=auto ./cli       0  2160
21.3  4.8 ./cli kernel images/4096x40   0 394572
21.4  4.8 ./cli kernel images/4096x40   1 394612
21.6  4.8 ./cli kernel images/4096x40   0 394532
21.7  4.8 ./cli kernel images/4096x40   1 394548
22.0  4.8 ./cli kernel images/4096x40   0 394592
  PID User     Command                         Swap      USS      PSS      RSS 
41108 codespace /usr/bin/python3 /usr/bin/s        0    12060    12333    14508 
35165 codespace ./cli kernel images/4096x40        0   393320   393371   394572 
35173 codespace ./cli kernel images/4096x40        0   393320   393371   394532 
35169 codespace ./cli kernel images/4096x40        0   393324   393375   394548 
35171 codespace ./cli kernel images/4096x40        0   393324   393379   394612 
35175 codespace ./cli kernel images/4096x40        0   393324   393379   394592 
%CPU %MEM ARGS Wed Sep 30 20:45:37 UTC 2026
 0.0  0.0 grep --color=auto ./cli       0  2296
21.2  4.8 ./cli kernel images/4096x40   1 394572
21.4  4.8 ./cli kernel images/4096x40   0 394612
21.6  4.8 ./cli kernel images/4096x40   0 394532
21.7  4.8 ./cli kernel images/4096x40   0 394548
22.0  4.8 ./cli kernel images/4096x40   0 394592
  PID User     Command                         Swap      USS      PSS      RSS 
41141 codespace /usr/bin/python3 /usr/bin/s        0    12052    12313    14520 
35165 codespace ./cli kernel images/4096x40        0   393320   393371   394572 
35173 codespace ./cli kernel images/4096x40        0   393320   393371   394532 
35169 codespace ./cli kernel images/4096x40        0   393324   393375   394548 
35171 codespace ./cli kernel images/4096x40        0   393324   393379   394612 
35175 codespace ./cli kernel images/4096x40        0   393324   393379   394592 
%CPU %MEM ARGS Wed Sep 30 20:45:38 UTC 2026
 0.0  0.0 grep --color=auto ./cli       0  2200
21.2  4.8 ./cli kernel images/4096x40   1 394572
21.4  4.8 ./cli kernel images/4096x40   1 394612
21.6  4.8 ./cli kernel images/4096x40   0 394532
21.7  4.8 ./cli kernel images/4096x40   1 394548
22.0  4.8 ./cli kernel images/4096x40   1 394592
  PID User     Command                         Swap      USS      PSS      RSS 
41150 codespace /usr/bin/python3 /usr/bin/s        0    12060    12303    14456 
35165 codespace ./cli kernel images/4096x40        0   393320   393371   394572 
35173 codespace ./cli kernel images/4096x40        0   393320   393371   394532 
35169 codespace ./cli kernel images/4096x40        0   393324   393375   394548 
35175 codespace ./cli kernel images/4096x40        0   393324   393377   394592 
35171 codespace ./cli kernel images/4096x40        0   393324   393379   394612 
%CPU %MEM ARGS Wed Sep 30 20:45:40 UTC 2026
 0.0  0.0 grep --color=auto ./cli       0  2160
21.2  4.8 ./cli kernel images/4096x40   1 394572
21.4  4.8 ./cli kernel images/4096x40   0 394612
21.6  4.8 ./cli kernel images/4096x40   1 394532
21.7  4.8 ./cli kernel images/4096x40   1 394548
22.0  4.8 ./cli kernel images/4096x40   1 394592
  PID User     Command                         Swap      USS      PSS      RSS 
41159 codespace /usr/bin/python3 /usr/bin/s        0    12052    12302    14468 
35165 codespace ./cli kernel images/4096x40        0   393320   393371   394572 
35173 codespace ./cli kernel images/4096x40        0   393320   393371   394532 
35169 codespace ./cli kernel images/4096x40        0   393324   393375   394548 
35175 codespace ./cli kernel images/4096x40        0   393324   393377   394592 
35171 codespace ./cli kernel images/4096x40        0   393324   393379   394612 
%CPU %MEM ARGS Wed Sep 30 20:45:41 UTC 2026
 0.0  0.0 grep --color=auto ./cli       1  2192
21.2  4.8 ./cli kernel images/4096x40   1 394572
21.4  4.8 ./cli kernel images/4096x40   1 394612
21.6  4.8 ./cli kernel images/4096x40   1 394532
21.7  4.8 ./cli kernel images/4096x40   1 394548
22.0  4.8 ./cli kernel images/4096x40   1 394592
  PID User     Command                         Swap      USS      PSS      RSS 
41168 codespace /usr/bin/python3 /usr/bin/s        0    12060    12307    14476 
35165 codespace ./cli kernel images/4096x40        0   393320   393371   394572 
35173 codespace ./cli kernel images/4096x40        0   393320   393371   394532 
35169 codespace ./cli kernel images/4096x40        0   393324   393375   394548 
35175 codespace ./cli kernel images/4096x40        0   393324   393377   394592 
35171 codespace ./cli kernel images/4096x40        0   393324   393379   394612 
%CPU %MEM ARGS Wed Sep 30 20:45:42 UTC 2026
 0.0  0.0 grep --color=auto ./cli       0  2176
21.2  4.8 ./cli kernel images/4096x40   0 394572
21.4  4.8 ./cli kernel images/4096x40   0 394612
21.6  4.8 ./cli kernel images/4096x40   0 394532
21.6  4.8 ./cli kernel images/4096x40   0 394548
22.0  4.8 ./cli kernel images/4096x40   1 394592
  PID User     Command                         Swap      USS      PSS      RSS 
41177 codespace /usr/bin/python3 /usr/bin/s        0    12056    12340    14616 
35165 codespace ./cli kernel images/4096x40        0   393320   393371   394572 
35173 codespace ./cli kernel images/4096x40        0   393320   393371   394532 
35169 codespace ./cli kernel images/4096x40        0   393324   393375   394548 
35175 codespace ./cli kernel images/4096x40        0   393324   393377   394592 
35171 codespace ./cli kernel images/4096x40        0   393324   393379   394612 
%CPU %MEM ARGS Wed Sep 30 20:45:43 UTC 2026
 0.0  0.0 grep --color=auto ./cli       1  2156
21.2  4.8 ./cli kernel images/4096x40   1 394572
21.4  4.8 ./cli kernel images/4096x40   0 394612
21.6  4.8 ./cli kernel images/4096x40   0 394532
21.6  4.8 ./cli kernel images/4096x40   1 394548
22.0  4.8 ./cli kernel images/4096x40   1 394592
  PID User     Command                         Swap      USS      PSS      RSS 
41186 codespace /usr/bin/python3 /usr/bin/s        0    12064    12312    14480 
35165 codespace ./cli kernel images/4096x40        0   393320   393371   394572 
35173 codespace ./cli kernel images/4096x40        0   393320   393371   394532 
35169 codespace ./cli kernel images/4096x40        0   393324   393375   394548 
35175 codespace ./cli kernel images/4096x40        0   393324   393377   394592 
35171 codespace ./cli kernel images/4096x40        0   393324   393379   394612 
%CPU %MEM ARGS Wed Sep 30 20:45:44 UTC 2026
 0.0  0.0 grep --color=auto ./cli       0  2172
21.2  4.8 ./cli kernel images/4096x40   1 394572
21.4  4.8 ./cli kernel images/4096x40   1 394612
21.6  4.8 ./cli kernel images/4096x40   0 394532
21.6  4.8 ./cli kernel images/4096x40   0 394548
22.0  4.8 ./cli kernel images/4096x40   0 394592
  PID User     Command                         Swap      USS      PSS      RSS 
41201 codespace /usr/bin/python3 /usr/bin/s        0    12064    12342    14512 
35165 codespace ./cli kernel images/4096x40        0   393320   393371   394572 
35173 codespace ./cli kernel images/4096x40        0   393320   393371   394532 
35169 codespace ./cli kernel images/4096x40        0   393324   393375   394548 
35175 codespace ./cli kernel images/4096x40        0   393324   393377   394592 
35171 codespace ./cli kernel images/4096x40        0   393324   393379   394612 
%CPU %MEM ARGS Wed Sep 30 20:45:45 UTC 2026
 0.0  0.0 grep --color=auto ./cli       0  2196
21.2  4.8 ./cli kernel images/4096x40   0 394572
21.4  4.8 ./cli kernel images/4096x40   1 394612
21.6  4.8 ./cli kernel images/4096x40   0 394532
21.6  4.8 ./cli kernel images/4096x40   1 394548
22.0  4.8 ./cli kernel images/4096x40   1 394592
  PID User     Command                         Swap      USS      PSS      RSS 
41209 codespace /usr/bin/python3 /usr/bin/s        0    12012    12293    14540 
35165 codespace ./cli kernel images/4096x40        0   393320   393371   394572 
35173 codespace ./cli kernel images/4096x40        0   393320   393371   394532 
35169 codespace ./cli kernel images/4096x40        0   393324   393375   394548 
35175 codespace ./cli kernel images/4096x40        0   393324   393377   394592 
35171 codespace ./cli kernel images/4096x40        0   393324   393379   394612 
%CPU %MEM ARGS Wed Sep 30 20:45:46 UTC 2026
 0.0  0.0 grep --color=auto ./cli       0  2204
21.2  4.8 ./cli kernel images/4096x40   0 394572
21.4  4.8 ./cli kernel images/4096x40   0 394612
21.6  4.8 ./cli kernel images/4096x40   0 394532
21.6  4.8 ./cli kernel images/4096x40   1 394548
22.0  4.8 ./cli kernel images/4096x40   0 394592
  PID User     Command                         Swap      USS      PSS      RSS 
41220 codespace /usr/bin/python3 /usr/bin/s        0    12060    12319    14544 
35165 codespace ./cli kernel images/4096x40        0   393320   393371   394572 
35173 codespace ./cli kernel images/4096x40        0   393320   393371   394532 
35169 codespace ./cli kernel images/4096x40        0   393324   393375   394548 
35175 codespace ./cli kernel images/4096x40        0   393324   393377   394592 
35171 codespace ./cli kernel images/4096x40        0   393324   393379   394612 
%CPU %MEM ARGS Wed Sep 30 20:45:47 UTC 2026
 0.0  0.0 grep --color=auto ./cli       0  2160
21.1  4.8 ./cli kernel images/4096x40   1 394572
21.4  4.8 ./cli kernel images/4096x40   0 394612
21.5  4.8 ./cli kernel images/4096x40   0 394532
21.6  4.8 ./cli kernel images/4096x40   1 394548
22.0  4.8 ./cli kernel images/4096x40   1 394592
  PID User     Command                         Swap      USS      PSS      RSS 
41244 codespace /usr/bin/python3 /usr/bin/s        0    12060    12328    14476 
35165 codespace ./cli kernel images/4096x40        0   393320   393371   394572 
35173 codespace ./cli kernel images/4096x40        0   393320   393371   394532 
35169 codespace ./cli kernel images/4096x40        0   393324   393375   394548 
35175 codespace ./cli kernel images/4096x40        0   393324   393377   394592 
35171 codespace ./cli kernel images/4096x40        0   393324   393379   394612 
%CPU %MEM ARGS Wed Sep 30 20:45:48 UTC 2026
 0.0  0.0 grep --color=auto ./cli       0  2252
21.1  4.8 ./cli kernel images/4096x40   0 394572
21.4  4.8 ./cli kernel images/4096x40   0 394612
21.5  4.8 ./cli kernel images/4096x40   0 394532
21.7  4.8 ./cli kernel images/4096x40   1 394548
22.0  4.8 ./cli kernel images/4096x40   0 394592
  PID User     Command                         Swap      USS      PSS      RSS 
41256 codespace /usr/bin/python3 /usr/bin/s        0    12036    12294    14512 
35165 codespace ./cli kernel images/4096x40        0   393320   393371   394572 
35173 codespace ./cli kernel images/4096x40        0   393320   393371   394532 
35169 codespace ./cli kernel images/4096x40        0   393324   393375   394548 
35175 codespace ./cli kernel images/4096x40        0   393324   393377   394592 
35171 codespace ./cli kernel images/4096x40        0   393324   393379   394612 
%CPU %MEM ARGS Wed Sep 30 20:45:50 UTC 2026
 0.0  0.0 grep --color=auto ./cli       0  2160
21.1  4.8 ./cli kernel images/4096x40   0 394572
21.4  4.8 ./cli kernel images/4096x40   0 394612
21.5  4.8 ./cli kernel images/4096x40   1 394532
21.7  4.8 ./cli kernel images/4096x40   0 394548
22.0  4.8 ./cli kernel images/4096x40   0 394592
  PID User     Command                         Swap      USS      PSS      RSS 
41268 codespace /usr/bin/python3 /usr/bin/s        0    12060    12340    14568 
35173 codespace ./cli kernel images/4096x40        0   393320   393371   394532 
35165 codespace ./cli kernel images/4096x40        0   393320   393372   394572 
35169 codespace ./cli kernel images/4096x40        0   393324   393375   394548 
35175 codespace ./cli kernel images/4096x40        0   393324   393377   394592 
35171 codespace ./cli kernel images/4096x40        0   393324   393379   394612 
%CPU %MEM ARGS Wed Sep 30 20:45:51 UTC 2026
 0.0  0.0 grep --color=auto ./cli       0  2248
21.1  4.8 ./cli kernel images/4096x40   0 394572
21.4  4.8 ./cli kernel images/4096x40   0 394612
21.5  4.8 ./cli kernel images/4096x40   1 394532
21.6  4.8 ./cli kernel images/4096x40   1 394548
21.9  4.8 ./cli kernel images/4096x40   1 394592
  PID User     Command                         Swap      USS      PSS      RSS 
41280 codespace /usr/bin/python3 /usr/bin/s        0    12060    12321    14512 
35173 codespace ./cli kernel images/4096x40        0   393320   393371   394532 
35165 codespace ./cli kernel images/4096x40        0   393320   393373   394572 
35169 codespace ./cli kernel images/4096x40        0   393324   393375   394548 
35175 codespace ./cli kernel images/4096x40        0   393324   393377   394592 
35171 codespace ./cli kernel images/4096x40        0   393324   393380   394612 
%CPU %MEM ARGS Wed Sep 30 20:45:52 UTC 2026
 0.0  0.0 grep --color=auto ./cli       1  2292
21.1  4.8 ./cli kernel images/4096x40   0 394572
21.4  4.8 ./cli kernel images/4096x40   1 394612
21.5  4.8 ./cli kernel images/4096x40   1 394532
21.6  4.8 ./cli kernel images/4096x40   1 394548
22.0  4.8 ./cli kernel images/4096x40   1 394592
  PID User     Command                         Swap      USS      PSS      RSS 
41286 codespace /usr/bin/python3 /usr/bin/s        0    12052    12300    14468 
35165 codespace ./cli kernel images/4096x40        0   393320   393371   394572 
35173 codespace ./cli kernel images/4096x40        0   393320   393371   394532 
35169 codespace ./cli kernel images/4096x40        0   393324   393375   394548 
35175 codespace ./cli kernel images/4096x40        0   393324   393377   394592 
35171 codespace ./cli kernel images/4096x40        0   393324   393379   394612 
%CPU %MEM ARGS Wed Sep 30 20:45:53 UTC 2026
 0.0  0.0 grep --color=auto ./cli       1  2192
21.1  4.8 ./cli kernel images/4096x40   1 394572
21.4  4.8 ./cli kernel images/4096x40   0 394612
21.5  4.8 ./cli kernel images/4096x40   1 394532
21.6  4.8 ./cli kernel images/4096x40   1 394548
21.9  4.8 ./cli kernel images/4096x40   1 394592
  PID User     Command                         Swap      USS      PSS      RSS 
41298 codespace /usr/bin/python3 /usr/bin/s        0    12092    12374    14620 
35165 codespace ./cli kernel images/4096x40        0   393320   393371   394572 
35173 codespace ./cli kernel images/4096x40        0   393320   393371   394532 
35169 codespace ./cli kernel images/4096x40        0   393324   393375   394548 
35175 codespace ./cli kernel images/4096x40        0   393324   393377   394592 
35171 codespace ./cli kernel images/4096x40        0   393324   393379   394612 
%CPU %MEM ARGS Wed Sep 30 20:45:54 UTC 2026
 0.0  0.0 grep --color=auto ./cli       1  2340
21.1  4.8 ./cli kernel images/4096x40   0 394572
21.4  4.8 ./cli kernel images/4096x40   1 394612
21.5  4.8 ./cli kernel images/4096x40   1 394532
21.6  4.8 ./cli kernel images/4096x40   1 394548
21.9  4.8 ./cli kernel images/4096x40   1 394592
  PID User     Command                         Swap      USS      PSS      RSS 
41304 codespace /usr/bin/python3 /usr/bin/s        0    12056    12313    14540 
35165 codespace ./cli kernel images/4096x40        0   393320   393371   394572 
35173 codespace ./cli kernel images/4096x40        0   393320   393371   394532 
35169 codespace ./cli kernel images/4096x40        0   393324   393375   394548 
35175 codespace ./cli kernel images/4096x40        0   393324   393377   394592 
35171 codespace ./cli kernel images/4096x40        0   393324   393379   394612 
%CPU %MEM ARGS Wed Sep 30 20:45:55 UTC 2026
 0.0  0.0 grep --color=auto ./cli       0  2208
21.1  4.8 ./cli kernel images/4096x40   1 394572
21.4  4.8 ./cli kernel images/4096x40   0 394612
21.5  4.8 ./cli kernel images/4096x40   0 394532
21.6  4.8 ./cli kernel images/4096x40   0 394548
21.9  4.8 ./cli kernel images/4096x40   1 394592
  PID User     Command                         Swap      USS      PSS      RSS 
41323 codespace /usr/bin/python3 /usr/bin/s        0    12056    12317    14524 
35165 codespace ./cli kernel images/4096x40        0   393320   393371   394572 
35173 codespace ./cli kernel images/4096x40        0   393320   393371   394532 
35169 codespace ./cli kernel images/4096x40        0   393324   393375   394548 
35175 codespace ./cli kernel images/4096x40        0   393324   393377   394592 
35171 codespace ./cli kernel images/4096x40        0   393324   393379   394612 
%CPU %MEM ARGS Wed Sep 30 20:45:56 UTC 2026
 0.0  0.0 grep --color=auto ./cli       1  2248
21.1  4.8 ./cli kernel images/4096x40   0 394572
21.4  4.8 ./cli kernel images/4096x40   1 394612
21.5  4.8 ./cli kernel images/4096x40   1 394532
21.6  4.8 ./cli kernel images/4096x40   1 394548
21.9  4.8 ./cli kernel images/4096x40   1 394592
  PID User     Command                         Swap      USS      PSS      RSS 
41329 codespace /usr/bin/python3 /usr/bin/s        0    12056    12314    14540 
35173 codespace ./cli kernel images/4096x40        0   393320   393370   394532 
35165 codespace ./cli kernel images/4096x40        0   393320   393371   394572 
35169 codespace ./cli kernel images/4096x40        0   393324   393374   394548 
35175 codespace ./cli kernel images/4096x40        0   393324   393377   394592 
35171 codespace ./cli kernel images/4096x40        0   393324   393379   394612 
%CPU %MEM ARGS Wed Sep 30 20:45:58 UTC 2026
 0.0  0.0 grep --color=auto ./cli       0  2180
21.1  4.8 ./cli kernel images/4096x40   0 394572
21.3  4.8 ./cli kernel images/4096x40   0 394612
21.5  4.8 ./cli kernel images/4096x40   1 394532
21.6  4.8 ./cli kernel images/4096x40   0 394548
21.9  4.8 ./cli kernel images/4096x40   0 394592
  PID User     Command                         Swap      USS      PSS      RSS 
41360 codespace /usr/bin/python3 /usr/bin/s        0    12060    12305    14456 
35165 codespace ./cli kernel images/4096x40        0   393320   393371   394572 
35173 codespace ./cli kernel images/4096x40        0   393320   393371   394532 
35169 codespace ./cli kernel images/4096x40        0   393324   393375   394548 
35175 codespace ./cli kernel images/4096x40        0   393324   393377   394592 
35171 codespace ./cli kernel images/4096x40        0   393324   393379   394612 
%CPU %MEM ARGS Wed Sep 30 20:45:59 UTC 2026
 0.0  0.0 grep --color=auto ./cli       0  2304
21.1  4.8 ./cli kernel images/4096x40   0 394572
21.3  4.8 ./cli kernel images/4096x40   0 394612
21.5  4.8 ./cli kernel images/4096x40   1 394532
21.6  4.8 ./cli kernel images/4096x40   0 394548
21.9  4.8 ./cli kernel images/4096x40   0 394592
  PID User     Command                         Swap      USS      PSS      RSS 
41367 codespace /usr/bin/python3 /usr/bin/s        0    12056    12324    14472 
35165 codespace ./cli kernel images/4096x40        0   393320   393371   394572 
35173 codespace ./cli kernel images/4096x40        0   393320   393371   394532 
35169 codespace ./cli kernel images/4096x40        0   393324   393375   394548 
35175 codespace ./cli kernel images/4096x40        0   393324   393377   394592 
35171 codespace ./cli kernel images/4096x40        0   393324   393379   394612 
%CPU %MEM ARGS Wed Sep 30 20:46:00 UTC 2026
 0.0  0.0 grep --color=auto ./cli       0  2340
21.1  4.8 ./cli kernel images/4096x40   0 394572
21.3  4.8 ./cli kernel images/4096x40   0 394612
21.6  4.8 ./cli kernel images/4096x40   1 394532
21.6  4.8 ./cli kernel images/4096x40   0 394548
21.9  4.8 ./cli kernel images/4096x40   0 394592
  PID User     Command                         Swap      USS      PSS      RSS 
41384 codespace /usr/bin/python3 /usr/bin/s        0    12060    12339    14508 
35165 codespace ./cli kernel images/4096x40        0   393320   393371   394572 
35173 codespace ./cli kernel images/4096x40        0   393320   393371   394532 
35169 codespace ./cli kernel images/4096x40        0   393324   393375   394548 
35175 codespace ./cli kernel images/4096x40        0   393324   393377   394592 
35171 codespace ./cli kernel images/4096x40        0   393324   393379   394612 
%CPU %MEM ARGS Wed Sep 30 20:46:01 UTC 2026
 0.0  0.0 grep --color=auto ./cli       0  2304
21.1  4.8 ./cli kernel images/4096x40   0 394572
21.3  4.8 ./cli kernel images/4096x40   1 394612
21.5  4.8 ./cli kernel images/4096x40   0 394548
21.6  4.8 ./cli kernel images/4096x40   0 394532
21.9  4.8 ./cli kernel images/4096x40   0 394592
  PID User     Command                         Swap      USS      PSS      RSS 
41393 codespace /usr/bin/python3 /usr/bin/s        0    12060    12337    14508 
35165 codespace ./cli kernel images/4096x40        0   393320   393371   394572 
35173 codespace ./cli kernel images/4096x40        0   393320   393371   394532 
35169 codespace ./cli kernel images/4096x40        0   393324   393375   394548 
35175 codespace ./cli kernel images/4096x40        0   393324   393377   394592 
35171 codespace ./cli kernel images/4096x40        0   393324   393379   394612 
%CPU %MEM ARGS Wed Sep 30 20:46:02 UTC 2026
 0.0  0.0 grep --color=auto ./cli       1  2156
21.1  4.8 ./cli kernel images/4096x40   0 394572
21.3  4.8 ./cli kernel images/4096x40   0 394612
21.5  4.8 ./cli kernel images/4096x40   0 394548
21.6  4.8 ./cli kernel images/4096x40   1 394532
21.9  4.8 ./cli kernel images/4096x40   0 394592
  PID User     Command                         Swap      USS      PSS      RSS 
41403 codespace /usr/bin/python3 /usr/bin/s        0    12064    12338    14520 
35165 codespace ./cli kernel images/4096x40        0   393320   393371   394572 
35173 codespace ./cli kernel images/4096x40        0   393320   393371   394532 
35169 codespace ./cli kernel images/4096x40        0   393324   393375   394548 
35175 codespace ./cli kernel images/4096x40        0   393324   393377   394592 
35171 codespace ./cli kernel images/4096x40        0   393324   393379   394612 
%CPU %MEM ARGS Wed Sep 30 20:46:04 UTC 2026
 0.0  0.0 grep --color=auto ./cli       0  2184
21.0  4.8 ./cli kernel images/4096x40   0 394572
21.3  4.8 ./cli kernel images/4096x40   0 394612
21.5  4.8 ./cli kernel images/4096x40   0 394548
21.6  4.8 ./cli kernel images/4096x40   0 394532
21.9  4.8 ./cli kernel images/4096x40   1 394592
  PID User     Command                         Swap      USS      PSS      RSS 
41412 codespace /usr/bin/python3 /usr/bin/s        0    12052    12298    14468 
35165 codespace ./cli kernel images/4096x40        0   393320   393371   394572 
35173 codespace ./cli kernel images/4096x40        0   393320   393371   394532 
35169 codespace ./cli kernel images/4096x40        0   393324   393375   394548 
35175 codespace ./cli kernel images/4096x40        0   393324   393377   394592 
35171 codespace ./cli kernel images/4096x40        0   393324   393379   394612 
%CPU %MEM ARGS Wed Sep 30 20:46:05 UTC 2026
 0.0  0.0 grep --color=auto ./cli       0  2200
21.0  4.8 ./cli kernel images/4096x40   0 394572
21.3  4.8 ./cli kernel images/4096x40   0 394612
21.5  4.8 ./cli kernel images/4096x40   0 394548
21.6  4.8 ./cli kernel images/4096x40   0 394532
21.9  4.8 ./cli kernel images/4096x40   0 394592
  PID User     Command                         Swap      USS      PSS      RSS 
41421 codespace /usr/bin/python3 /usr/bin/s        0    12064    12339    14512 
35165 codespace ./cli kernel images/4096x40        0   393320   393371   394572 
35173 codespace ./cli kernel images/4096x40        0   393320   393371   394532 
35169 codespace ./cli kernel images/4096x40        0   393324   393375   394548 
35175 codespace ./cli kernel images/4096x40        0   393324   393377   394592 
35171 codespace ./cli kernel images/4096x40        0   393324   393379   394612 
%CPU %MEM ARGS Wed Sep 30 20:46:06 UTC 2026
 0.0  0.0 grep --color=auto ./cli       0  2288
21.0  4.8 ./cli kernel images/4096x40   0 394572
21.3  4.8 ./cli kernel images/4096x40   1 394612
21.5  4.8 ./cli kernel images/4096x40   0 394548
21.6  4.8 ./cli kernel images/4096x40   0 394532
21.9  4.8 ./cli kernel images/4096x40   1 394592
  PID User     Command                         Swap      USS      PSS      RSS 
41433 codespace /usr/bin/python3 /usr/bin/s        0    12064    12321    14540 
35165 codespace ./cli kernel images/4096x40        0   393320   393371   394572 
35173 codespace ./cli kernel images/4096x40        0   393320   393371   394532 
35169 codespace ./cli kernel images/4096x40        0   393324   393375   394548 
35175 codespace ./cli kernel images/4096x40        0   393324   393377   394592 
35171 codespace ./cli kernel images/4096x40        0   393324   393379   394612 
%CPU %MEM ARGS Wed Sep 30 20:46:07 UTC 2026
 0.0  0.0 grep --color=auto ./cli       0  2168
21.0  4.8 ./cli kernel images/4096x40   0 394572
21.3  4.8 ./cli kernel images/4096x40   0 394612
21.5  4.8 ./cli kernel images/4096x40   1 394548
21.6  4.8 ./cli kernel images/4096x40   0 394532
21.8  4.8 ./cli kernel images/4096x40   0 394592
  PID User     Command                         Swap      USS      PSS      RSS 
41445 codespace /usr/bin/python3 /usr/bin/s        0    12052    12302    14616 
35173 codespace ./cli kernel images/4096x40        0   393320   393370   394532 
35165 codespace ./cli kernel images/4096x40        0   393320   393372   394572 
35169 codespace ./cli kernel images/4096x40        0   393324   393375   394548 
35175 codespace ./cli kernel images/4096x40        0   393324   393375   394592 
35171 codespace ./cli kernel images/4096x40        0   393324   393379   394612 
%CPU %MEM ARGS Wed Sep 30 20:46:08 UTC 2026
 0.0  0.0 grep --color=auto ./cli       0  2304
21.0  4.8 ./cli kernel images/4096x40   0 394572
21.3  4.8 ./cli kernel images/4096x40   0 394612
21.5  4.8 ./cli kernel images/4096x40   0 394548
21.5  4.8 ./cli kernel images/4096x40   0 394532
21.8  4.8 ./cli kernel images/4096x40   1 394592
  PID User     Command                         Swap      USS      PSS      RSS 
41469 codespace /usr/bin/python3 /usr/bin/s        0    12076    12366    14584 
35165 codespace ./cli kernel images/4096x40        0   393320   393371   394572 
35173 codespace ./cli kernel images/4096x40        0   393320   393371   394532 
35169 codespace ./cli kernel images/4096x40        0   393324   393375   394548 
35175 codespace ./cli kernel images/4096x40        0   393324   393377   394592 
35171 codespace ./cli kernel images/4096x40        0   393324   393379   394612 
%CPU %MEM ARGS Wed Sep 30 20:46:09 UTC 2026
 0.0  0.0 grep --color=auto ./cli       0  2340
21.0  4.8 ./cli kernel images/4096x40   0 394572
21.3  4.8 ./cli kernel images/4096x40   0 394612
21.5  4.8 ./cli kernel images/4096x40   0 394548
21.5  4.8 ./cli kernel images/4096x40   0 394532
21.9  4.8 ./cli kernel images/4096x40   1 394592
  PID User     Command                         Swap      USS      PSS      RSS 
41481 codespace /usr/bin/python3 /usr/bin/s        0    12060    12320    14544 
35165 codespace ./cli kernel images/4096x40        0   393320   393371   394572 
35173 codespace ./cli kernel images/4096x40        0   393320   393371   394532 
35169 codespace ./cli kernel images/4096x40        0   393324   393375   394548 
35175 codespace ./cli kernel images/4096x40        0   393324   393377   394592 
35171 codespace ./cli kernel images/4096x40        0   393324   393379   394612 
%CPU %MEM ARGS Wed Sep 30 20:46:10 UTC 2026
 0.0  0.0 grep --color=auto ./cli       0  2344
21.0  4.8 ./cli kernel images/4096x40   0 394572
21.3  4.8 ./cli kernel images/4096x40   0 394612
21.5  4.8 ./cli kernel images/4096x40   0 394548
21.5  4.8 ./cli kernel images/4096x40   0 394532
21.9  4.8 ./cli kernel images/4096x40   0 394592
  PID User     Command                         Swap      USS      PSS      RSS 
41487 codespace /usr/bin/python3 /usr/bin/s        0    12060    12305    14496 
35169 codespace ./cli kernel images/4096x40        0   393324   393370   394548 
35165 codespace ./cli kernel images/4096x40        0   393320   393371   394572 
35173 codespace ./cli kernel images/4096x40        0   393320   393371   394532 
35171 codespace ./cli kernel images/4096x40        0   393324   393373   394612 
35175 codespace ./cli kernel images/4096x40        0   393324   393377   394592 
%CPU %MEM ARGS Wed Sep 30 20:46:11 UTC 2026
 0.0  0.0 grep --color=auto ./cli       0  2296
21.0  4.8 ./cli kernel images/4096x40   1 394572
21.3  4.8 ./cli kernel images/4096x40   0 394612
21.5  4.8 ./cli kernel images/4096x40   0 394548
21.5  4.8 ./cli kernel images/4096x40   0 394532
21.9  4.8 ./cli kernel images/4096x40   0 394592
  PID User     Command                         Swap      USS      PSS      RSS 
41499 codespace /usr/bin/python3 /usr/bin/s        0    12060    12307    14476 
35165 codespace ./cli kernel images/4096x40        0   393320   393371   394572 
35173 codespace ./cli kernel images/4096x40        0   393320   393371   394532 
35169 codespace ./cli kernel images/4096x40        0   393324   393375   394548 
35175 codespace ./cli kernel images/4096x40        0   393324   393377   394592 
35171 codespace ./cli kernel images/4096x40        0   393324   393379   394612 
%CPU %MEM ARGS Wed Sep 30 20:46:13 UTC 2026
 0.0  0.0 grep --color=auto ./cli       0  2184
21.0  4.8 ./cli kernel images/4096x40   1 394572
21.3  4.8 ./cli kernel images/4096x40   0 394612
21.5  4.8 ./cli kernel images/4096x40   0 394548
21.5  4.8 ./cli kernel images/4096x40   0 394532
21.9  4.8 ./cli kernel images/4096x40   0 394592
  PID User     Command                         Swap      USS      PSS      RSS 
41512 codespace /usr/bin/python3 /usr/bin/s        0    12060    12322    14528 
35173 codespace ./cli kernel images/4096x40        0   393320   393371   394532 
35165 codespace ./cli kernel images/4096x40        0   393320   393372   394572 
35169 codespace ./cli kernel images/4096x40        0   393324   393374   394548 
35175 codespace ./cli kernel images/4096x40        0   393324   393377   394592 
35171 codespace ./cli kernel images/4096x40        0   393324   393379   394612 
%CPU %MEM ARGS Wed Sep 30 20:46:14 UTC 2026
 0.0  0.0 grep --color=auto ./cli       0  2172
21.0  4.8 ./cli kernel images/4096x40   0 394572
21.3  4.8 ./cli kernel images/4096x40   0 394612
21.5  4.8 ./cli kernel images/4096x40   0 394548
21.5  4.8 ./cli kernel images/4096x40   1 394532
21.8  4.8 ./cli kernel images/4096x40   0 394592
  PID User     Command                         Swap      USS      PSS      RSS 
41524 codespace /usr/bin/python3 /usr/bin/s        0    12060    12317    14476 
35173 codespace ./cli kernel images/4096x40        0   393320   393371   394532 
35165 codespace ./cli kernel images/4096x40        0   393320   393372   394572 
35169 codespace ./cli kernel images/4096x40        0   393324   393375   394548 
35175 codespace ./cli kernel images/4096x40        0   393324   393377   394592 
35171 codespace ./cli kernel images/4096x40        0   393324   393379   394612 
%CPU %MEM ARGS Wed Sep 30 20:46:14 UTC 2026
 0.0  0.0 grep --color=auto ./cli       0  2180
21.0  4.8 ./cli kernel images/4096x40   1 394572
21.2  4.8 ./cli kernel images/4096x40   0 394612
21.5  4.8 ./cli kernel images/4096x40   0 394548
21.5  4.8 ./cli kernel images/4096x40   0 394532
21.8  4.8 ./cli kernel images/4096x40   1 394592
  PID User     Command                         Swap      USS      PSS      RSS 
41529 codespace /usr/bin/python3 /usr/bin/s        0    12060    12319    14536 
35165 codespace ./cli kernel images/4096x40        0   393320   393371   394572 
35173 codespace ./cli kernel images/4096x40        0   393320   393371   394532 
35169 codespace ./cli kernel images/4096x40        0   393324   393375   394548 
35175 codespace ./cli kernel images/4096x40        0   393324   393377   394592 
35171 codespace ./cli kernel images/4096x40        0   393324   393379   394612 
%CPU %MEM ARGS Wed Sep 30 20:46:15 UTC 2026
 0.0  0.0 grep --color=auto ./cli       0  2164
21.0  4.8 ./cli kernel images/4096x40   0 394572
21.2  4.8 ./cli kernel images/4096x40   0 394612
21.5  4.8 ./cli kernel images/4096x40   0 394548
21.5  4.8 ./cli kernel images/4096x40   1 394532
21.9  4.8 ./cli kernel images/4096x40   0 394592
  PID User     Command                         Swap      USS      PSS      RSS 
41535 codespace /usr/bin/python3 /usr/bin/s        0    12056    12340    14616 
35165 codespace ./cli kernel images/4096x40        0   393320   393371   394572 
35173 codespace ./cli kernel images/4096x40        0   393320   393371   394532 
35169 codespace ./cli kernel images/4096x40        0   393324   393375   394548 
35175 codespace ./cli kernel images/4096x40        0   393324   393377   394592 
35171 codespace ./cli kernel images/4096x40        0   393324   393379   394612 
%CPU %MEM ARGS Wed Sep 30 20:46:16 UTC 2026
 0.0  0.0 grep --color=auto ./cli       0  2156
21.0  4.8 ./cli kernel images/4096x40   0 394572
21.2  4.8 ./cli kernel images/4096x40   0 394612
21.5  4.8 ./cli kernel images/4096x40   0 394548
21.5  4.8 ./cli kernel images/4096x40   1 394532
21.8  4.8 ./cli kernel images/4096x40   0 394592
  PID User     Command                         Swap      USS      PSS      RSS 
41547 codespace /usr/bin/python3 /usr/bin/s        0    12056    12338    14584 
35165 codespace ./cli kernel images/4096x40        0   393320   393371   394572 
35173 codespace ./cli kernel images/4096x40        0   393320   393371   394532 
35169 codespace ./cli kernel images/4096x40        0   393324   393375   394548 
35175 codespace ./cli kernel images/4096x40        0   393324   393377   394592 
35171 codespace ./cli kernel images/4096x40        0   393324   393379   394612 
%CPU %MEM ARGS Wed Sep 30 20:46:17 UTC 2026
 0.0  0.0 grep --color=auto ./cli       0  2248
21.0  4.8 ./cli kernel images/4096x40   0 394572
21.2  4.8 ./cli kernel images/4096x40   1 394612
21.5  4.8 ./cli kernel images/4096x40   0 394548
21.5  4.8 ./cli kernel images/4096x40   0 394532
21.8  4.8 ./cli kernel images/4096x40   0 394592
  PID User     Command                         Swap      USS      PSS      RSS 
41559 codespace /usr/bin/python3 /usr/bin/s        0    12056    12317    14524 
35169 codespace ./cli kernel images/4096x40        0   393324   393369   394548 
35173 codespace ./cli kernel images/4096x40        0   393320   393371   394532 
35165 codespace ./cli kernel images/4096x40        0   393320   393372   394572 
35175 codespace ./cli kernel images/4096x40        0   393324   393377   394592 
35171 codespace ./cli kernel images/4096x40        0   393324   393380   394612 
%CPU %MEM ARGS Wed Sep 30 20:46:18 UTC 2026
 0.0  0.0 grep --color=auto ./cli       0  2252
21.0  4.8 ./cli kernel images/4096x40   0 394572
21.2  4.8 ./cli kernel images/4096x40   0 394612
21.4  4.8 ./cli kernel images/4096x40   1 394548
21.5  4.8 ./cli kernel images/4096x40   0 394532
21.8  4.8 ./cli kernel images/4096x40   0 394592
  PID User     Command                         Swap      USS      PSS      RSS 
41583 codespace /usr/bin/python3 /usr/bin/s        0    12056    12312    14540 
35165 codespace ./cli kernel images/4096x40        0   393320   393371   394572 
35173 codespace ./cli kernel images/4096x40        0   393320   393371   394532 
35169 codespace ./cli kernel images/4096x40        0   393324   393375   394548 
35175 codespace ./cli kernel images/4096x40        0   393324   393377   394592 
35171 codespace ./cli kernel images/4096x40        0   393324   393379   394612 
%CPU %MEM ARGS Wed Sep 30 20:46:20 UTC 2026
 0.0  0.0 grep --color=auto ./cli       0  2248
21.0  4.8 ./cli kernel images/4096x40   1 394572
21.2  4.8 ./cli kernel images/4096x40   1 394612
21.4  4.8 ./cli kernel images/4096x40   0 394548
21.5  4.8 ./cli kernel images/4096x40   0 394532
21.8  4.8 ./cli kernel images/4096x40   0 394592
  PID User     Command                         Swap      USS      PSS      RSS 
41594 codespace /usr/bin/python3 /usr/bin/s        0    12056    12307    14472 
35165 codespace ./cli kernel images/4096x40        0   393320   393371   394572 
35173 codespace ./cli kernel images/4096x40        0   393320   393371   394532 
35169 codespace ./cli kernel images/4096x40        0   393324   393375   394548 
35171 codespace ./cli kernel images/4096x40        0   393324   393375   394612 
35175 codespace ./cli kernel images/4096x40        0   393324   393377   394592 
%CPU %MEM ARGS Wed Sep 30 20:46:21 UTC 2026
 0.0  0.0 grep --color=auto ./cli       0  2176
21.0  4.8 ./cli kernel images/4096x40   1 394572
21.2  4.8 ./cli kernel images/4096x40   1 394612
21.4  4.8 ./cli kernel images/4096x40   1 394548
21.5  4.8 ./cli kernel images/4096x40   1 394532
21.8  4.8 ./cli kernel images/4096x40   1 394592
  PID User     Command                         Swap      USS      PSS      RSS 
41607 codespace /usr/bin/python3 /usr/bin/s        0    12060    12318    14476 
35173 codespace ./cli kernel images/4096x40        0   393320   393371   394532 
35165 codespace ./cli kernel images/4096x40        0   393320   393372   394572 
35169 codespace ./cli kernel images/4096x40        0   393324   393375   394548 
35175 codespace ./cli kernel images/4096x40        0   393324   393377   394592 
35171 codespace ./cli kernel images/4096x40        0   393324   393379   394612 
%CPU %MEM ARGS Wed Sep 30 20:46:22 UTC 2026
 0.0  0.0 grep --color=auto ./cli       1  2156
21.0  4.8 ./cli kernel images/4096x40   1 394572
21.2  4.8 ./cli kernel images/4096x40   0 394612
21.4  4.8 ./cli kernel images/4096x40   1 394548
21.5  4.8 ./cli kernel images/4096x40   1 394532
21.8  4.8 ./cli kernel images/4096x40   1 394592
  PID User     Command                         Swap      USS      PSS      RSS 
41613 codespace /usr/bin/python3 /usr/bin/s        0    12048    12259    14416 
35165 codespace ./cli kernel images/4096x40        0   393320   393366   394572 
35173 codespace ./cli kernel images/4096x40        0   393320   393373   394532 
35169 codespace ./cli kernel images/4096x40        0   393324   393375   394548 
35175 codespace ./cli kernel images/4096x40        0   393324   393375   394592 
35171 codespace ./cli kernel images/4096x40        0   393324   393379   394612 
%CPU %MEM ARGS Wed Sep 30 20:46:23 UTC 2026
 0.0  0.0 grep --color=auto ./cli       0  2160
20.9  4.8 ./cli kernel images/4096x40   0 394572
21.2  4.8 ./cli kernel images/4096x40   0 394612
21.4  4.8 ./cli kernel images/4096x40   1 394548
21.5  4.8 ./cli kernel images/4096x40   0 394532
21.8  4.8 ./cli kernel images/4096x40   0 394592
  PID User     Command                         Swap      USS      PSS      RSS 
41631 codespace /usr/bin/python3 /usr/bin/s        0    12056    12313    14540 
35165 codespace ./cli kernel images/4096x40        0   393320   393371   394572 
35173 codespace ./cli kernel images/4096x40        0   393320   393371   394532 
35169 codespace ./cli kernel images/4096x40        0   393324   393375   394548 
35175 codespace ./cli kernel images/4096x40        0   393324   393377   394592 
35171 codespace ./cli kernel images/4096x40        0   393324   393379   394612 
%CPU %MEM ARGS Wed Sep 30 20:46:24 UTC 2026
 0.0  0.0 grep --color=auto ./cli       1  2212
20.9  4.8 ./cli kernel images/4096x40   0 394572
21.2  4.8 ./cli kernel images/4096x40   0 394612
21.4  4.8 ./cli kernel images/4096x40   0 394548
21.4  4.8 ./cli kernel images/4096x40   0 394532
21.8  4.8 ./cli kernel images/4096x40   1 394592
  PID User     Command                         Swap      USS      PSS      RSS 
41637 codespace /usr/bin/python3 /usr/bin/s        0    12056    12314    14540 
35165 codespace ./cli kernel images/4096x40        0   393320   393371   394572 
35173 codespace ./cli kernel images/4096x40        0   393320   393371   394532 
35171 codespace ./cli kernel images/4096x40        0   393324   393373   394612 
35169 codespace ./cli kernel images/4096x40        0   393324   393375   394548 
35175 codespace ./cli kernel images/4096x40        0   393324   393377   394592 
%CPU %MEM ARGS Wed Sep 30 20:46:25 UTC 2026
 0.0  0.0 grep --color=auto ./cli       0  2180
20.9  4.8 ./cli kernel images/4096x40   0 394572
21.2  4.8 ./cli kernel images/4096x40   1 394612
21.4  4.8 ./cli kernel images/4096x40   0 394548
21.5  4.8 ./cli kernel images/4096x40   0 394532
21.8  4.8 ./cli kernel images/4096x40   0 394592
  PID User     Command                         Swap      USS      PSS      RSS 
41649 codespace /usr/bin/python3 /usr/bin/s        0    12056    12304    14472 
35165 codespace ./cli kernel images/4096x40        0   393320   393371   394572 
35173 codespace ./cli kernel images/4096x40        0   393320   393371   394532 
35169 codespace ./cli kernel images/4096x40        0   393324   393375   394548 
35175 codespace ./cli kernel images/4096x40        0   393324   393377   394592 
35171 codespace ./cli kernel images/4096x40        0   393324   393379   394612 
%CPU %MEM ARGS Wed Sep 30 20:46:27 UTC 2026
 0.0  0.0 grep --color=auto ./cli       0  2208
20.9  4.8 ./cli kernel images/4096x40   0 394572
21.2  4.8 ./cli kernel images/4096x40   0 394612
21.4  4.8 ./cli kernel images/4096x40   1 394548
21.4  4.8 ./cli kernel images/4096x40   0 394532
21.8  4.8 ./cli kernel images/4096x40   0 394592
  PID User     Command                         Swap      USS      PSS      RSS 
41655 codespace /usr/bin/python3 /usr/bin/s        0    12052    12292    14416 
35165 codespace ./cli kernel images/4096x40        0   393320   393371   394572 
35173 codespace ./cli kernel images/4096x40        0   393320   393371   394532 
35169 codespace ./cli kernel images/4096x40        0   393324   393375   394548 
35175 codespace ./cli kernel images/4096x40        0   393324   393375   394592 
35171 codespace ./cli kernel images/4096x40        0   393324   393379   394612 
%CPU %MEM ARGS Wed Sep 30 20:46:27 UTC 2026
 0.0  0.0 grep --color=auto ./cli       0  2292
20.9  4.8 ./cli kernel images/4096x40   0 394572
21.2  4.8 ./cli kernel images/4096x40   1 394612
21.4  4.8 ./cli kernel images/4096x40   0 394548
21.4  4.8 ./cli kernel images/4096x40   0 394532
21.8  4.8 ./cli kernel images/4096x40   0 394592
  PID User     Command                         Swap      USS      PSS      RSS 
41667 codespace /usr/bin/python3 /usr/bin/s        0    12052    12313    14520 
35165 codespace ./cli kernel images/4096x40        0   393320   393371   394572 
35173 codespace ./cli kernel images/4096x40        0   393320   393371   394532 
35169 codespace ./cli kernel images/4096x40        0   393324   393375   394548 
35175 codespace ./cli kernel images/4096x40        0   393324   393377   394592 
35171 codespace ./cli kernel images/4096x40        0   393324   393379   394612 
%CPU %MEM ARGS Wed Sep 30 20:46:28 UTC 2026
 0.0  0.0 grep --color=auto ./cli       0  2200
20.9  4.8 ./cli kernel images/4096x40   0 394572
21.2  4.8 ./cli kernel images/4096x40   0 394612
21.4  4.8 ./cli kernel images/4096x40   0 394548
21.4  4.8 ./cli kernel images/4096x40   1 394532
21.8  4.8 ./cli kernel images/4096x40   0 394592
  PID User     Command                         Swap      USS      PSS      RSS 
41673 codespace /usr/bin/python3 /usr/bin/s        0    12060    12322    14512 
35165 codespace ./cli kernel images/4096x40        0   393320   393370   394572 
35173 codespace ./cli kernel images/4096x40        0   393320   393371   394532 
35169 codespace ./cli kernel images/4096x40        0   393324   393373   394548 
35175 codespace ./cli kernel images/4096x40        0   393324   393377   394592 
35171 codespace ./cli kernel images/4096x40        0   393324   393378   394612 
%CPU %MEM ARGS Wed Sep 30 20:46:29 UTC 2026
 0.0  0.0 grep --color=auto ./cli       1  2172
20.9  4.8 ./cli kernel images/4096x40   0 394572
21.2  4.8 ./cli kernel images/4096x40   1 394612
21.4  4.8 ./cli kernel images/4096x40   1 394548
21.5  4.8 ./cli kernel images/4096x40   1 394532
21.7  4.8 ./cli kernel images/4096x40   0 394592
  PID User     Command                         Swap      USS      PSS      RSS 
41702 codespace /usr/bin/python3 /usr/bin/s        0    12060    12312    14476 
35165 codespace ./cli kernel images/4096x40        0   393320   393371   394572 
35173 codespace ./cli kernel images/4096x40        0   393320   393371   394532 
35169 codespace ./cli kernel images/4096x40        0   393324   393375   394548 
35175 codespace ./cli kernel images/4096x40        0   393324   393377   394592 
35171 codespace ./cli kernel images/4096x40        0   393324   393379   394612 
%CPU %MEM ARGS Wed Sep 30 20:46:30 UTC 2026
 0.0  0.0 grep --color=auto ./cli       1  2176
20.9  4.8 ./cli kernel images/4096x40   1 394572
21.2  4.8 ./cli kernel images/4096x40   1 394612
21.4  4.8 ./cli kernel images/4096x40   1 394548
21.5  4.8 ./cli kernel images/4096x40   1 394532
21.7  4.8 ./cli kernel images/4096x40   0 394592
  PID User     Command                         Swap      USS      PSS      RSS 
41714 codespace /usr/bin/python3 /usr/bin/s        0    12064    12338    14512 
35165 codespace ./cli kernel images/4096x40        0   393320   393371   394572 
35173 codespace ./cli kernel images/4096x40        0   393320   393371   394532 
35169 codespace ./cli kernel images/4096x40        0   393324   393375   394548 
35175 codespace ./cli kernel images/4096x40        0   393324   393377   394592 
35171 codespace ./cli kernel images/4096x40        0   393324   393379   394612 
%CPU %MEM ARGS Wed Sep 30 20:46:31 UTC 2026
 0.0  0.0 grep --color=auto ./cli       1  2192
20.9  4.8 ./cli kernel images/4096x40   1 394572
21.2  4.8 ./cli kernel images/4096x40   0 394612
21.3  4.8 ./cli kernel images/4096x40   1 394548
21.4  4.8 ./cli kernel images/4096x40   0 394532
21.8  4.8 ./cli kernel images/4096x40   1 394592
  PID User     Command                         Swap      USS      PSS      RSS 
41720 codespace /usr/bin/python3 /usr/bin/s        0    12060    12330    14508 
35165 codespace ./cli kernel images/4096x40        0   393320   393371   394572 
35173 codespace ./cli kernel images/4096x40        0   393320   393371   394532 
35169 codespace ./cli kernel images/4096x40        0   393324   393375   394548 
35175 codespace ./cli kernel images/4096x40        0   393324   393377   394592 
35171 codespace ./cli kernel images/4096x40        0   393324   393379   394612 
%CPU %MEM ARGS Wed Sep 30 20:46:32 UTC 2026
 0.0  0.0 grep --color=auto ./cli       1  2208
20.9  4.8 ./cli kernel images/4096x40   1 394572
21.2  4.8 ./cli kernel images/4096x40   0 394612
21.3  4.8 ./cli kernel images/4096x40   1 394548
21.4  4.8 ./cli kernel images/4096x40   1 394532
21.8  4.8 ./cli kernel images/4096x40   1 394592
  PID User     Command                         Swap      USS      PSS      RSS 
41732 codespace /usr/bin/python3 /usr/bin/s        0    12052    12298    14468 
35165 codespace ./cli kernel images/4096x40        0   393320   393371   394572 
35173 codespace ./cli kernel images/4096x40        0   393320   393371   394532 
35169 codespace ./cli kernel images/4096x40        0   393324   393375   394548 
35175 codespace ./cli kernel images/4096x40        0   393324   393377   394592 
35171 codespace ./cli kernel images/4096x40        0   393324   393379   394612 
%CPU %MEM ARGS Wed Sep 30 20:46:34 UTC 2026
 0.0  0.0 grep --color=auto ./cli       0  2152
20.9  4.8 ./cli kernel images/4096x40   1 394572
21.3  4.8 ./cli kernel images/4096x40   0 394612
21.3  4.8 ./cli kernel images/4096x40   1 394548
21.4  4.8 ./cli kernel images/4096x40   1 394532
21.7  4.8 ./cli kernel images/4096x40   1 394592
  PID User     Command                         Swap      USS      PSS      RSS 
41738 codespace /usr/bin/python3 /usr/bin/s        0    12080    12371    14588 
35165 codespace ./cli kernel images/4096x40        0   393320   393365   394572 
35173 codespace ./cli kernel images/4096x40        0   393320   393371   394532 
35169 codespace ./cli kernel images/4096x40        0   393324   393374   394548 
35175 codespace ./cli kernel images/4096x40        0   393324   393377   394592 
35171 codespace ./cli kernel images/4096x40        0   393324   393379   394612 
%CPU %MEM ARGS Wed Sep 30 20:46:35 UTC 2026
 0.0  0.0 grep --color=auto ./cli       1  2096
20.9  4.8 ./cli kernel images/4096x40   1 394572
21.3  4.8 ./cli kernel images/4096x40   1 394612
21.3  4.8 ./cli kernel images/4096x40   1 394548
21.4  4.8 ./cli kernel images/4096x40   1 394532
21.7  4.8 ./cli kernel images/4096x40   1 394592
  PID User     Command                         Swap      USS      PSS      RSS 
41756 codespace /usr/bin/python3 /usr/bin/s        0    12048    12311    14516 
35173 codespace ./cli kernel images/4096x40        0   393320   393371   394532 
35165 codespace ./cli kernel images/4096x40        0   393320   393372   394572 
35169 codespace ./cli kernel images/4096x40        0   393324   393375   394548 
35175 codespace ./cli kernel images/4096x40        0   393324   393377   394592 
35171 codespace ./cli kernel images/4096x40        0   393324   393379   394612 
%CPU %MEM ARGS Wed Sep 30 20:46:36 UTC 2026
 0.0  0.0 grep --color=auto ./cli       0  2248
20.8  4.8 ./cli kernel images/4096x40   0 394572
21.2  4.8 ./cli kernel images/4096x40   1 394612
21.3  4.8 ./cli kernel images/4096x40   1 394548
21.4  4.8 ./cli kernel images/4096x40   1 394532
21.7  4.8 ./cli kernel images/4096x40   1 394592
  PID User     Command                         Swap      USS      PSS      RSS 
41763 codespace /usr/bin/python3 /usr/bin/s        0    12060    12321    14512 
35173 codespace ./cli kernel images/4096x40        0   393320   393371   394532 
35165 codespace ./cli kernel images/4096x40        0   393320   393372   394572 
35169 codespace ./cli kernel images/4096x40        0   393324   393375   394548 
35175 codespace ./cli kernel images/4096x40        0   393324   393377   394592 
35171 codespace ./cli kernel images/4096x40        0   393324   393380   394612 
%CPU %MEM ARGS Wed Sep 30 20:46:37 UTC 2026
 0.0  0.0 grep --color=auto ./cli       1  2248
20.9  4.8 ./cli kernel images/4096x40   0 394572
21.2  4.8 ./cli kernel images/4096x40   1 394612
21.3  4.8 ./cli kernel images/4096x40   1 394548
21.4  4.8 ./cli kernel images/4096x40   1 394532
21.7  4.8 ./cli kernel images/4096x40   1 394592
  PID User     Command                         Swap      USS      PSS      RSS 
41775 codespace /usr/bin/python3 /usr/bin/s        0    12060    12341    14620 
35165 codespace ./cli kernel images/4096x40        0   393320   393371   394572 
35173 codespace ./cli kernel images/4096x40        0   393320   393371   394532 
35169 codespace ./cli kernel images/4096x40        0   393324   393375   394548 
35175 codespace ./cli kernel images/4096x40        0   393324   393377   394592 
35171 codespace ./cli kernel images/4096x40        0   393324   393379   394612 
%CPU %MEM ARGS Wed Sep 30 20:46:38 UTC 2026
 0.0  0.0 grep --color=auto ./cli       1  2288
20.9  4.8 ./cli kernel images/4096x40   0 394572
21.2  4.8 ./cli kernel images/4096x40   1 394612
21.3  4.8 ./cli kernel images/4096x40   1 394548
21.4  4.8 ./cli kernel images/4096x40   1 394532
21.7  4.8 ./cli kernel images/4096x40   1 394592
  PID User     Command                         Swap      USS      PSS      RSS 
41781 codespace /usr/bin/python3 /usr/bin/s        0    12056    12321    14472 
35165 codespace ./cli kernel images/4096x40        0   393320   393371   394572 
35173 codespace ./cli kernel images/4096x40        0   393320   393371   394532 
35169 codespace ./cli kernel images/4096x40        0   393324   393375   394548 
35175 codespace ./cli kernel images/4096x40        0   393324   393377   394592 
35171 codespace ./cli kernel images/4096x40        0   393324   393379   394612 
%CPU %MEM ARGS Wed Sep 30 20:46:40 UTC 2026
 0.0  0.0 grep --color=auto ./cli       1  2252
20.9  4.8 ./cli kernel images/4096x40   0 394572
21.2  4.8 ./cli kernel images/4096x40   0 394612
21.3  4.8 ./cli kernel images/4096x40   1 394548
21.4  4.8 ./cli kernel images/4096x40   0 394532
21.7  4.8 ./cli kernel images/4096x40   1 394592
  PID User     Command                         Swap      USS      PSS      RSS 
41805 codespace /usr/bin/python3 /usr/bin/s        0    12084    12376    14592 
35165 codespace ./cli kernel images/4096x40        0   393320   393371   394572 
35173 codespace ./cli kernel images/4096x40        0   393320   393371   394532 
35169 codespace ./cli kernel images/4096x40        0   393324   393375   394548 
35175 codespace ./cli kernel images/4096x40        0   393324   393377   394592 
35171 codespace ./cli kernel images/4096x40        0   393324   393379   394612 
%CPU %MEM ARGS Wed Sep 30 20:46:41 UTC 2026
 0.0  0.0 grep --color=auto ./cli       1  2176
20.9  4.8 ./cli kernel images/4096x40   0 394572
21.2  4.8 ./cli kernel images/4096x40   1 394612
21.3  4.8 ./cli kernel images/4096x40   1 394548
21.4  4.8 ./cli kernel images/4096x40   1 394532
21.7  4.8 ./cli kernel images/4096x40   1 394592
  PID User     Command                         Swap      USS      PSS      RSS 
41822 codespace /usr/bin/python3 /usr/bin/s        0    12056    12305    14472 
35173 codespace ./cli kernel images/4096x40        0   393320   393371   394532 
35165 codespace ./cli kernel images/4096x40        0   393320   393372   394572 
35169 codespace ./cli kernel images/4096x40        0   393324   393375   394548 
35175 codespace ./cli kernel images/4096x40        0   393324   393377   394592 
35171 codespace ./cli kernel images/4096x40        0   393324   393379   394612 
%CPU %MEM ARGS Wed Sep 30 20:46:42 UTC 2026
 0.0  0.0 grep --color=auto ./cli       0  2340
20.9  4.8 ./cli kernel images/4096x40   0 394572
21.2  4.8 ./cli kernel images/4096x40   1 394612
21.3  4.8 ./cli kernel images/4096x40   0 394548
21.4  4.8 ./cli kernel images/4096x40   0 394532
21.7  4.8 ./cli kernel images/4096x40   0 394592
  PID User     Command                         Swap      USS      PSS      RSS 
41835 codespace /usr/bin/python3 /usr/bin/s        0    12060    12310    14476 
35165 codespace ./cli kernel images/4096x40        0   393320   393371   394572 
35173 codespace ./cli kernel images/4096x40        0   393320   393371   394532 
35169 codespace ./cli kernel images/4096x40        0   393324   393375   394548 
35175 codespace ./cli kernel images/4096x40        0   393324   393376   394592 
35171 codespace ./cli kernel images/4096x40        0   393324   393379   394612 
%CPU %MEM ARGS Wed Sep 30 20:46:43 UTC 2026
 0.0  0.0 grep --color=auto ./cli       1  2156
20.9  4.8 ./cli kernel images/4096x40   0 394572
21.2  4.8 ./cli kernel images/4096x40   1 394612
21.3  4.8 ./cli kernel images/4096x40   0 394548
21.3  4.8 ./cli kernel images/4096x40   0 394532
21.7  4.8 ./cli kernel images/4096x40   0 394592
  PID User     Command                         Swap      USS      PSS      RSS 
41841 codespace /usr/bin/python3 /usr/bin/s        0    12072    12346    14520 
35173 codespace ./cli kernel images/4096x40        0   393320   393371   394532 
35165 codespace ./cli kernel images/4096x40        0   393320   393372   394572 
35169 codespace ./cli kernel images/4096x40        0   393324   393375   394548 
35175 codespace ./cli kernel images/4096x40        0   393324   393377   394592 
35171 codespace ./cli kernel images/4096x40        0   393324   393379   394612 
%CPU %MEM ARGS Wed Sep 30 20:46:44 UTC 2026
 0.0  0.0 grep --color=auto ./cli       0  2300
20.9  4.8 ./cli kernel images/4096x40   0 394572
21.3  4.8 ./cli kernel images/4096x40   0 394548
21.3  4.8 ./cli kernel images/4096x40   1 394612
21.3  4.8 ./cli kernel images/4096x40   0 394532
21.6  4.8 ./cli kernel images/4096x40   0 394592
  PID User     Command                         Swap      USS      PSS      RSS 
41853 codespace /usr/bin/python3 /usr/bin/s        0    12056    12338    14584 
35165 codespace ./cli kernel images/4096x40        0   393320   393371   394572 
35173 codespace ./cli kernel images/4096x40        0   393320   393371   394532 
35169 codespace ./cli kernel images/4096x40        0   393324   393375   394548 
35175 codespace ./cli kernel images/4096x40        0   393324   393377   394592 
35171 codespace ./cli kernel images/4096x40        0   393324   393379   394612 
%CPU %MEM ARGS Wed Sep 30 20:46:45 UTC 2026
 0.0  0.0 grep --color=auto ./cli       1  2184
20.9  4.8 ./cli kernel images/4096x40   1 394572
21.2  4.8 ./cli kernel images/4096x40   0 394548
21.3  4.8 ./cli kernel images/4096x40   0 394612
21.3  4.8 ./cli kernel images/4096x40   0 394532
21.6  4.8 ./cli kernel images/4096x40   0 394592
  PID User     Command                         Swap      USS      PSS      RSS 
41858 codespace /usr/bin/python3 /usr/bin/s        0    12056    12274    14476 
35173 codespace ./cli kernel images/4096x40        0   393320   393370   394532 
35165 codespace ./cli kernel images/4096x40        0   393320   393371   394572 
35169 codespace ./cli kernel images/4096x40        0   393324   393375   394548 
35175 codespace ./cli kernel images/4096x40        0   393324   393375   394592 
35171 codespace ./cli kernel images/4096x40        0   393324   393379   394612 
%CPU %MEM ARGS Wed Sep 30 20:46:46 UTC 2026
 0.0  0.0 grep --color=auto ./cli       1  2192
20.9  4.8 ./cli kernel images/4096x40   0 394572
21.2  4.8 ./cli kernel images/4096x40   1 394548
21.3  4.8 ./cli kernel images/4096x40   1 394612
21.3  4.8 ./cli kernel images/4096x40   1 394532
21.6  4.8 ./cli kernel images/4096x40   1 394592
  PID User     Command                         Swap      USS      PSS      RSS 
41870 codespace /usr/bin/python3 /usr/bin/s        0    12048    12328    14580 
35173 codespace ./cli kernel images/4096x40        0   393320   393371   394532 
35165 codespace ./cli kernel images/4096x40        0   393320   393372   394572 
35169 codespace ./cli kernel images/4096x40        0   393324   393375   394548 
35175 codespace ./cli kernel images/4096x40        0   393324   393377   394592 
35171 codespace ./cli kernel images/4096x40        0   393324   393379   394612 
%CPU %MEM ARGS Wed Sep 30 20:46:47 UTC 2026
 0.0  0.0 grep --color=auto ./cli       0  2248
20.9  4.8 ./cli kernel images/4096x40   0 394572
21.2  4.8 ./cli kernel images/4096x40   0 394548
21.2  4.8 ./cli kernel images/4096x40   0 394612
21.3  4.8 ./cli kernel images/4096x40   1 394532
21.6  4.8 ./cli kernel images/4096x40   0 394592
  PID User     Command                         Swap      USS      PSS      RSS 
41882 codespace /usr/bin/python3 /usr/bin/s        0    12052    12300    14468 
35165 codespace ./cli kernel images/4096x40        0   393320   393371   394572 
35173 codespace ./cli kernel images/4096x40        0   393320   393371   394532 
35169 codespace ./cli kernel images/4096x40        0   393324   393375   394548 
35175 codespace ./cli kernel images/4096x40        0   393324   393377   394592 
35171 codespace ./cli kernel images/4096x40        0   393324   393379   394612 
%CPU %MEM ARGS Wed Sep 30 20:46:48 UTC 2026
 0.0  0.0 grep --color=auto ./cli       0  2248
20.9  4.8 ./cli kernel images/4096x40   1 394572
21.2  4.8 ./cli kernel images/4096x40   0 394548
21.2  4.8 ./cli kernel images/4096x40   0 394612
21.3  4.8 ./cli kernel images/4096x40   0 394532
21.6  4.8 ./cli kernel images/4096x40   0 394592
  PID User     Command                         Swap      USS      PSS      RSS 
41888 codespace /usr/bin/python3 /usr/bin/s        0    12076    12364    14584 
35165 codespace ./cli kernel images/4096x40        0   393320   393371   394572 
35173 codespace ./cli kernel images/4096x40        0   393320   393371   394532 
35169 codespace ./cli kernel images/4096x40        0   393324   393375   394548 
35175 codespace ./cli kernel images/4096x40        0   393324   393377   394592 
35171 codespace ./cli kernel images/4096x40        0   393324   393379   394612 
%CPU %MEM ARGS Wed Sep 30 20:46:49 UTC 2026
 0.0  0.0 grep --color=auto ./cli       0  2172
20.9  4.8 ./cli kernel images/4096x40   1 394572
21.2  4.8 ./cli kernel images/4096x40   0 394548
21.2  4.8 ./cli kernel images/4096x40   0 394612
21.3  4.8 ./cli kernel images/4096x40   0 394532
21.6  4.8 ./cli kernel images/4096x40   0 394592
  PID User     Command                         Swap      USS      PSS      RSS 
41900 codespace /usr/bin/python3 /usr/bin/s        0    12060    12319    14512 
35173 codespace ./cli kernel images/4096x40        0   393320   393371   394532 
35165 codespace ./cli kernel images/4096x40        0   393320   393372   394572 
35169 codespace ./cli kernel images/4096x40        0   393324   393375   394548 
35175 codespace ./cli kernel images/4096x40        0   393324   393377   394592 
35171 codespace ./cli kernel images/4096x40        0   393324   393379   394612 
%CPU %MEM ARGS Wed Sep 30 20:46:50 UTC 2026
 0.0  0.0 grep --color=auto ./cli       0  2156
21.0  4.8 ./cli kernel images/4096x40   1 394572
21.2  4.8 ./cli kernel images/4096x40   1 394548
21.2  4.8 ./cli kernel images/4096x40   1 394612
21.3  4.8 ./cli kernel images/4096x40   0 394532
21.6  4.8 ./cli kernel images/4096x40   1 394592
  PID User     Command                         Swap      USS      PSS      RSS 
41919 codespace /usr/bin/python3 /usr/bin/s        0    12056    12268    14452 
35173 codespace ./cli kernel images/4096x40        0   393320   393370   394532 
35165 codespace ./cli kernel images/4096x40        0   393320   393371   394572 
35169 codespace ./cli kernel images/4096x40        0   393324   393375   394548 
35175 codespace ./cli kernel images/4096x40        0   393324   393375   394592 
35171 codespace ./cli kernel images/4096x40        0   393324   393379   394612 
%CPU %MEM ARGS Wed Sep 30 20:46:51 UTC 2026
 0.0  0.0 grep --color=auto ./cli       1  2296
20.9  4.8 ./cli kernel images/4096x40   1 394572
21.2  4.8 ./cli kernel images/4096x40   1 394548
21.2  4.8 ./cli kernel images/4096x40   1 394612
21.3  4.8 ./cli kernel images/4096x40   0 394532
21.6  4.8 ./cli kernel images/4096x40   1 394592
  PID User     Command                         Swap      USS      PSS      RSS 
41943 codespace /usr/bin/python3 /usr/bin/s        0    12056    12326    14472 
35165 codespace ./cli kernel images/4096x40        0   393320   393371   394572 
35173 codespace ./cli kernel images/4096x40        0   393320   393371   394532 
35169 codespace ./cli kernel images/4096x40        0   393324   393375   394548 
35175 codespace ./cli kernel images/4096x40        0   393324   393377   394592 
35171 codespace ./cli kernel images/4096x40        0   393324   393379   394612 
%CPU %MEM ARGS Wed Sep 30 20:46:53 UTC 2026
 0.0  0.0 grep --color=auto ./cli       0  2300
20.9  4.8 ./cli kernel images/4096x40   1 394572
21.2  4.8 ./cli kernel images/4096x40   1 394548
21.2  4.8 ./cli kernel images/4096x40   1 394612
21.3  4.8 ./cli kernel images/4096x40   0 394532
21.6  4.8 ./cli kernel images/4096x40   1 394592
  PID User     Command                         Swap      USS      PSS      RSS 
41949 codespace /usr/bin/python3 /usr/bin/s        0    12060    12317    14476 
35173 codespace ./cli kernel images/4096x40        0   393320   393371   394532 
35165 codespace ./cli kernel images/4096x40        0   393320   393372   394572 
35169 codespace ./cli kernel images/4096x40        0   393324   393375   394548 
35175 codespace ./cli kernel images/4096x40        0   393324   393377   394592 
35171 codespace ./cli kernel images/4096x40        0   393324   393379   394612 
%CPU %MEM ARGS Wed Sep 30 20:46:54 UTC 2026
 0.0  0.0 grep --color=auto ./cli       1  2168
20.9  4.8 ./cli kernel images/4096x40   1 394572
21.2  4.8 ./cli kernel images/4096x40   1 394548
21.2  4.8 ./cli kernel images/4096x40   1 394612
21.3  4.8 ./cli kernel images/4096x40   0 394532
21.6  4.8 ./cli kernel images/4096x40   1 394592
  PID User     Command                         Swap      USS      PSS      RSS 
41961 codespace /usr/bin/python3 /usr/bin/s        0    12092    12371    14540 
35165 codespace ./cli kernel images/4096x40        0   393320   393371   394572 
35173 codespace ./cli kernel images/4096x40        0   393320   393371   394532 
35169 codespace ./cli kernel images/4096x40        0   393324   393375   394548 
35175 codespace ./cli kernel images/4096x40        0   393324   393376   394592 
35171 codespace ./cli kernel images/4096x40        0   393324   393379   394612 
%CPU %MEM ARGS Wed Sep 30 20:46:55 UTC 2026
 0.0  0.0 grep --color=auto ./cli       1  2176
20.9  4.8 ./cli kernel images/4096x40   1 394572
21.2  4.8 ./cli kernel images/4096x40   1 394612
21.2  4.8 ./cli kernel images/4096x40   1 394548
21.3  4.8 ./cli kernel images/4096x40   1 394532
21.5  4.8 ./cli kernel images/4096x40   0 394592
  PID User     Command                         Swap      USS      PSS      RSS 
41967 codespace /usr/bin/python3 /usr/bin/s        0    12056    12307    14472 
35165 codespace ./cli kernel images/4096x40        0   393320   393371   394572 
35173 codespace ./cli kernel images/4096x40        0   393320   393371   394532 
35169 codespace ./cli kernel images/4096x40        0   393324   393375   394548 
35175 codespace ./cli kernel images/4096x40        0   393324   393377   394592 
35171 codespace ./cli kernel images/4096x40        0   393324   393379   394612 
%CPU %MEM ARGS Wed Sep 30 20:46:56 UTC 2026
 0.0  0.0 grep --color=auto ./cli       0  2248
20.9  4.8 ./cli kernel images/4096x40   1 394572
21.2  4.8 ./cli kernel images/4096x40   1 394612
21.2  4.8 ./cli kernel images/4096x40   1 394548
21.3  4.8 ./cli kernel images/4096x40   1 394532
21.5  4.8 ./cli kernel images/4096x40   1 394592
  PID User     Command                         Swap      USS      PSS      RSS 
41980 codespace /usr/bin/python3 /usr/bin/s        0    12056    12287    14512 
35173 codespace ./cli kernel images/4096x40        0   393320   393370   394532 
35165 codespace ./cli kernel images/4096x40        0   393320   393372   394572 
35169 codespace ./cli kernel images/4096x40        0   393324   393375   394548 
35175 codespace ./cli kernel images/4096x40        0   393324   393375   394592 
35171 codespace ./cli kernel images/4096x40        0   393324   393378   394612 
%CPU %MEM ARGS Wed Sep 30 20:46:57 UTC 2026
 0.0  0.0 grep --color=auto ./cli       0  2304
20.9  4.8 ./cli kernel images/4096x40   1 394572
21.2  4.8 ./cli kernel images/4096x40   0 394612
21.2  4.8 ./cli kernel images/4096x40   1 394548
21.3  4.8 ./cli kernel images/4096x40   0 394532
21.5  4.8 ./cli kernel images/4096x40   1 394592
  PID User     Command                         Swap      USS      PSS      RSS 
41992 codespace /usr/bin/python3 /usr/bin/s        0    12060    12308    14476 
35165 codespace ./cli kernel images/4096x40        0   393320   393371   394572 
35173 codespace ./cli kernel images/4096x40        0   393320   393371   394532 
35169 codespace ./cli kernel images/4096x40        0   393324   393375   394548 
35175 codespace ./cli kernel images/4096x40        0   393324   393377   394592 
35171 codespace ./cli kernel images/4096x40        0   393324   393379   394612 
%CPU %MEM ARGS Wed Sep 30 20:46:58 UTC 2026
 0.0  0.0 grep --color=auto ./cli       1  2296
20.9  4.8 ./cli kernel images/4096x40   0 394572
21.2  4.8 ./cli kernel images/4096x40   1 394612
21.2  4.8 ./cli kernel images/4096x40   1 394548
21.3  4.8 ./cli kernel images/4096x40   1 394532
21.5  4.8 ./cli kernel images/4096x40   1 394592
  PID User     Command                         Swap      USS      PSS      RSS 
42004 codespace /usr/bin/python3 /usr/bin/s        0    12056    12317    14508 
35173 codespace ./cli kernel images/4096x40        0   393320   393371   394532 
35165 codespace ./cli kernel images/4096x40        0   393320   393372   394572 
35169 codespace ./cli kernel images/4096x40        0   393324   393375   394548 
35175 codespace ./cli kernel images/4096x40        0   393324   393377   394592 
35171 codespace ./cli kernel images/4096x40        0   393324   393379   394612 
%CPU %MEM ARGS Wed Sep 30 20:47:00 UTC 2026
 0.0  0.0 grep --color=auto ./cli       1  2192
20.9  4.8 ./cli kernel images/4096x40   1 394572
21.2  4.8 ./cli kernel images/4096x40   1 394612
21.2  4.8 ./cli kernel images/4096x40   0 394548
21.3  4.8 ./cli kernel images/4096x40   1 394532
21.5  4.8 ./cli kernel images/4096x40   1 394592
  PID User     Command                         Swap      USS      PSS      RSS 
42010 codespace /usr/bin/python3 /usr/bin/s        0    12064    12334    14512 
35165 codespace ./cli kernel images/4096x40        0   393320   393371   394572 
35173 codespace ./cli kernel images/4096x40        0   393320   393371   394532 
35169 codespace ./cli kernel images/4096x40        0   393324   393375   394548 
35175 codespace ./cli kernel images/4096x40        0   393324   393377   394592 
35171 codespace ./cli kernel images/4096x40        0   393324   393379   394612 
%CPU %MEM ARGS Wed Sep 30 20:47:01 UTC 2026
 0.0  0.0 grep --color=auto ./cli       0  2180
20.9  4.8 ./cli kernel images/4096x40   1 394572
21.2  4.8 ./cli kernel images/4096x40   0 394612
21.2  4.8 ./cli kernel images/4096x40   0 394548
21.3  4.8 ./cli kernel images/4096x40   1 394532
21.5  4.8 ./cli kernel images/4096x40   1 394592
  PID User     Command                         Swap      USS      PSS      RSS 
42034 codespace /usr/bin/python3 /usr/bin/s        0    12080    12368    14592 
35173 codespace ./cli kernel images/4096x40        0   393320   393371   394532 
35165 codespace ./cli kernel images/4096x40        0   393320   393372   394572 
35169 codespace ./cli kernel images/4096x40        0   393324   393375   394548 
35175 codespace ./cli kernel images/4096x40        0   393324   393377   394592 
35171 codespace ./cli kernel images/4096x40        0   393324   393379   394612 
%CPU %MEM ARGS Wed Sep 30 20:47:02 UTC 2026
 0.0  0.0 grep --color=auto ./cli       1  2184
20.9  4.8 ./cli kernel images/4096x40   1 394572
21.2  4.8 ./cli kernel images/4096x40   1 394612
21.2  4.8 ./cli kernel images/4096x40   1 394548
21.3  4.8 ./cli kernel images/4096x40   1 394532
21.5  4.8 ./cli kernel images/4096x40   0 394592
  PID User     Command                         Swap      USS      PSS      RSS 
42045 codespace /usr/bin/python3 /usr/bin/s        0    12052    12290    14472 
35165 codespace ./cli kernel images/4096x40        0   393320   393370   394572 
35173 codespace ./cli kernel images/4096x40        0   393320   393370   394532 
35169 codespace ./cli kernel images/4096x40        0   393324   393374   394548 
35175 codespace ./cli kernel images/4096x40        0   393324   393375   394592 
35171 codespace ./cli kernel images/4096x40        0   393324   393377   394612 
%CPU %MEM ARGS Wed Sep 30 20:47:03 UTC 2026
 0.0  0.0 grep --color=auto ./cli       1  2192
20.9  4.8 ./cli kernel images/4096x40   0 394572
21.1  4.8 ./cli kernel images/4096x40   0 394612
21.2  4.8 ./cli kernel images/4096x40   1 394548
21.3  4.8 ./cli kernel images/4096x40   1 394532
21.5  4.8 ./cli kernel images/4096x40   1 394592
  PID User     Command                         Swap      USS      PSS      RSS 
42063 codespace /usr/bin/python3 /usr/bin/s        0    12064    12325    14516 
35173 codespace ./cli kernel images/4096x40        0   393320   393371   394532 
35165 codespace ./cli kernel images/4096x40        0   393320   393372   394572 
35169 codespace ./cli kernel images/4096x40        0   393324   393375   394548 
35175 codespace ./cli kernel images/4096x40        0   393324   393377   394592 
35171 codespace ./cli kernel images/4096x40        0   393324   393379   394612 
%CPU %MEM ARGS Wed Sep 30 20:47:04 UTC 2026
 0.0  0.0 grep --color=auto ./cli       0  2172
20.9  4.8 ./cli kernel images/4096x40   1 394572
21.2  4.8 ./cli kernel images/4096x40   0 394612
21.2  4.8 ./cli kernel images/4096x40   1 394548
21.3  4.8 ./cli kernel images/4096x40   1 394532
21.5  4.8 ./cli kernel images/4096x40   1 394592
  PID User     Command                         Swap      USS      PSS      RSS 
42069 codespace /usr/bin/python3 /usr/bin/s        0    12060    12312    14464 
35165 codespace ./cli kernel images/4096x40        0   393320   393371   394572 
35173 codespace ./cli kernel images/4096x40        0   393320   393371   394532 
35169 codespace ./cli kernel images/4096x40        0   393324   393375   394548 
35175 codespace ./cli kernel images/4096x40        0   393324   393377   394592 
35171 codespace ./cli kernel images/4096x40        0   393324   393379   394612 
%CPU %MEM ARGS Wed Sep 30 20:47:05 UTC 2026
 0.0  0.0 grep --color=auto ./cli       1  2184
20.9  4.8 ./cli kernel images/4096x40   1 394572
21.2  4.8 ./cli kernel images/4096x40   1 394548
21.2  4.8 ./cli kernel images/4096x40   0 394612
21.3  4.8 ./cli kernel images/4096x40   1 394532
21.5  4.8 ./cli kernel images/4096x40   1 394592
  PID User     Command                         Swap      USS      PSS      RSS 
42081 codespace /usr/bin/python3 /usr/bin/s        0    12064    12343    14572 
35173 codespace ./cli kernel images/4096x40        0   393320   393371   394532 
35165 codespace ./cli kernel images/4096x40        0   393320   393372   394572 
35169 codespace ./cli kernel images/4096x40        0   393324   393375   394548 
35175 codespace ./cli kernel images/4096x40        0   393324   393377   394592 
35171 codespace ./cli kernel images/4096x40        0   393324   393380   394612 
%CPU %MEM ARGS Wed Sep 30 20:47:06 UTC 2026
 0.0  0.0 grep --color=auto ./cli       0  2200
20.9  4.8 ./cli kernel images/4096x40   1 394572
21.2  4.8 ./cli kernel images/4096x40   1 394548
21.2  4.8 ./cli kernel images/4096x40   1 394612
21.3  4.8 ./cli kernel images/4096x40   1 394532
21.5  4.8 ./cli kernel images/4096x40   1 394592
  PID User     Command                         Swap      USS      PSS      RSS 
42088 codespace /usr/bin/python3 /usr/bin/s        0    12060    12318    14536 
35165 codespace ./cli kernel images/4096x40        0   393320   393371   394572 
35173 codespace ./cli kernel images/4096x40        0   393320   393371   394532 
35169 codespace ./cli kernel images/4096x40        0   393324   393375   394548 
35175 codespace ./cli kernel images/4096x40        0   393324   393377   394592 
35171 codespace ./cli kernel images/4096x40        0   393324   393379   394612 
%CPU %MEM ARGS Wed Sep 30 20:47:07 UTC 2026
 0.0  0.0 grep --color=auto ./cli       0  2252
20.9  4.8 ./cli kernel images/4096x40   1 394572
21.2  4.8 ./cli kernel images/4096x40   1 394548
21.2  4.8 ./cli kernel images/4096x40   1 394612
21.3  4.8 ./cli kernel images/4096x40   0 394532
21.5  4.8 ./cli kernel images/4096x40   1 394592
  PID User     Command                         Swap      USS      PSS      RSS 
42100 codespace /usr/bin/python3 /usr/bin/s        0    12052    12302    14468 
35165 codespace ./cli kernel images/4096x40        0   393320   393371   394572 
35173 codespace ./cli kernel images/4096x40        0   393320   393371   394532 
35169 codespace ./cli kernel images/4096x40        0   393324   393375   394548 
35175 codespace ./cli kernel images/4096x40        0   393324   393377   394592 
35171 codespace ./cli kernel images/4096x40        0   393324   393379   394612 
%CPU %MEM ARGS Wed Sep 30 20:47:08 UTC 2026
 0.0  0.0 grep --color=auto ./cli       0  2196
20.9  4.8 ./cli kernel images/4096x40   1 394572
21.2  4.8 ./cli kernel images/4096x40   1 394548
21.2  4.8 ./cli kernel images/4096x40   1 394612
21.3  4.8 ./cli kernel images/4096x40   1 394532
21.5  4.8 ./cli kernel images/4096x40   1 394592
  PID User     Command                         Swap      USS      PSS      RSS 
42111 codespace /usr/bin/python3 /usr/bin/s        0    12112    12354    14624 
35165 codespace ./cli kernel images/4096x40        0   393320   393371   394572 
35173 codespace ./cli kernel images/4096x40        0   393320   393371   394532 
35175 codespace ./cli kernel images/4096x40        0   393324   393374   394592 
35169 codespace ./cli kernel images/4096x40        0   393324   393375   394548 
35171 codespace ./cli kernel images/4096x40        0   393324   393378   394612 
%CPU %MEM ARGS Wed Sep 30 20:47:09 UTC 2026
 0.0  0.0 grep --color=auto ./cli       1  2336
20.9  4.8 ./cli kernel images/4096x40   1 394572
21.1  4.8 ./cli kernel images/4096x40   0 394548
21.2  4.8 ./cli kernel images/4096x40   0 394612
21.3  4.8 ./cli kernel images/4096x40   0 394532
21.5  4.8 ./cli kernel images/4096x40   0 394592
  PID User     Command                         Swap      USS      PSS      RSS 
42123 codespace /usr/bin/python3 /usr/bin/s        0    12056    12324    14472 
35165 codespace ./cli kernel images/4096x40        0   393320   393371   394572 
35173 codespace ./cli kernel images/4096x40        0   393320   393371   394532 
35169 codespace ./cli kernel images/4096x40        0   393324   393375   394548 
35175 codespace ./cli kernel images/4096x40        0   393324   393377   394592 
35171 codespace ./cli kernel images/4096x40        0   393324   393379   394612 
%CPU %MEM ARGS Wed Sep 30 20:47:11 UTC 2026
 0.0  0.0 grep --color=auto ./cli       0  2164
20.9  4.8 ./cli kernel images/4096x40   0 394572
21.1  4.8 ./cli kernel images/4096x40   0 394548
21.2  4.8 ./cli kernel images/4096x40   1 394612
21.2  4.8 ./cli kernel images/4096x40   0 394532
21.4  4.8 ./cli kernel images/4096x40   0 394592
  PID User     Command                         Swap      USS      PSS      RSS 
42130 codespace /usr/bin/python3 /usr/bin/s        0    12056    12316    14540 
35173 codespace ./cli kernel images/4096x40        0   393320   393365   394532 
35165 codespace ./cli kernel images/4096x40        0   393320   393371   394572 
35169 codespace ./cli kernel images/4096x40        0   393324   393375   394548 
35175 codespace ./cli kernel images/4096x40        0   393324   393375   394592 
35171 codespace ./cli kernel images/4096x40        0   393324   393378   394612 
%CPU %MEM ARGS Wed Sep 30 20:47:12 UTC 2026
 0.0  0.0 grep --color=auto ./cli       1  2208
20.9  4.8 ./cli kernel images/4096x40   0 394572
21.1  4.8 ./cli kernel images/4096x40   0 394548
21.2  4.8 ./cli kernel images/4096x40   1 394612
21.2  4.8 ./cli kernel images/4096x40   0 394532
21.4  4.8 ./cli kernel images/4096x40   0 394592
  PID User     Command                         Swap      USS      PSS      RSS 
42160 codespace /usr/bin/python3 /usr/bin/s        0    12080    12370    14588 
35173 codespace ./cli kernel images/4096x40        0   393320   393371   394532 
35165 codespace ./cli kernel images/4096x40        0   393320   393372   394572 
35169 codespace ./cli kernel images/4096x40        0   393324   393375   394548 
35175 codespace ./cli kernel images/4096x40        0   393324   393377   394592 
35171 codespace ./cli kernel images/4096x40        0   393324   393379   394612 
%CPU %MEM ARGS Wed Sep 30 20:47:13 UTC 2026
 0.0  0.0 grep --color=auto ./cli       1  2288
20.9  4.8 ./cli kernel images/4096x40   0 394572
21.1  4.8 ./cli kernel images/4096x40   0 394548
21.2  4.8 ./cli kernel images/4096x40   0 394612
21.2  4.8 ./cli kernel images/4096x40   0 394532
21.4  4.8 ./cli kernel images/4096x40   1 394592
  PID User     Command                         Swap      USS      PSS      RSS 
42166 codespace /usr/bin/python3 /usr/bin/s        0    12024    12221    14496 
35173 codespace ./cli kernel images/4096x40        0   393320   393370   394532 
35175 codespace ./cli kernel images/4096x40        0   393324   393370   394592 
35165 codespace ./cli kernel images/4096x40        0   393320   393372   394572 
35169 codespace ./cli kernel images/4096x40        0   393324   393374   394548 
35171 codespace ./cli kernel images/4096x40        0   393324   393379   394612 
%CPU %MEM ARGS Wed Sep 30 20:47:14 UTC 2026
 0.0  0.0 grep --color=auto ./cli       0  2180
20.9  4.8 ./cli kernel images/4096x40   1 394572
21.1  4.8 ./cli kernel images/4096x40   0 394548
21.2  4.8 ./cli kernel images/4096x40   0 394612
21.2  4.8 ./cli kernel images/4096x40   0 394532
21.4  4.8 ./cli kernel images/4096x40   0 394592
  PID User     Command                         Swap      USS      PSS      RSS 
42184 codespace /usr/bin/python3 /usr/bin/s        0    12060    12316    14536 
35165 codespace ./cli kernel images/4096x40        0   393320   393371   394572 
35173 codespace ./cli kernel images/4096x40        0   393320   393371   394532 
35169 codespace ./cli kernel images/4096x40        0   393324   393375   394548 
35175 codespace ./cli kernel images/4096x40        0   393324   393377   394592 
35171 codespace ./cli kernel images/4096x40        0   393324   393379   394612 
%CPU %MEM ARGS Wed Sep 30 20:47:15 UTC 2026
 0.0  0.0 grep --color=auto ./cli       1  2292
20.9  4.8 ./cli kernel images/4096x40   1 394572
21.1  4.8 ./cli kernel images/4096x40   1 394548
21.2  4.8 ./cli kernel images/4096x40   0 394612
21.2  4.8 ./cli kernel images/4096x40   1 394532
21.4  4.8 ./cli kernel images/4096x40   1 394592
  PID User     Command                         Swap      USS      PSS      RSS 
42190 codespace /usr/bin/python3 /usr/bin/s        0    12060    12307    14476 
35165 codespace ./cli kernel images/4096x40        0   393320   393371   394572 
35173 codespace ./cli kernel images/4096x40        0   393320   393371   394532 
35169 codespace ./cli kernel images/4096x40        0   393324   393375   394548 
35175 codespace ./cli kernel images/4096x40        0   393324   393377   394592 
35171 codespace ./cli kernel images/4096x40        0   393324   393379   394612 
%CPU %MEM ARGS Wed Sep 30 20:47:16 UTC 2026
 0.0  0.0 grep --color=auto ./cli       0  2176
20.9  4.8 ./cli kernel images/4096x40   1 394572
21.1  4.8 ./cli kernel images/4096x40   1 394548
21.2  4.8 ./cli kernel images/4096x40   0 394612
21.2  4.8 ./cli kernel images/4096x40   1 394532
21.4  4.8 ./cli kernel images/4096x40   1 394592
  PID User     Command                         Swap      USS      PSS      RSS 
42199 codespace /usr/bin/python3 /usr/bin/s        0    12060    12309    14476 
35165 codespace ./cli kernel images/4096x40        0   393320   393371   394572 
35173 codespace ./cli kernel images/4096x40        0   393320   393371   394532 
35169 codespace ./cli kernel images/4096x40        0   393324   393375   394548 
35175 codespace ./cli kernel images/4096x40        0   393324   393377   394592 
35171 codespace ./cli kernel images/4096x40        0   393324   393379   394612 
%CPU %MEM ARGS Wed Sep 30 20:47:17 UTC 2026
 0.0  0.0 grep --color=auto ./cli       0  2180
20.8  4.8 ./cli kernel images/4096x40   0 394572
21.1  4.8 ./cli kernel images/4096x40   0 394548
21.2  4.8 ./cli kernel images/4096x40   0 394532
21.2  4.8 ./cli kernel images/4096x40   0 394612
21.4  4.8 ./cli kernel images/4096x40   1 394592
  PID User     Command                         Swap      USS      PSS      RSS 
42208 codespace /usr/bin/python3 /usr/bin/s        0    12064    12340    14504 
35173 codespace ./cli kernel images/4096x40        0   393320   393371   394532 
35165 codespace ./cli kernel images/4096x40        0   393320   393372   394572 
35169 codespace ./cli kernel images/4096x40        0   393324   393375   394548 
35175 codespace ./cli kernel images/4096x40        0   393324   393377   394592 
35171 codespace ./cli kernel images/4096x40        0   393324   393379   394612 
%CPU %MEM ARGS Wed Sep 30 20:47:18 UTC 2026
 0.0  0.0 grep --color=auto ./cli       1  2296
20.8  4.8 ./cli kernel images/4096x40   1 394572
21.1  4.8 ./cli kernel images/4096x40   1 394548
21.2  4.8 ./cli kernel images/4096x40   1 394532
21.2  4.8 ./cli kernel images/4096x40   0 394612
21.4  4.8 ./cli kernel images/4096x40   1 394592
  PID User     Command                         Swap      USS      PSS      RSS 
42217 codespace /usr/bin/python3 /usr/bin/s        0    12056    12331    14564 
35173 codespace ./cli kernel images/4096x40        0   393320   393371   394532 
35165 codespace ./cli kernel images/4096x40        0   393320   393372   394572 
35169 codespace ./cli kernel images/4096x40        0   393324   393375   394548 
35175 codespace ./cli kernel images/4096x40        0   393324   393377   394592 
35171 codespace ./cli kernel images/4096x40        0   393324   393379   394612 
%CPU %MEM ARGS Wed Sep 30 20:47:20 UTC 2026
 0.0  0.0 grep --color=auto ./cli       0  2344
20.8  4.8 ./cli kernel images/4096x40   1 394572
21.1  4.8 ./cli kernel images/4096x40   0 394548
21.2  4.8 ./cli kernel images/4096x40   0 394532
21.2  4.8 ./cli kernel images/4096x40   0 394612
21.4  4.8 ./cli kernel images/4096x40   0 394592
  PID User     Command                         Swap      USS      PSS      RSS 
42232 codespace /usr/bin/python3 /usr/bin/s        0    12048    12298    14464 
35165 codespace ./cli kernel images/4096x40        0   393320   393371   394572 
35173 codespace ./cli kernel images/4096x40        0   393320   393371   394532 
35169 codespace ./cli kernel images/4096x40        0   393324   393375   394548 
35175 codespace ./cli kernel images/4096x40        0   393324   393377   394592 
35171 codespace ./cli kernel images/4096x40        0   393324   393379   394612 
%CPU %MEM ARGS Wed Sep 30 20:47:20 UTC 2026
 0.0  0.0 grep --color=auto ./cli       0  2128
20.8  4.8 ./cli kernel images/4096x40   0 394572
21.1  4.8 ./cli kernel images/4096x40   0 394548
21.2  4.8 ./cli kernel images/4096x40   0 394532
21.2  4.8 ./cli kernel images/4096x40   0 394612
21.4  4.8 ./cli kernel images/4096x40   0 394592
  PID User     Command                         Swap      USS      PSS      RSS 
42238 codespace /usr/bin/python3 /usr/bin/s        0    12056    12306    14472 
35165 codespace ./cli kernel images/4096x40        0   393320   393371   394572 
35173 codespace ./cli kernel images/4096x40        0   393320   393371   394532 
35169 codespace ./cli kernel images/4096x40        0   393324   393375   394548 
35175 codespace ./cli kernel images/4096x40        0   393324   393377   394592 
35171 codespace ./cli kernel images/4096x40        0   393324   393379   394612 
%CPU %MEM ARGS Wed Sep 30 20:47:21 UTC 2026
 0.0  0.0 grep --color=auto ./cli       1  2152
20.8  4.8 ./cli kernel images/4096x40   0 394572
21.1  4.8 ./cli kernel images/4096x40   0 394548
21.2  4.8 ./cli kernel images/4096x40   0 394532
21.2  4.8 ./cli kernel images/4096x40   0 394612
21.4  4.8 ./cli kernel images/4096x40   0 394592
  PID User     Command                         Swap      USS      PSS      RSS 
42250 codespace /usr/bin/python3 /usr/bin/s        0    12056    12326    14472 
35165 codespace ./cli kernel images/4096x40        0   393320   393371   394572 
35173 codespace ./cli kernel images/4096x40        0   393320   393371   394532 
35169 codespace ./cli kernel images/4096x40        0   393324   393375   394548 
35175 codespace ./cli kernel images/4096x40        0   393324   393377   394592 
35171 codespace ./cli kernel images/4096x40        0   393324   393379   394612 
%CPU %MEM ARGS Wed Sep 30 20:47:23 UTC 2026
 0.0  0.0 grep --color=auto ./cli       0  2200
20.8  4.8 ./cli kernel images/4096x40   0 394572
21.1  4.8 ./cli kernel images/4096x40   1 394548
21.2  4.8 ./cli kernel images/4096x40   0 394532
21.2  4.8 ./cli kernel images/4096x40   0 394612
21.4  4.8 ./cli kernel images/4096x40   1 394592
  PID User     Command                         Swap      USS      PSS      RSS 
42274 codespace /usr/bin/python3 /usr/bin/s        0    12056    12313    14528 
35165 codespace ./cli kernel images/4096x40        0   393320   393371   394572 
35173 codespace ./cli kernel images/4096x40        0   393320   393371   394532 
35169 codespace ./cli kernel images/4096x40        0   393324   393375   394548 
35175 codespace ./cli kernel images/4096x40        0   393324   393377   394592 
35171 codespace ./cli kernel images/4096x40        0   393324   393379   394612 
%CPU %MEM ARGS Wed Sep 30 20:47:24 UTC 2026
 0.0  0.0 grep --color=auto ./cli       1  2168
20.8  4.8 ./cli kernel images/4096x40   0 394572
21.1  4.8 ./cli kernel images/4096x40   0 394548
21.2  4.8 ./cli kernel images/4096x40   0 394532
21.2  4.8 ./cli kernel images/4096x40   0 394612
21.4  4.8 ./cli kernel images/4096x40   0 394592
  PID User     Command                         Swap      USS      PSS      RSS 
42287 codespace /usr/bin/python3 /usr/bin/s        0    12060    12317    14476 
35173 codespace ./cli kernel images/4096x40        0   393320   393371   394532 
35165 codespace ./cli kernel images/4096x40        0   393320   393372   394572 
35169 codespace ./cli kernel images/4096x40        0   393324   393375   394548 
35175 codespace ./cli kernel images/4096x40        0   393324   393377   394592 
35171 codespace ./cli kernel images/4096x40        0   393324   393379   394612 
%CPU %MEM ARGS Wed Sep 30 20:47:25 UTC 2026
 0.0  0.0 grep --color=auto ./cli       0  2176
20.8  4.8 ./cli kernel images/4096x40   0 394572
21.1  4.8 ./cli kernel images/4096x40   0 394548
21.1  4.8 ./cli kernel images/4096x40   0 394532
21.2  4.8 ./cli kernel images/4096x40   0 394612
21.4  4.8 ./cli kernel images/4096x40   1 394592
  PID User     Command                         Swap      USS      PSS      RSS 
42293 codespace /usr/bin/python3 /usr/bin/s        0    12056    12315    14532 
35165 codespace ./cli kernel images/4096x40        0   393320   393365   394572 
35173 codespace ./cli kernel images/4096x40        0   393320   393371   394532 
35169 codespace ./cli kernel images/4096x40        0   393324   393375   394548 
35175 codespace ./cli kernel images/4096x40        0   393324   393377   394592 
35171 codespace ./cli kernel images/4096x40        0   393324   393379   394612 
%CPU %MEM ARGS Wed Sep 30 20:47:26 UTC 2026
 0.0  0.0 grep --color=auto ./cli       1  2192
20.8  4.8 ./cli kernel images/4096x40   0 394572
21.1  4.8 ./cli kernel images/4096x40   0 394548
21.1  4.8 ./cli kernel images/4096x40   0 394532
21.2  4.8 ./cli kernel images/4096x40   0 394612
21.4  4.8 ./cli kernel images/4096x40   1 394592
  PID User     Command                         Swap      USS      PSS      RSS 
42311 codespace /usr/bin/python3 /usr/bin/s        0    12052    12301    14468 
35173 codespace ./cli kernel images/4096x40        0   393320   393371   394532 
35165 codespace ./cli kernel images/4096x40        0   393320   393372   394572 
35169 codespace ./cli kernel images/4096x40        0   393324   393375   394548 
35175 codespace ./cli kernel images/4096x40        0   393324   393377   394592 
35171 codespace ./cli kernel images/4096x40        0   393324   393379   394612 
%CPU %MEM ARGS Wed Sep 30 20:47:27 UTC 2026
 0.0  0.0 grep --color=auto ./cli       0  2192
20.8  4.8 ./cli kernel images/4096x40   1 394572
21.1  4.8 ./cli kernel images/4096x40   1 394548
21.1  4.8 ./cli kernel images/4096x40   0 394532
21.2  4.8 ./cli kernel images/4096x40   0 394612
21.4  4.8 ./cli kernel images/4096x40   0 394592
  PID User     Command                         Swap      USS      PSS      RSS 
42317 codespace /usr/bin/python3 /usr/bin/s        0    12056    12304    14472 
35165 codespace ./cli kernel images/4096x40        0   393320   393371   394572 
35173 codespace ./cli kernel images/4096x40        0   393320   393371   394532 
35169 codespace ./cli kernel images/4096x40        0   393324   393375   394548 
35175 codespace ./cli kernel images/4096x40        0   393324   393377   394592 
35171 codespace ./cli kernel images/4096x40        0   393324   393379   394612 
%CPU %MEM ARGS Wed Sep 30 20:47:28 UTC 2026
 0.0  0.0 grep --color=auto ./cli       1  2248
20.8  4.8 ./cli kernel images/4096x40   0 394572
21.0  4.8 ./cli kernel images/4096x40   0 394548
21.1  4.8 ./cli kernel images/4096x40   0 394532
21.2  4.8 ./cli kernel images/4096x40   0 394612
21.4  4.8 ./cli kernel images/4096x40   0 394592
  PID User     Command                         Swap      USS      PSS      RSS 
42329 codespace /usr/bin/python3 /usr/bin/s        0    12056    12304    14472 
35165 codespace ./cli kernel images/4096x40        0   393320   393371   394572 
35173 codespace ./cli kernel images/4096x40        0   393320   393371   394532 
35169 codespace ./cli kernel images/4096x40        0   393324   393375   394548 
35175 codespace ./cli kernel images/4096x40        0   393324   393377   394592 
35171 codespace ./cli kernel images/4096x40        0   393324   393379   394612 
%CPU %MEM ARGS Wed Sep 30 20:47:30 UTC 2026
 0.0  0.0 grep --color=auto ./cli       0  2308
20.8  4.8 ./cli kernel images/4096x40   0 394572
21.1  4.8 ./cli kernel images/4096x40   1 394548
21.1  4.8 ./cli kernel images/4096x40   0 394532
21.2  4.8 ./cli kernel images/4096x40   0 394612
21.4  4.8 ./cli kernel images/4096x40   0 394592
  PID User     Command                         Swap      USS      PSS      RSS 
42335 codespace /usr/bin/python3 /usr/bin/s        0    12056    12314    14540 
35165 codespace ./cli kernel images/4096x40        0   393320   393371   394572 
35173 codespace ./cli kernel images/4096x40        0   393320   393371   394532 
35169 codespace ./cli kernel images/4096x40        0   393324   393375   394548 
35175 codespace ./cli kernel images/4096x40        0   393324   393377   394592 
35171 codespace ./cli kernel images/4096x40        0   393324   393379   394612 
%CPU %MEM ARGS Wed Sep 30 20:47:31 UTC 2026
 0.0  0.0 grep --color=auto ./cli       1  2192
20.8  4.8 ./cli kernel images/4096x40   1 394572
21.1  4.8 ./cli kernel images/4096x40   0 394548
21.1  4.8 ./cli kernel images/4096x40   0 394532
21.2  4.8 ./cli kernel images/4096x40   0 394612
21.4  4.8 ./cli kernel images/4096x40   0 394592
  PID User     Command                         Swap      USS      PSS      RSS 
42353 codespace /usr/bin/python3 /usr/bin/s        0    12056    12302    14472 
35165 codespace ./cli kernel images/4096x40        0   393320   393371   394572 
35173 codespace ./cli kernel images/4096x40        0   393320   393371   394532 
35169 codespace ./cli kernel images/4096x40        0   393324   393375   394548 
35175 codespace ./cli kernel images/4096x40        0   393324   393377   394592 
35171 codespace ./cli kernel images/4096x40        0   393324   393379   394612 
%CPU %MEM ARGS Wed Sep 30 20:47:32 UTC 2026
 0.0  0.0 grep --color=auto ./cli       0  2204
20.8  4.8 ./cli kernel images/4096x40   1 394572
21.0  4.8 ./cli kernel images/4096x40   0 394548
21.1  4.8 ./cli kernel images/4096x40   0 394532
21.2  4.8 ./cli kernel images/4096x40   0 394612
21.4  4.8 ./cli kernel images/4096x40   0 394592
  PID User     Command                         Swap      USS      PSS      RSS 
42360 codespace /usr/bin/python3 /usr/bin/s        0    12068    12339    14512 
35165 codespace ./cli kernel images/4096x40        0   393320   393365   394572 
35173 codespace ./cli kernel images/4096x40        0   393320   393371   394532 
35169 codespace ./cli kernel images/4096x40        0   393324   393375   394548 
35175 codespace ./cli kernel images/4096x40        0   393324   393376   394592 
35171 codespace ./cli kernel images/4096x40        0   393324   393379   394612 
%CPU %MEM ARGS Wed Sep 30 20:47:33 UTC 2026
 0.0  0.0 grep --color=auto ./cli       1  2160
20.8  4.8 ./cli kernel images/4096x40   0 394572
21.0  4.8 ./cli kernel images/4096x40   0 394548
21.1  4.8 ./cli kernel images/4096x40   0 394532
21.1  4.8 ./cli kernel images/4096x40   0 394612
21.3  4.8 ./cli kernel images/4096x40   0 394592
  PID User     Command                         Swap      USS      PSS      RSS 
42392 codespace /usr/bin/python3 /usr/bin/s        0    12048    12321    14496 
35165 codespace ./cli kernel images/4096x40        0   393320   393371   394572 
35173 codespace ./cli kernel images/4096x40        0   393320   393371   394532 
35169 codespace ./cli kernel images/4096x40        0   393324   393375   394548 
35175 codespace ./cli kernel images/4096x40        0   393324   393376   394592 
35171 codespace ./cli kernel images/4096x40        0   393324   393379   394612 
%CPU %MEM ARGS Wed Sep 30 20:47:34 UTC 2026
 0.0  0.0 grep --color=auto ./cli       1  2196
20.8  4.8 ./cli kernel images/4096x40   0 394572
21.0  4.8 ./cli kernel images/4096x40   0 394548
21.1  4.8 ./cli kernel images/4096x40   0 394532
21.1  4.8 ./cli kernel images/4096x40   1 394612
21.3  4.8 ./cli kernel images/4096x40   0 394592
  PID User     Command                         Swap      USS      PSS      RSS 
42397 codespace /usr/bin/python3 /usr/bin/s        0    12064    12333    14516 
35165 codespace ./cli kernel images/4096x40        0   393320   393371   394572 
35173 codespace ./cli kernel images/4096x40        0   393320   393371   394532 
35169 codespace ./cli kernel images/4096x40        0   393324   393375   394548 
35175 codespace ./cli kernel images/4096x40        0   393324   393376   394592 
35171 codespace ./cli kernel images/4096x40        0   393324   393379   394612 
%CPU %MEM ARGS Wed Sep 30 20:47:35 UTC 2026
 0.0  0.0 grep --color=auto ./cli       0  2212
20.8  4.8 ./cli kernel images/4096x40   0 394572
21.0  4.8 ./cli kernel images/4096x40   0 394548
21.1  4.8 ./cli kernel images/4096x40   0 394532
21.2  4.8 ./cli kernel images/4096x40   1 394612
21.3  4.8 ./cli kernel images/4096x40   0 394592
  PID User     Command                         Swap      USS      PSS      RSS 
42410 codespace /usr/bin/python3 /usr/bin/s        0    12056    12313    14540 
35165 codespace ./cli kernel images/4096x40        0   393320   393371   394572 
35173 codespace ./cli kernel images/4096x40        0   393320   393371   394532 
35169 codespace ./cli kernel images/4096x40        0   393324   393375   394548 
35175 codespace ./cli kernel images/4096x40        0   393324   393377   394592 
35171 codespace ./cli kernel images/4096x40        0   393324   393379   394612 
%CPU %MEM ARGS Wed Sep 30 20:47:36 UTC 2026
 0.0  0.0 grep --color=auto ./cli       0  2208
20.8  4.8 ./cli kernel images/4096x40   0 394572
21.0  4.8 ./cli kernel images/4096x40   0 394548
21.1  4.8 ./cli kernel images/4096x40   0 394532
21.2  4.8 ./cli kernel images/4096x40   0 394612
21.3  4.8 ./cli kernel images/4096x40   0 394592
  PID User     Command                         Swap      USS      PSS      RSS 
42416 codespace /usr/bin/python3 /usr/bin/s        0    12060    12346    14620 
35165 codespace ./cli kernel images/4096x40        0   393320   393370   394572 
35173 codespace ./cli kernel images/4096x40        0   393320   393370   394532 
35169 codespace ./cli kernel images/4096x40        0   393324   393374   394548 
35175 codespace ./cli kernel images/4096x40        0   393324   393376   394592 
35171 codespace ./cli kernel images/4096x40        0   393324   393378   394612 
%CPU %MEM ARGS Wed Sep 30 20:47:37 UTC 2026
 0.0  0.0 grep --color=auto ./cli       1  2224
20.8  4.8 ./cli kernel images/4096x40   1 394572
21.0  4.8 ./cli kernel images/4096x40   0 394548
21.1  4.8 ./cli kernel images/4096x40   1 394532
21.2  4.8 ./cli kernel images/4096x40   1 394612
21.3  4.8 ./cli kernel images/4096x40   1 394592
  PID User     Command                         Swap      USS      PSS      RSS 
42431 codespace /usr/bin/python3 /usr/bin/s        0    12060    12318    14536 
35165 codespace ./cli kernel images/4096x40        0   393320   393371   394572 
35173 codespace ./cli kernel images/4096x40        0   393320   393371   394532 
35169 codespace ./cli kernel images/4096x40        0   393324   393375   394548 
35175 codespace ./cli kernel images/4096x40        0   393324   393377   394592 
35171 codespace ./cli kernel images/4096x40        0   393324   393379   394612 
%CPU %MEM ARGS Wed Sep 30 20:47:38 UTC 2026
 0.0  0.0 grep --color=auto ./cli       0  2176
20.8  4.8 ./cli kernel images/4096x40   0 394572
21.0  4.8 ./cli kernel images/4096x40   0 394548
21.1  4.8 ./cli kernel images/4096x40   0 394532
21.2  4.8 ./cli kernel images/4096x40   0 394612
21.3  4.8 ./cli kernel images/4096x40   1 394592
  PID User     Command                         Swap      USS      PSS      RSS 
42440 codespace /usr/bin/python3 /usr/bin/s        0    12056    12344    14536 
35173 codespace ./cli kernel images/4096x40        0   393320   393371   394532 
35165 codespace ./cli kernel images/4096x40        0   393320   393372   394572 
35169 codespace ./cli kernel images/4096x40        0   393324   393375   394548 
35175 codespace ./cli kernel images/4096x40        0   393324   393377   394592 
35171 codespace ./cli kernel images/4096x40        0   393324   393379   394612 
%CPU %MEM ARGS Wed Sep 30 20:47:39 UTC 2026
 0.0  0.0 grep --color=auto ./cli       1  2248
20.8  4.8 ./cli kernel images/4096x40   1 394572
21.0  4.8 ./cli kernel images/4096x40   1 394548
21.0  4.8 ./cli kernel images/4096x40   0 394532
21.2  4.8 ./cli kernel images/4096x40   0 394612
21.3  4.8 ./cli kernel images/4096x40   0 394592
  PID User     Command                         Swap      USS      PSS      RSS 
42446 codespace /usr/bin/python3 /usr/bin/s        0    12064    12321    14504 
35173 codespace ./cli kernel images/4096x40        0   393320   393371   394532 
35165 codespace ./cli kernel images/4096x40        0   393320   393372   394572 
35169 codespace ./cli kernel images/4096x40        0   393324   393375   394548 
35175 codespace ./cli kernel images/4096x40        0   393324   393377   394592 
35171 codespace ./cli kernel images/4096x40        0   393324   393380   394612 
%CPU %MEM ARGS Wed Sep 30 20:47:40 UTC 2026
 0.0  0.0 grep --color=auto ./cli       0  2252
20.8  4.8 ./cli kernel images/4096x40   0 394572
21.0  4.8 ./cli kernel images/4096x40   0 394548
21.0  4.8 ./cli kernel images/4096x40   0 394532
21.2  4.8 ./cli kernel images/4096x40   1 394612
21.3  4.8 ./cli kernel images/4096x40   0 394592
  PID User     Command                         Swap      USS      PSS      RSS 
42457 codespace /usr/bin/python3 /usr/bin/s        0    12056    12315    14540 
35173 codespace ./cli kernel images/4096x40        0   393320   393371   394532 
35165 codespace ./cli kernel images/4096x40        0   393320   393372   394572 
35169 codespace ./cli kernel images/4096x40        0   393324   393375   394548 
35175 codespace ./cli kernel images/4096x40        0   393324   393377   394592 
35171 codespace ./cli kernel images/4096x40        0   393324   393379   394612 
%CPU %MEM ARGS Wed Sep 30 20:47:41 UTC 2026
 0.0  0.0 grep --color=auto ./cli       0  2196
20.8  4.8 ./cli kernel images/4096x40   0 394572
21.0  4.8 ./cli kernel images/4096x40   0 394548
21.1  4.8 ./cli kernel images/4096x40   1 394532
21.1  4.8 ./cli kernel images/4096x40   0 394612
21.3  4.8 ./cli kernel images/4096x40   0 394592
  PID User     Command                         Swap      USS      PSS      RSS 
42464 codespace /usr/bin/python3 /usr/bin/s        0    12052    12315    14520 
35173 codespace ./cli kernel images/4096x40        0   393320   393371   394532 
35165 codespace ./cli kernel images/4096x40        0   393320   393372   394572 
35171 codespace ./cli kernel images/4096x40        0   393324   393373   394612 
35169 codespace ./cli kernel images/4096x40        0   393324   393375   394548 
35175 codespace ./cli kernel images/4096x40        0   393324   393377   394592 
%CPU %MEM ARGS Wed Sep 30 20:47:42 UTC 2026
 0.0  0.0 grep --color=auto ./cli       1  2288
20.8  4.8 ./cli kernel images/4096x40   1 394572
21.0  4.8 ./cli kernel images/4096x40   0 394548
21.1  4.8 ./cli kernel images/4096x40   1 394532
21.1  4.8 ./cli kernel images/4096x40   1 394612
21.3  4.8 ./cli kernel images/4096x40   0 394592
  PID User     Command                         Swap      USS      PSS      RSS 
42482 codespace /usr/bin/python3 /usr/bin/s        0    12064    12331    14504 
35173 codespace ./cli kernel images/4096x40        0   393320   393370   394532 
35165 codespace ./cli kernel images/4096x40        0   393320   393371   394572 
35169 codespace ./cli kernel images/4096x40        0   393324   393375   394548 
35175 codespace ./cli kernel images/4096x40        0   393324   393377   394592 
35171 codespace ./cli kernel images/4096x40        0   393324   393379   394612 
%CPU %MEM ARGS Wed Sep 30 20:47:43 UTC 2026
 0.0  0.0 grep --color=auto ./cli       0  2192
20.8  4.8 ./cli kernel images/4096x40   0 394572
21.0  4.8 ./cli kernel images/4096x40   0 394548
21.1  4.8 ./cli kernel images/4096x40   1 394532
21.1  4.8 ./cli kernel images/4096x40   0 394612
21.3  4.8 ./cli kernel images/4096x40   0 394592
  PID User     Command                         Swap      USS      PSS      RSS 
42506 codespace /usr/bin/python3 /usr/bin/s        0    12060    12345    14620 
35165 codespace ./cli kernel images/4096x40        0   393320   393371   394572 
35173 codespace ./cli kernel images/4096x40        0   393320   393371   394532 
35171 codespace ./cli kernel images/4096x40        0   393324   393373   394612 
35169 codespace ./cli kernel images/4096x40        0   393324   393374   394548 
35175 codespace ./cli kernel images/4096x40        0   393324   393376   394592 
%CPU %MEM ARGS Wed Sep 30 20:47:45 UTC 2026
 0.0  0.0 grep --color=auto ./cli       0  2180
20.8  4.8 ./cli kernel images/4096x40   0 394572
21.0  4.8 ./cli kernel images/4096x40   0 394548
21.1  4.8 ./cli kernel images/4096x40   0 394532
21.1  4.8 ./cli kernel images/4096x40   1 394612
21.3  4.8 ./cli kernel images/4096x40   0 394592
  PID User     Command                         Swap      USS      PSS      RSS 
42518 codespace /usr/bin/python3 /usr/bin/s        0    12060    12319    14512 
35173 codespace ./cli kernel images/4096x40        0   393320   393371   394532 
35165 codespace ./cli kernel images/4096x40        0   393320   393372   394572 
35169 codespace ./cli kernel images/4096x40        0   393324   393375   394548 
35175 codespace ./cli kernel images/4096x40        0   393324   393377   394592 
35171 codespace ./cli kernel images/4096x40        0   393324   393379   394612 
%CPU %MEM ARGS Wed Sep 30 20:47:46 UTC 2026
 0.0  0.0 grep --color=auto ./cli       0  2180
20.8  4.8 ./cli kernel images/4096x40   0 394572
21.0  4.8 ./cli kernel images/4096x40   0 394548
21.1  4.8 ./cli kernel images/4096x40   1 394532
21.1  4.8 ./cli kernel images/4096x40   0 394612
21.3  4.8 ./cli kernel images/4096x40   0 394592
  PID User     Command                         Swap      USS      PSS      RSS 
42524 codespace /usr/bin/python3 /usr/bin/s        0    12060    12316    14540 
35173 codespace ./cli kernel images/4096x40        0   393320   393366   394532 
35165 codespace ./cli kernel images/4096x40        0   393320   393368   394572 
35169 codespace ./cli kernel images/4096x40        0   393324   393375   394548 
35175 codespace ./cli kernel images/4096x40        0   393324   393377   394592 
35171 codespace ./cli kernel images/4096x40        0   393324   393379   394612 
%CPU %MEM ARGS Wed Sep 30 20:47:47 UTC 2026
 0.0  0.0 grep --color=auto ./cli       0  2252
20.8  4.8 ./cli kernel images/4096x40   0 394572
21.0  4.8 ./cli kernel images/4096x40   0 394548
21.1  4.8 ./cli kernel images/4096x40   1 394532
21.1  4.8 ./cli kernel images/4096x40   0 394612
21.3  4.8 ./cli kernel images/4096x40   0 394592
  PID User     Command                         Swap      USS      PSS      RSS 
42536 codespace /usr/bin/python3 /usr/bin/s        0    12056    12295    14508 
35173 codespace ./cli kernel images/4096x40        0   393320   393371   394532 
35165 codespace ./cli kernel images/4096x40        0   393320   393372   394572 
35169 codespace ./cli kernel images/4096x40        0   393324   393375   394548 
35175 codespace ./cli kernel images/4096x40        0   393324   393377   394592 
35171 codespace ./cli kernel images/4096x40        0   393324   393379   394612 
%CPU %MEM ARGS Wed Sep 30 20:47:48 UTC 2026
 0.0  0.0 grep --color=auto ./cli       1  2164
20.7  4.8 ./cli kernel images/4096x40   1 394572
21.0  4.8 ./cli kernel images/4096x40   0 394548
21.1  4.8 ./cli kernel images/4096x40   1 394612
21.1  4.8 ./cli kernel images/4096x40   1 394532
21.3  4.8 ./cli kernel images/4096x40   0 394592
  PID User     Command                         Swap      USS      PSS      RSS 
42549 codespace /usr/bin/python3 /usr/bin/s        0    12060    12339    14568 
35165 codespace ./cli kernel images/4096x40        0   393320   393366   394572 
35173 codespace ./cli kernel images/4096x40        0   393320   393371   394532 
35169 codespace ./cli kernel images/4096x40        0   393324   393375   394548 
35175 codespace ./cli kernel images/4096x40        0   393324   393377   394592 
35171 codespace ./cli kernel images/4096x40        0   393324   393379   394612 
%CPU %MEM ARGS Wed Sep 30 20:47:49 UTC 2026
 0.0  0.0 grep --color=auto ./cli       0  2248
20.7  4.8 ./cli kernel images/4096x40   0 394572
21.0  4.8 ./cli kernel images/4096x40   0 394548
21.1  4.8 ./cli kernel images/4096x40   0 394612
21.1  4.8 ./cli kernel images/4096x40   1 394532
21.3  4.8 ./cli kernel images/4096x40   0 394592
  PID User     Command                         Swap      USS      PSS      RSS 
42561 codespace /usr/bin/python3 /usr/bin/s        0    12060    12312    14476 
35165 codespace ./cli kernel images/4096x40        0   393320   393371   394572 
35173 codespace ./cli kernel images/4096x40        0   393320   393371   394532 
35169 codespace ./cli kernel images/4096x40        0   393324   393375   394548 
35175 codespace ./cli kernel images/4096x40        0   393324   393377   394592 
35171 codespace ./cli kernel images/4096x40        0   393324   393379   394612 
%CPU %MEM ARGS Wed Sep 30 20:47:50 UTC 2026
 0.0  0.0 grep --color=auto ./cli       0  2172
20.7  4.8 ./cli kernel images/4096x40   0 394572
21.0  4.8 ./cli kernel images/4096x40   0 394548
21.1  4.8 ./cli kernel images/4096x40   0 394612
21.1  4.8 ./cli kernel images/4096x40   1 394532
21.3  4.8 ./cli kernel images/4096x40   0 394592
  PID User     Command                         Swap      USS      PSS      RSS 
42567 codespace /usr/bin/python3 /usr/bin/s        0    12056    12339    14584 
35165 codespace ./cli kernel images/4096x40        0   393320   393371   394572 
35173 codespace ./cli kernel images/4096x40        0   393320   393371   394532 
35169 codespace ./cli kernel images/4096x40        0   393324   393375   394548 
35175 codespace ./cli kernel images/4096x40        0   393324   393376   394592 
35171 codespace ./cli kernel images/4096x40        0   393324   393379   394612 
%CPU %MEM ARGS Wed Sep 30 20:47:51 UTC 2026
 0.0  0.0 grep --color=auto ./cli       0  2248
20.7  4.8 ./cli kernel images/4096x40   0 394572
21.0  4.8 ./cli kernel images/4096x40   0 394548
21.1  4.8 ./cli kernel images/4096x40   0 394612
21.1  4.8 ./cli kernel images/4096x40   0 394532
21.3  4.8 ./cli kernel images/4096x40   1 394592
  PID User     Command                         Swap      USS      PSS      RSS 
42578 codespace /usr/bin/python3 /usr/bin/s        0    12060    12316    14476 
35165 codespace ./cli kernel images/4096x40        0   393320   393371   394572 
35173 codespace ./cli kernel images/4096x40        0   393320   393371   394532 
35169 codespace ./cli kernel images/4096x40        0   393324   393375   394548 
35175 codespace ./cli kernel images/4096x40        0   393324   393377   394592 
35171 codespace ./cli kernel images/4096x40        0   393324   393379   394612 
%CPU %MEM ARGS Wed Sep 30 20:47:52 UTC 2026
 0.0  0.0 grep --color=auto ./cli       0  2184
20.7  4.8 ./cli kernel images/4096x40   0 394572
21.0  4.8 ./cli kernel images/4096x40   1 394548
21.1  4.8 ./cli kernel images/4096x40   0 394612
21.1  4.8 ./cli kernel images/4096x40   0 394532
21.3  4.8 ./cli kernel images/4096x40   0 394592
  PID User     Command                         Swap      USS      PSS      RSS 
42585 codespace /usr/bin/python3 /usr/bin/s        0    12052    12313    14520 
35173 codespace ./cli kernel images/4096x40        0   393320   393371   394532 
35165 codespace ./cli kernel images/4096x40        0   393320   393372   394572 
35169 codespace ./cli kernel images/4096x40        0   393324   393375   394548 
35175 codespace ./cli kernel images/4096x40        0   393324   393377   394592 
35171 codespace ./cli kernel images/4096x40        0   393324   393379   394612 
%CPU %MEM ARGS Wed Sep 30 20:47:54 UTC 2026
 0.0  0.0 grep --color=auto ./cli       1  2196
20.7  4.8 ./cli kernel images/4096x40   0 394572
21.0  4.8 ./cli kernel images/4096x40   1 394548
21.1  4.8 ./cli kernel images/4096x40   0 394612
21.1  4.8 ./cli kernel images/4096x40   1 394532
21.3  4.8 ./cli kernel images/4096x40   0 394592
  PID User     Command                         Swap      USS      PSS      RSS 
42601 codespace /usr/bin/python3 /usr/bin/s        0    12064    12335    14512 
35165 codespace ./cli kernel images/4096x40        0   393320   393371   394572 
35173 codespace ./cli kernel images/4096x40        0   393320   393371   394532 
35169 codespace ./cli kernel images/4096x40        0   393324   393374   394548 
35175 codespace ./cli kernel images/4096x40        0   393324   393376   394592 
35171 codespace ./cli kernel images/4096x40        0   393324   393379   394612 
%CPU %MEM ARGS Wed Sep 30 20:47:55 UTC 2026
 0.0  0.0 grep --color=auto ./cli       1  2296
20.7  4.8 ./cli kernel images/4096x40   1 394572
21.0  4.8 ./cli kernel images/4096x40   1 394548
21.1  4.8 ./cli kernel images/4096x40   1 394612
21.1  4.8 ./cli kernel images/4096x40   1 394532
21.2  4.8 ./cli kernel images/4096x40   1 394592
  PID User     Command                         Swap      USS      PSS      RSS 
42632 codespace /usr/bin/python3 /usr/bin/s        0    12056    12304    14472 
35165 codespace ./cli kernel images/4096x40        0   393320   393371   394572 
35173 codespace ./cli kernel images/4096x40        0   393320   393371   394532 
35169 codespace ./cli kernel images/4096x40        0   393324   393375   394548 
35175 codespace ./cli kernel images/4096x40        0   393324   393377   394592 
35171 codespace ./cli kernel images/4096x40        0   393324   393379   394612 
%CPU %MEM ARGS Wed Sep 30 20:47:56 UTC 2026
 0.0  0.0 grep --color=auto ./cli       1  2248
20.7  4.8 ./cli kernel images/4096x40   1 394572
21.0  4.8 ./cli kernel images/4096x40   0 394548
21.1  4.8 ./cli kernel images/4096x40   1 394612
21.1  4.8 ./cli kernel images/4096x40   1 394532
21.2  4.8 ./cli kernel images/4096x40   1 394592
  PID User     Command                         Swap      USS      PSS      RSS 
42638 codespace /usr/bin/python3 /usr/bin/s        0    12060    12333    14508 
35165 codespace ./cli kernel images/4096x40        0   393320   393371   394572 
35173 codespace ./cli kernel images/4096x40        0   393320   393371   394532 
35169 codespace ./cli kernel images/4096x40        0   393324   393375   394548 
35175 codespace ./cli kernel images/4096x40        0   393324   393376   394592 
35171 codespace ./cli kernel images/4096x40        0   393324   393379   394612 
%CPU %MEM ARGS Wed Sep 30 20:47:57 UTC 2026
 0.0  0.0 grep --color=auto ./cli       1  2148
20.7  4.8 ./cli kernel images/4096x40   0 394572
21.0  4.8 ./cli kernel images/4096x40   1 394548
21.0  4.8 ./cli kernel images/4096x40   1 394612
21.1  4.8 ./cli kernel images/4096x40   1 394532
21.2  4.8 ./cli kernel images/4096x40   1 394592
  PID User     Command                         Swap      USS      PSS      RSS 
42650 codespace /usr/bin/python3 /usr/bin/s        0    12056    12305    14472 
35173 codespace ./cli kernel images/4096x40        0   393320   393371   394532 
35165 codespace ./cli kernel images/4096x40        0   393320   393372   394572 
35169 codespace ./cli kernel images/4096x40        0   393324   393375   394548 
35175 codespace ./cli kernel images/4096x40        0   393324   393377   394592 
35171 codespace ./cli kernel images/4096x40        0   393324   393379   394612 
%CPU %MEM ARGS Wed Sep 30 20:47:58 UTC 2026
 0.0  0.0 grep --color=auto ./cli       1  2296
20.7  4.8 ./cli kernel images/4096x40   1 394572
21.0  4.8 ./cli kernel images/4096x40   1 394548
21.0  4.8 ./cli kernel images/4096x40   1 394612
21.1  4.8 ./cli kernel images/4096x40   1 394532
21.2  4.8 ./cli kernel images/4096x40   0 394592
  PID User     Command                         Swap      USS      PSS      RSS 
42656 codespace /usr/bin/python3 /usr/bin/s        0    12060    12340    14620 
35173 codespace ./cli kernel images/4096x40        0   393320   393371   394532 
35165 codespace ./cli kernel images/4096x40        0   393320   393372   394572 
35169 codespace ./cli kernel images/4096x40        0   393324   393377   394548 
35175 codespace ./cli kernel images/4096x40        0   393324   393377   394592 
35171 codespace ./cli kernel images/4096x40        0   393324   393379   394612 
%CPU %MEM ARGS Wed Sep 30 20:47:59 UTC 2026
 0.0  0.0 grep --color=auto ./cli       1  2156
20.7  4.8 ./cli kernel images/4096x40   0 394572
21.0  4.8 ./cli kernel images/4096x40   0 394548
21.0  4.8 ./cli kernel images/4096x40   1 394612
21.1  4.8 ./cli kernel images/4096x40   0 394532
21.2  4.8 ./cli kernel images/4096x40   0 394592
  PID User     Command                         Swap      USS      PSS      RSS 
42668 codespace /usr/bin/python3 /usr/bin/s        0    12056    12313    14540 
35173 codespace ./cli kernel images/4096x40        0   393320   393370   394532 
35165 codespace ./cli kernel images/4096x40        0   393320   393371   394572 
35169 codespace ./cli kernel images/4096x40        0   393324   393374   394548 
35171 codespace ./cli kernel images/4096x40        0   393324   393377   394612 
35175 codespace ./cli kernel images/4096x40        0   393324   393377   394592 
%CPU %MEM ARGS Wed Sep 30 20:48:00 UTC 2026
 0.0  0.0 grep --color=auto ./cli       1  2160
20.7  4.8 ./cli kernel images/4096x40   1 394572
21.0  4.8 ./cli kernel images/4096x40   0 394548
21.0  4.8 ./cli kernel images/4096x40   1 394612
21.1  4.8 ./cli kernel images/4096x40   1 394532
21.2  4.8 ./cli kernel images/4096x40   0 394592
  PID User     Command                         Swap      USS      PSS      RSS 
42680 codespace /usr/bin/python3 /usr/bin/s        0    12056    12324    14472 
35165 codespace ./cli kernel images/4096x40        0   393320   393371   394572 
35173 codespace ./cli kernel images/4096x40        0   393320   393371   394532 
35169 codespace ./cli kernel images/4096x40        0   393324   393375   394548 
35175 codespace ./cli kernel images/4096x40        0   393324   393377   394592 
35171 codespace ./cli kernel images/4096x40        0   393324   393379   394612 
%CPU %MEM ARGS Wed Sep 30 20:48:01 UTC 2026
 0.0  0.0 grep --color=auto ./cli       0  2208
20.7  4.8 ./cli kernel images/4096x40   0 394572
21.0  4.8 ./cli kernel images/4096x40   0 394548
21.0  4.8 ./cli kernel images/4096x40   0 394612
21.1  4.8 ./cli kernel images/4096x40   0 394532
21.2  4.8 ./cli kernel images/4096x40   1 394592
  PID User     Command                         Swap      USS      PSS      RSS 
42692 codespace /usr/bin/python3 /usr/bin/s        0    12056    12303    14472 
35165 codespace ./cli kernel images/4096x40        0   393320   393371   394572 
35173 codespace ./cli kernel images/4096x40        0   393320   393371   394532 
35169 codespace ./cli kernel images/4096x40        0   393324   393375   394548 
35175 codespace ./cli kernel images/4096x40        0   393324   393377   394592 
35171 codespace ./cli kernel images/4096x40        0   393324   393379   394612 
%CPU %MEM ARGS Wed Sep 30 20:48:02 UTC 2026
 0.0  0.0 grep --color=auto ./cli       0  2148
20.7  4.8 ./cli kernel images/4096x40   0 394572
21.0  4.8 ./cli kernel images/4096x40   0 394548
21.0  4.8 ./cli kernel images/4096x40   0 394612
21.1  4.8 ./cli kernel images/4096x40   1 394532
21.3  4.8 ./cli kernel images/4096x40   0 394592
  PID User     Command                         Swap      USS      PSS      RSS 
42698 codespace /usr/bin/python3 /usr/bin/s        0    12072    12329    14552 
35165 codespace ./cli kernel images/4096x40        0   393320   393371   394572 
35173 codespace ./cli kernel images/4096x40        0   393320   393371   394532 
35169 codespace ./cli kernel images/4096x40        0   393324   393375   394548 
35175 codespace ./cli kernel images/4096x40        0   393324   393377   394592 
35171 codespace ./cli kernel images/4096x40        0   393324   393379   394612 
%CPU %MEM ARGS Wed Sep 30 20:48:03 UTC 2026
 0.0  0.0 grep --color=auto ./cli       1  2248
20.7  4.8 ./cli kernel images/4096x40   1 394572
21.0  4.8 ./cli kernel images/4096x40   0 394548
21.0  4.8 ./cli kernel images/4096x40   0 394612
21.1  4.8 ./cli kernel images/4096x40   0 394532
21.3  4.8 ./cli kernel images/4096x40   0 394592
  PID User     Command                         Swap      USS      PSS      RSS 
42704 codespace /usr/bin/python3 /usr/bin/s        0    12056    12326    14472 
35165 codespace ./cli kernel images/4096x40        0   393320   393371   394572 
35173 codespace ./cli kernel images/4096x40        0   393320   393371   394532 
35169 codespace ./cli kernel images/4096x40        0   393324   393375   394548 
35175 codespace ./cli kernel images/4096x40        0   393324   393377   394592 
35171 codespace ./cli kernel images/4096x40        0   393324   393379   394612 
%CPU %MEM ARGS Wed Sep 30 20:48:04 UTC 2026
 0.0  0.0 grep --color=auto ./cli       0  2292
20.7  4.8 ./cli kernel images/4096x40   0 394572
20.9  4.8 ./cli kernel images/4096x40   0 394548
21.0  4.8 ./cli kernel images/4096x40   0 394612
21.1  4.8 ./cli kernel images/4096x40   1 394532
21.2  4.8 ./cli kernel images/4096x40   0 394592
  PID User     Command                         Swap      USS      PSS      RSS 
42722 codespace /usr/bin/python3 /usr/bin/s        0    12012    12261    14428 
35165 codespace ./cli kernel images/4096x40        0   393320   393371   394572 
35173 codespace ./cli kernel images/4096x40        0   393320   393371   394532 
35169 codespace ./cli kernel images/4096x40        0   393324   393375   394548 
35175 codespace ./cli kernel images/4096x40        0   393324   393377   394592 
35171 codespace ./cli kernel images/4096x40        0   393324   393379   394612 
%CPU %MEM ARGS Wed Sep 30 20:48:05 UTC 2026
 0.0  0.0 grep --color=auto ./cli       0  2200
20.7  4.8 ./cli kernel images/4096x40   0 394572
20.9  4.8 ./cli kernel images/4096x40   0 394548
21.0  4.8 ./cli kernel images/4096x40   0 394612
21.1  4.8 ./cli kernel images/4096x40   1 394532
21.3  4.8 ./cli kernel images/4096x40   0 394592
  PID User     Command                         Swap      USS      PSS      RSS 
42746 codespace /usr/bin/python3 /usr/bin/s        0    12056    12304    14472 
35165 codespace ./cli kernel images/4096x40        0   393320   393365   394572 
35173 codespace ./cli kernel images/4096x40        0   393320   393370   394532 
35169 codespace ./cli kernel images/4096x40        0   393324   393375   394548 
35175 codespace ./cli kernel images/4096x40        0   393324   393377   394592 
35171 codespace ./cli kernel images/4096x40        0   393324   393379   394612 
%CPU %MEM ARGS Wed Sep 30 20:48:06 UTC 2026
 0.0  0.0 grep --color=auto ./cli       1  2296
20.7  4.8 ./cli kernel images/4096x40   1 394572
20.9  4.8 ./cli kernel images/4096x40   1 394548
21.0  4.8 ./cli kernel images/4096x40   1 394612
21.0  4.8 ./cli kernel images/4096x40   1 394532
21.3  4.8 ./cli kernel images/4096x40   0 394592
  PID User     Command                         Swap      USS      PSS      RSS 
42758 codespace /usr/bin/python3 /usr/bin/s        0    12056    12323    14560 
35165 codespace ./cli kernel images/4096x40        0   393320   393371   394572 
35173 codespace ./cli kernel images/4096x40        0   393320   393371   394532 
35169 codespace ./cli kernel images/4096x40        0   393324   393375   394548 
35175 codespace ./cli kernel images/4096x40        0   393324   393376   394592 
35171 codespace ./cli kernel images/4096x40        0   393324   393379   394612 
%CPU %MEM ARGS Wed Sep 30 20:48:07 UTC 2026
 0.0  0.0 grep --color=auto ./cli       1  2288
20.7  4.8 ./cli kernel images/4096x40   1 394572
20.9  4.8 ./cli kernel images/4096x40   0 394548
21.0  4.8 ./cli kernel images/4096x40   1 394612
21.0  4.8 ./cli kernel images/4096x40   1 394532
21.3  4.8 ./cli kernel images/4096x40   1 394592
  PID User     Command                         Swap      USS      PSS      RSS 
42764 codespace /usr/bin/python3 /usr/bin/s        0    12060    12342    14620 
35165 codespace ./cli kernel images/4096x40        0   393320   393371   394572 
35173 codespace ./cli kernel images/4096x40        0   393320   393371   394532 
35169 codespace ./cli kernel images/4096x40        0   393324   393376   394548 
35175 codespace ./cli kernel images/4096x40        0   393324   393377   394592 
35171 codespace ./cli kernel images/4096x40        0   393324   393379   394612 
%CPU %MEM ARGS Wed Sep 30 20:48:08 UTC 2026
 0.0  0.0 grep --color=auto ./cli       1  2200
20.6  4.8 ./cli kernel images/4096x40   1 394572
20.9  4.8 ./cli kernel images/4096x40   1 394548
21.0  4.8 ./cli kernel images/4096x40   1 394612
21.1  4.8 ./cli kernel images/4096x40   0 394532
21.2  4.8 ./cli kernel images/4096x40   1 394592
  PID User     Command                         Swap      USS      PSS      RSS 
42776 codespace /usr/bin/python3 /usr/bin/s        0    12052    12302    14468 
35165 codespace ./cli kernel images/4096x40        0   393320   393371   394572 
35173 codespace ./cli kernel images/4096x40        0   393320   393371   394532 
35169 codespace ./cli kernel images/4096x40        0   393324   393377   394548 
35175 codespace ./cli kernel images/4096x40        0   393324   393377   394592 
35171 codespace ./cli kernel images/4096x40        0   393324   393379   394612 
%CPU %MEM ARGS Wed Sep 30 20:48:09 UTC 2026
 0.0  0.0 grep --color=auto ./cli       1  2148
20.6  4.8 ./cli kernel images/4096x40   0 394572
20.9  4.8 ./cli kernel images/4096x40   0 394548
21.0  4.8 ./cli kernel images/4096x40   0 394612
21.1  4.8 ./cli kernel images/4096x40   1 394532
21.2  4.8 ./cli kernel images/4096x40   0 394592
  PID User     Command                         Swap      USS      PSS      RSS 
42782 codespace /usr/bin/python3 /usr/bin/s        0    12060    12312    14476 
35165 codespace ./cli kernel images/4096x40        0   393320   393371   394572 
35173 codespace ./cli kernel images/4096x40        0   393320   393371   394532 
35169 codespace ./cli kernel images/4096x40        0   393324   393375   394548 
35175 codespace ./cli kernel images/4096x40        0   393324   393377   394592 
35171 codespace ./cli kernel images/4096x40        0   393324   393379   394612 
%CPU %MEM ARGS Wed Sep 30 20:48:09 UTC 2026
 0.0  0.0 grep --color=auto ./cli       0  2160
20.6  4.8 ./cli kernel images/4096x40   0 394572
20.9  4.8 ./cli kernel images/4096x40   0 394548
21.0  4.8 ./cli kernel images/4096x40   1 394612
21.1  4.8 ./cli kernel images/4096x40   0 394532
21.2  4.8 ./cli kernel images/4096x40   0 394592
  PID User     Command                         Swap      USS      PSS      RSS 
42788 codespace /usr/bin/python3 /usr/bin/s        0    12060    12320    14512 
35173 codespace ./cli kernel images/4096x40        0   393320   393371   394532 
35165 codespace ./cli kernel images/4096x40        0   393320   393372   394572 
35169 codespace ./cli kernel images/4096x40        0   393324   393375   394548 
35171 codespace ./cli kernel images/4096x40        0   393324   393375   394612 
35175 codespace ./cli kernel images/4096x40        0   393324   393377   394592 
%CPU %MEM ARGS Wed Sep 30 20:48:11 UTC 2026
 0.0  0.0 grep --color=auto ./cli       1  2252
20.6  4.8 ./cli kernel images/4096x40   0 394572
20.9  4.8 ./cli kernel images/4096x40   1 394548
21.0  4.8 ./cli kernel images/4096x40   1 394612
21.0  4.8 ./cli kernel images/4096x40   1 394532
21.2  4.8 ./cli kernel images/4096x40   1 394592
  PID User     Command                         Swap      USS      PSS      RSS 
42806 codespace /usr/bin/python3 /usr/bin/s        0    12052    12311    14504 
35173 codespace ./cli kernel images/4096x40        0   393320   393371   394532 
35165 codespace ./cli kernel images/4096x40        0   393320   393372   394572 
35169 codespace ./cli kernel images/4096x40        0   393324   393375   394548 
35175 codespace ./cli kernel images/4096x40        0   393324   393377   394592 
35171 codespace ./cli kernel images/4096x40        0   393324   393379   394612 
%CPU %MEM ARGS Wed Sep 30 20:48:12 UTC 2026
 0.0  0.0 grep --color=auto ./cli       1  2156
20.6  4.8 ./cli kernel images/4096x40   0 394572
20.9  4.8 ./cli kernel images/4096x40   0 394548
21.0  4.8 ./cli kernel images/4096x40   0 394612
21.0  4.8 ./cli kernel images/4096x40   0 394532
21.2  4.8 ./cli kernel images/4096x40   0 394592
  PID User     Command                         Swap      USS      PSS      RSS 
42812 codespace /usr/bin/python3 /usr/bin/s        0    12056    12316    14540 
35165 codespace ./cli kernel images/4096x40        0   393320   393371   394572 
35173 codespace ./cli kernel images/4096x40        0   393320   393371   394532 
35169 codespace ./cli kernel images/4096x40        0   393324   393375   394548 
35175 codespace ./cli kernel images/4096x40        0   393324   393377   394592 
35171 codespace ./cli kernel images/4096x40        0   393324   393379   394612 
%CPU %MEM ARGS Wed Sep 30 20:48:12 UTC 2026
 0.0  0.0 grep --color=auto ./cli       0  2156
20.6  4.8 ./cli kernel images/4096x40   0 394572
20.9  4.8 ./cli kernel images/4096x40   0 394548
21.0  4.8 ./cli kernel images/4096x40   0 394612
21.0  4.8 ./cli kernel images/4096x40   1 394532
21.2  4.8 ./cli kernel images/4096x40   0 394592
  PID User     Command                         Swap      USS      PSS      RSS 
42817 codespace /usr/bin/python3 /usr/bin/s        0    12056    12307    14472 
35173 codespace ./cli kernel images/4096x40        0   393320   393371   394532 
35165 codespace ./cli kernel images/4096x40        0   393320   393372   394572 
35169 codespace ./cli kernel images/4096x40        0   393324   393375   394548 
35175 codespace ./cli kernel images/4096x40        0   393324   393377   394592 
35171 codespace ./cli kernel images/4096x40        0   393324   393379   394612 
%CPU %MEM ARGS Wed Sep 30 20:48:13 UTC 2026
 0.0  0.0 grep --color=auto ./cli       0  2308
20.6  4.8 ./cli kernel images/4096x40   1 394572
20.9  4.8 ./cli kernel images/4096x40   0 394548
21.0  4.8 ./cli kernel images/4096x40   1 394612
21.1  4.8 ./cli kernel images/4096x40   1 394532
21.2  4.8 ./cli kernel images/4096x40   1 394592
  PID User     Command                         Swap      USS      PSS      RSS 
42829 codespace /usr/bin/python3 /usr/bin/s        0    12060    12317    14500 
35173 codespace ./cli kernel images/4096x40        0   393320   393371   394532 
35165 codespace ./cli kernel images/4096x40        0   393320   393372   394572 
35169 codespace ./cli kernel images/4096x40        0   393324   393375   394548 
35175 codespace ./cli kernel images/4096x40        0   393324   393377   394592 
35171 codespace ./cli kernel images/4096x40        0   393324   393379   394612 
%CPU %MEM ARGS Wed Sep 30 20:48:15 UTC 2026
 0.0  0.0 grep --color=auto ./cli       1  2156
20.6  4.8 ./cli kernel images/4096x40   0 394572
20.9  4.8 ./cli kernel images/4096x40   0 394548
21.0  4.8 ./cli kernel images/4096x40   0 394612
21.1  4.8 ./cli kernel images/4096x40   1 394532
21.2  4.8 ./cli kernel images/4096x40   0 394592
  PID User     Command                         Swap      USS      PSS      RSS 
42842 codespace /usr/bin/python3 /usr/bin/s        0    12056    12322    14472 
35165 codespace ./cli kernel images/4096x40        0   393320   393371   394572 
35173 codespace ./cli kernel images/4096x40        0   393320   393371   394532 
35169 codespace ./cli kernel images/4096x40        0   393324   393375   394548 
35175 codespace ./cli kernel images/4096x40        0   393324   393377   394592 
35171 codespace ./cli kernel images/4096x40        0   393324   393379   394612 
%CPU %MEM ARGS Wed Sep 30 20:48:16 UTC 2026
 0.0  0.0 grep --color=auto ./cli       1  2196
20.6  4.8 ./cli kernel images/4096x40   1 394572
20.9  4.8 ./cli kernel images/4096x40   1 394548
21.0  4.8 ./cli kernel images/4096x40   1 394612
21.1  4.8 ./cli kernel images/4096x40   1 394532
21.2  4.8 ./cli kernel images/4096x40   0 394592
  PID User     Command                         Swap      USS      PSS      RSS 
42866 codespace /usr/bin/python3 /usr/bin/s        0    12060    12345    14620 
35165 codespace ./cli kernel images/4096x40        0   393320   393370   394572 
35173 codespace ./cli kernel images/4096x40        0   393320   393371   394532 
35169 codespace ./cli kernel images/4096x40        0   393324   393374   394548 
35175 codespace ./cli kernel images/4096x40        0   393324   393376   394592 
35171 codespace ./cli kernel images/4096x40        0   393324   393377   394612 
%CPU %MEM ARGS Wed Sep 30 20:48:17 UTC 2026
 0.0  0.0 grep --color=auto ./cli       0  2304
20.6  4.8 ./cli kernel images/4096x40   0 394572
20.9  4.8 ./cli kernel images/4096x40   0 394548
21.0  4.8 ./cli kernel images/4096x40   0 394612
21.0  4.8 ./cli kernel images/4096x40   0 394532
21.2  4.8 ./cli kernel images/4096x40   0 394592
  PID User     Command                         Swap      USS      PSS      RSS 
42878 codespace /usr/bin/python3 /usr/bin/s        0    12064    12335    14512 
35165 codespace ./cli kernel images/4096x40        0   393320   393371   394572 
35173 codespace ./cli kernel images/4096x40        0   393320   393371   394532 
35169 codespace ./cli kernel images/4096x40        0   393324   393375   394548 
35175 codespace ./cli kernel images/4096x40        0   393324   393377   394592 
35171 codespace ./cli kernel images/4096x40        0   393324   393379   394612 
%CPU %MEM ARGS Wed Sep 30 20:48:18 UTC 2026
 0.0  0.0 grep --color=auto ./cli       0  2288
20.6  4.8 ./cli kernel images/4096x40   0 394572
20.9  4.8 ./cli kernel images/4096x40   1 394548
21.0  4.8 ./cli kernel images/4096x40   0 394612
21.0  4.8 ./cli kernel images/4096x40   0 394532
21.2  4.8 ./cli kernel images/4096x40   0 394592
  PID User     Command                         Swap      USS      PSS      RSS 
42890 codespace /usr/bin/python3 /usr/bin/s        0    12060    12307    14476 
35165 codespace ./cli kernel images/4096x40        0   393320   393371   394572 
35173 codespace ./cli kernel images/4096x40        0   393320   393371   394532 
35169 codespace ./cli kernel images/4096x40        0   393324   393375   394548 
35175 codespace ./cli kernel images/4096x40        0   393324   393377   394592 
35171 codespace ./cli kernel images/4096x40        0   393324   393379   394612 
%CPU %MEM ARGS Wed Sep 30 20:48:19 UTC 2026
 0.0  0.0 grep --color=auto ./cli       1  2292
20.6  4.8 ./cli kernel images/4096x40   1 394572
20.9  4.8 ./cli kernel images/4096x40   1 394548
21.0  4.8 ./cli kernel images/4096x40   1 394612
21.0  4.8 ./cli kernel images/4096x40   1 394532
21.2  4.8 ./cli kernel images/4096x40   0 394592
  PID User     Command                         Swap      USS      PSS      RSS 
42896 codespace /usr/bin/python3 /usr/bin/s        0    12052    12314    14520 
35165 codespace ./cli kernel images/4096x40        0   393320   393368   394572 
35173 codespace ./cli kernel images/4096x40        0   393320   393371   394532 
35169 codespace ./cli kernel images/4096x40        0   393324   393375   394548 
35175 codespace ./cli kernel images/4096x40        0   393324   393377   394592 
35171 codespace ./cli kernel images/4096x40        0   393324   393379   394612 
%CPU %MEM ARGS Wed Sep 30 20:48:20 UTC 2026
 0.0  0.0 grep --color=auto ./cli       1  2308
20.6  4.8 ./cli kernel images/4096x40   1 394572
20.9  4.8 ./cli kernel images/4096x40   1 394548
21.0  4.8 ./cli kernel images/4096x40   1 394612
21.0  4.8 ./cli kernel images/4096x40   1 394532
21.2  4.8 ./cli kernel images/4096x40   0 394592
  PID User     Command                         Swap      USS      PSS      RSS 
42908 codespace /usr/bin/python3 /usr/bin/s        0    12064    12316    14480 
35173 codespace ./cli kernel images/4096x40        0   393320   393371   394532 
35165 codespace ./cli kernel images/4096x40        0   393320   393372   394572 
35169 codespace ./cli kernel images/4096x40        0   393324   393375   394548 
35175 codespace ./cli kernel images/4096x40        0   393324   393377   394592 
35171 codespace ./cli kernel images/4096x40        0   393324   393379   394612 
%CPU %MEM ARGS Wed Sep 30 20:48:21 UTC 2026
 0.0  0.0 grep --color=auto ./cli       1  2204
20.6  4.8 ./cli kernel images/4096x40   1 394572
20.9  4.8 ./cli kernel images/4096x40   1 394548
21.0  4.8 ./cli kernel images/4096x40   1 394612
21.0  4.8 ./cli kernel images/4096x40   0 394532
21.3  4.8 ./cli kernel images/4096x40   1 394592
  PID User     Command                         Swap      USS      PSS      RSS 
42914 codespace /usr/bin/python3 /usr/bin/s        0    12060    12291    14480 
35165 codespace ./cli kernel images/4096x40        0   393320   393368   394572 
35173 codespace ./cli kernel images/4096x40        0   393320   393370   394532 
35171 codespace ./cli kernel images/4096x40        0   393324   393372   394612 
35169 codespace ./cli kernel images/4096x40        0   393324   393375   394548 
35175 codespace ./cli kernel images/4096x40        0   393324   393375   394592 
%CPU %MEM ARGS Wed Sep 30 20:48:22 UTC 2026
 0.0  0.0 grep --color=auto ./cli       1  2248
20.6  4.8 ./cli kernel images/4096x40   1 394572
20.9  4.8 ./cli kernel images/4096x40   0 394548
20.9  4.8 ./cli kernel images/4096x40   0 394612
21.0  4.8 ./cli kernel images/4096x40   0 394532
21.2  4.8 ./cli kernel images/4096x40   0 394592
  PID User     Command                         Swap      USS      PSS      RSS 
42932 codespace /usr/bin/python3 /usr/bin/s        0    12052    12298    14468 
35165 codespace ./cli kernel images/4096x40        0   393320   393371   394572 
35173 codespace ./cli kernel images/4096x40        0   393320   393371   394532 
35169 codespace ./cli kernel images/4096x40        0   393324   393375   394548 
35175 codespace ./cli kernel images/4096x40        0   393324   393377   394592 
35171 codespace ./cli kernel images/4096x40        0   393324   393379   394612 
%CPU %MEM ARGS Wed Sep 30 20:48:23 UTC 2026
 0.0  0.0 grep --color=auto ./cli       0  2160
20.6  4.8 ./cli kernel images/4096x40   0 394572
20.9  4.8 ./cli kernel images/4096x40   0 394548
20.9  4.8 ./cli kernel images/4096x40   0 394612
21.0  4.8 ./cli kernel images/4096x40   0 394532
21.2  4.8 ./cli kernel images/4096x40   0 394592
  PID User     Command                         Swap      USS      PSS      RSS 
42938 codespace /usr/bin/python3 /usr/bin/s        0    12060    12341    14620 
35165 codespace ./cli kernel images/4096x40        0   393320   393371   394572 
35173 codespace ./cli kernel images/4096x40        0   393320   393371   394532 
35169 codespace ./cli kernel images/4096x40        0   393324   393375   394548 
35171 codespace ./cli kernel images/4096x40        0   393324   393379   394612 
35175 codespace ./cli kernel images/4096x40        0   393324   393379   394592 
%CPU %MEM ARGS Wed Sep 30 20:48:24 UTC 2026
 0.0  0.0 grep --color=auto ./cli       1  2156
20.6  4.8 ./cli kernel images/4096x40   0 394572
20.9  4.8 ./cli kernel images/4096x40   1 394548
20.9  4.8 ./cli kernel images/4096x40   1 394612
21.0  4.8 ./cli kernel images/4096x40   0 394532
21.2  4.8 ./cli kernel images/4096x40   1 394592
  PID User     Command                         Swap      USS      PSS      RSS 
42944 codespace /usr/bin/python3 /usr/bin/s        0    12056    12312    14472 
35165 codespace ./cli kernel images/4096x40        0   393320   393371   394572 
35173 codespace ./cli kernel images/4096x40        0   393320   393371   394532 
35169 codespace ./cli kernel images/4096x40        0   393324   393375   394548 
35175 codespace ./cli kernel images/4096x40        0   393324   393377   394592 
35171 codespace ./cli kernel images/4096x40        0   393324   393379   394612 
%CPU %MEM ARGS Wed Sep 30 20:48:25 UTC 2026
 0.0  0.0 grep --color=auto ./cli       0  2248
20.6  4.8 ./cli kernel images/4096x40   0 394572
20.9  4.8 ./cli kernel images/4096x40   0 394548
20.9  4.8 ./cli kernel images/4096x40   0 394612
21.0  4.8 ./cli kernel images/4096x40   0 394532
21.2  4.8 ./cli kernel images/4096x40   1 394592
  PID User     Command                         Swap      USS      PSS      RSS 
42962 codespace /usr/bin/python3 /usr/bin/s        0    12064    12312    14480 
35165 codespace ./cli kernel images/4096x40        0   393320   393371   394572 
35173 codespace ./cli kernel images/4096x40        0   393320   393371   394532 
35169 codespace ./cli kernel images/4096x40        0   393324   393375   394548 
35175 codespace ./cli kernel images/4096x40        0   393324   393377   394592 
35171 codespace ./cli kernel images/4096x40        0   393324   393379   394612 
%CPU %MEM ARGS Wed Sep 30 20:48:26 UTC 2026
 0.0  0.0 grep --color=auto ./cli       0  2208
20.6  4.8 ./cli kernel images/4096x40   1 394572
20.9  4.8 ./cli kernel images/4096x40   1 394548
20.9  4.8 ./cli kernel images/4096x40   1 394612
21.0  4.8 ./cli kernel images/4096x40   0 394532
21.2  4.8 ./cli kernel images/4096x40   1 394592
  PID User     Command                         Swap      USS      PSS      RSS 
42981 codespace /usr/bin/python3 /usr/bin/s        0    12056    12304    14472 
35165 codespace ./cli kernel images/4096x40        0   393320   393368   394572 
35173 codespace ./cli kernel images/4096x40        0   393320   393371   394532 
35169 codespace ./cli kernel images/4096x40        0   393324   393375   394548 
35175 codespace ./cli kernel images/4096x40        0   393324   393377   394592 
35171 codespace ./cli kernel images/4096x40        0   393324   393379   394612 
%CPU %MEM ARGS Wed Sep 30 20:48:27 UTC 2026
 0.0  0.0 grep --color=auto ./cli       1  2200
20.5  4.8 ./cli kernel images/4096x40   1 394572
20.9  4.8 ./cli kernel images/4096x40   1 394548
20.9  4.8 ./cli kernel images/4096x40   0 394612
21.0  4.8 ./cli kernel images/4096x40   1 394532
21.2  4.8 ./cli kernel images/4096x40   0 394592
  PID User     Command                         Swap      USS      PSS      RSS 
42993 codespace /usr/bin/python3 /usr/bin/s        0    12056    12339    14616 
35173 codespace ./cli kernel images/4096x40        0   393320   393370   394532 
35165 codespace ./cli kernel images/4096x40        0   393320   393372   394572 
35169 codespace ./cli kernel images/4096x40        0   393324   393374   394548 
35175 codespace ./cli kernel images/4096x40        0   393324   393377   394592 
35171 codespace ./cli kernel images/4096x40        0   393324   393378   394612 
%CPU %MEM ARGS Wed Sep 30 20:48:28 UTC 2026
 0.0  0.0 grep --color=auto ./cli       1  2132
20.5  4.8 ./cli kernel images/4096x40   0 394572
20.9  4.8 ./cli kernel images/4096x40   1 394548
20.9  4.8 ./cli kernel images/4096x40   0 394612
21.0  4.8 ./cli kernel images/4096x40   0 394532
21.2  4.8 ./cli kernel images/4096x40   1 394592
  PID User     Command                         Swap      USS      PSS      RSS 
43005 codespace /usr/bin/python3 /usr/bin/s        0    12056    12341    14616 
35173 codespace ./cli kernel images/4096x40        0   393320   393367   394532 
35165 codespace ./cli kernel images/4096x40        0   393320   393371   394572 
35169 codespace ./cli kernel images/4096x40        0   393324   393375   394548 
35175 codespace ./cli kernel images/4096x40        0   393324   393376   394592 
35171 codespace ./cli kernel images/4096x40        0   393324   393379   394612 
%CPU %MEM ARGS Wed Sep 30 20:48:29 UTC 2026
 0.0  0.0 grep --color=auto ./cli       0  2180
20.5  4.8 ./cli kernel images/4096x40   1 394572
20.8  4.8 ./cli kernel images/4096x40   1 394548
21.0  4.8 ./cli kernel images/4096x40   0 394612
21.0  4.8 ./cli kernel images/4096x40   0 394532
21.2  4.8 ./cli kernel images/4096x40   1 394592
  PID User     Command                         Swap      USS      PSS      RSS 
43017 codespace /usr/bin/python3 /usr/bin/s        0    12060    12325    14512 
35173 codespace ./cli kernel images/4096x40        0   393320   393371   394532 
35165 codespace ./cli kernel images/4096x40        0   393320   393372   394572 
35169 codespace ./cli kernel images/4096x40        0   393324   393375   394548 
35175 codespace ./cli kernel images/4096x40        0   393324   393377   394592 
35171 codespace ./cli kernel images/4096x40        0   393324   393379   394612 
%CPU %MEM ARGS Wed Sep 30 20:48:30 UTC 2026
 0.0  0.0 grep --color=auto ./cli       0  2340
20.5  4.8 ./cli kernel images/4096x40   0 394572
20.9  4.8 ./cli kernel images/4096x40   1 394548
21.0  4.8 ./cli kernel images/4096x40   0 394612
21.0  4.8 ./cli kernel images/4096x40   0 394532
21.2  4.8 ./cli kernel images/4096x40   0 394592
  PID User     Command                         Swap      USS      PSS      RSS 
43023 codespace /usr/bin/python3 /usr/bin/s        0    12056    12313    14540 
35165 codespace ./cli kernel images/4096x40        0   393320   393370   394572 
35173 codespace ./cli kernel images/4096x40        0   393320   393371   394532 
35169 codespace ./cli kernel images/4096x40        0   393324   393375   394548 
35175 codespace ./cli kernel images/4096x40        0   393324   393377   394592 
35171 codespace ./cli kernel images/4096x40        0   393324   393378   394612 
%CPU %MEM ARGS Wed Sep 30 20:48:32 UTC 2026
 0.0  0.0 grep --color=auto ./cli       1  2164
20.5  4.8 ./cli kernel images/4096x40   0 394572
20.9  4.8 ./cli kernel images/4096x40   1 394548
20.9  4.8 ./cli kernel images/4096x40   0 394612
21.0  4.8 ./cli kernel images/4096x40   0 394532
21.2  4.8 ./cli kernel images/4096x40   0 394592
  PID User     Command                         Swap      USS      PSS      RSS 
43035 codespace /usr/bin/python3 /usr/bin/s        0    12060    12303    14464 
35173 codespace ./cli kernel images/4096x40        0   393320   393371   394532 
35165 codespace ./cli kernel images/4096x40        0   393320   393372   394572 
35169 codespace ./cli kernel images/4096x40        0   393324   393375   394548 
35175 codespace ./cli kernel images/4096x40        0   393324   393377   394592 
35171 codespace ./cli kernel images/4096x40        0   393324   393379   394612 
%CPU %MEM ARGS Wed Sep 30 20:48:33 UTC 2026
 0.0  0.0 grep --color=auto ./cli       1  2156
20.5  4.8 ./cli kernel images/4096x40   1 394572
20.9  4.8 ./cli kernel images/4096x40   0 394548
20.9  4.8 ./cli kernel images/4096x40   0 394612
21.0  4.8 ./cli kernel images/4096x40   0 394532
21.2  4.8 ./cli kernel images/4096x40   0 394592
  PID User     Command                         Swap      USS      PSS      RSS 
43042 codespace /usr/bin/python3 /usr/bin/s        0    12060    12302    14512 
35173 codespace ./cli kernel images/4096x40        0   393320   393365   394532 
35165 codespace ./cli kernel images/4096x40        0   393320   393370   394572 
35169 codespace ./cli kernel images/4096x40        0   393324   393374   394548 
35175 codespace ./cli kernel images/4096x40        0   393324   393375   394592 
35171 codespace ./cli kernel images/4096x40        0   393324   393376   394612 
%CPU %MEM ARGS Wed Sep 30 20:48:34 UTC 2026
 0.0  0.0 grep --color=auto ./cli       0  2300
20.5  4.8 ./cli kernel images/4096x40   1 394572
20.9  4.8 ./cli kernel images/4096x40   0 394548
20.9  4.8 ./cli kernel images/4096x40   1 394612
21.0  4.8 ./cli kernel images/4096x40   1 394532
21.2  4.8 ./cli kernel images/4096x40   0 394592
  PID User     Command                         Swap      USS      PSS      RSS 
43059 codespace /usr/bin/python3 /usr/bin/s        0    11996    12261    14464 
35173 codespace ./cli kernel images/4096x40        0   393320   393371   394532 
35165 codespace ./cli kernel images/4096x40        0   393320   393372   394572 
35169 codespace ./cli kernel images/4096x40        0   393324   393375   394548 
35175 codespace ./cli kernel images/4096x40        0   393324   393377   394592 
35171 codespace ./cli kernel images/4096x40        0   393324   393379   394612 
%CPU %MEM ARGS Wed Sep 30 20:48:35 UTC 2026
 0.0  0.0 grep --color=auto ./cli       1  2176
20.5  4.8 ./cli kernel images/4096x40   1 394572
20.9  4.8 ./cli kernel images/4096x40   0 394548
20.9  4.8 ./cli kernel images/4096x40   1 394612
21.0  4.8 ./cli kernel images/4096x40   1 394532
21.2  4.8 ./cli kernel images/4096x40   1 394592
  PID User     Command                         Swap      USS      PSS      RSS 
43066 codespace /usr/bin/python3 /usr/bin/s        0    12060    12337    14568 
35173 codespace ./cli kernel images/4096x40        0   393320   393367   394532 
35165 codespace ./cli kernel images/4096x40        0   393320   393372   394572 
35169 codespace ./cli kernel images/4096x40        0   393324   393375   394548 
35171 codespace ./cli kernel images/4096x40        0   393324   393376   394612 
35175 codespace ./cli kernel images/4096x40        0   393324   393377   394592 
%CPU %MEM ARGS Wed Sep 30 20:48:36 UTC 2026
 0.0  0.0 grep --color=auto ./cli       1  2192
20.5  4.8 ./cli kernel images/4096x40   0 394572
20.9  4.8 ./cli kernel images/4096x40   0 394548
20.9  4.8 ./cli kernel images/4096x40   0 394612
21.0  4.8 ./cli kernel images/4096x40   0 394532
21.2  4.8 ./cli kernel images/4096x40   0 394592
  PID User     Command                         Swap      USS      PSS      RSS 
43096 codespace /usr/bin/python3 /usr/bin/s        0    12100    12376    14548 
35165 codespace ./cli kernel images/4096x40        0   393320   393371   394572 
35173 codespace ./cli kernel images/4096x40        0   393320   393371   394532 
35169 codespace ./cli kernel images/4096x40        0   393324   393375   394548 
35175 codespace ./cli kernel images/4096x40        0   393324   393377   394592 
35171 codespace ./cli kernel images/4096x40        0   393324   393379   394612 
%CPU %MEM ARGS Wed Sep 30 20:48:37 UTC 2026
 0.0  0.0 grep --color=auto ./cli       0  2156
20.5  4.8 ./cli kernel images/4096x40   0 394572
20.9  4.8 ./cli kernel images/4096x40   0 394548
20.9  4.8 ./cli kernel images/4096x40   1 394612
21.0  4.8 ./cli kernel images/4096x40   0 394532
21.2  4.8 ./cli kernel images/4096x40   0 394592
  PID User     Command                         Swap      USS      PSS      RSS 
43102 codespace /usr/bin/python3 /usr/bin/s        0    12060    12314    14540 
35165 codespace ./cli kernel images/4096x40        0   393320   393371   394572 
35173 codespace ./cli kernel images/4096x40        0   393320   393371   394532 
35169 codespace ./cli kernel images/4096x40        0   393324   393375   394548 
35175 codespace ./cli kernel images/4096x40        0   393324   393377   394592 
35171 codespace ./cli kernel images/4096x40        0   393324   393379   394612 
%CPU %MEM ARGS Wed Sep 30 20:48:38 UTC 2026
 0.0  0.0 grep --color=auto ./cli       0  2180
20.5  4.8 ./cli kernel images/4096x40   0 394572
20.9  4.8 ./cli kernel images/4096x40   0 394548
20.9  4.8 ./cli kernel images/4096x40   1 394612
21.0  4.8 ./cli kernel images/4096x40   0 394532
21.2  4.3 ./cli kernel images/4096x40   0 355800
  PID User     Command                         Swap      USS      PSS      RSS 
35175 codespace ./cli kernel images/4096x40        0      100      147     1368 
43108 codespace /usr/bin/python3 /usr/bin/s        0    12052    12271    14460 
35173 codespace ./cli kernel images/4096x40        0   393320   393366   394532 
35165 codespace ./cli kernel images/4096x40        0   393320   393371   394572 
35169 codespace ./cli kernel images/4096x40        0   393324   393375   394548 
35171 codespace ./cli kernel images/4096x40        0   393324   393378   394612 
%CPU %MEM ARGS Wed Sep 30 20:48:39 UTC 2026
 0.0  0.0 grep --color=auto ./cli       0  2184
20.5  4.8 ./cli kernel images/4096x40   0 394572
20.9  4.8 ./cli kernel images/4096x40   0 394548
20.9  4.8 ./cli kernel images/4096x40   0 394612
21.0  4.8 ./cli kernel images/4096x40   0 394532
  PID User     Command                         Swap      USS      PSS      RSS 
43119 codespace /usr/bin/python3 /usr/bin/s        0    12056    12319    14532 
35173 codespace ./cli kernel images/4096x40        0   393320   393375   394532 
35165 codespace ./cli kernel images/4096x40        0   393320   393377   394572 
35169 codespace ./cli kernel images/4096x40        0   393324   393380   394548 
35171 codespace ./cli kernel images/4096x40        0   393324   393385   394612 
%CPU %MEM ARGS Wed Sep 30 20:48:40 UTC 2026
 0.0  0.0 grep --color=auto ./cli       0  2304
20.5  4.8 ./cli kernel images/4096x40   1 394572
20.9  4.8 ./cli kernel images/4096x40   0 394548
20.9  4.8 ./cli kernel images/4096x40   0 394612
21.0  4.8 ./cli kernel images/4096x40   0 394532
  PID User     Command                         Swap      USS      PSS      RSS 
43131 codespace /usr/bin/python3 /usr/bin/s        0    12056    12316    14536 
35173 codespace ./cli kernel images/4096x40        0   393320   393375   394532 
35165 codespace ./cli kernel images/4096x40        0   393320   393377   394572 
35169 codespace ./cli kernel images/4096x40        0   393324   393380   394548 
35171 codespace ./cli kernel images/4096x40        0   393324   393384   394612 
%CPU %MEM ARGS Wed Sep 30 20:48:41 UTC 2026
 0.0  0.0 grep --color=auto ./cli       0  2180
20.5  4.8 ./cli kernel images/4096x40   0 394572
20.9  4.8 ./cli kernel images/4096x40   0 394548
20.9  4.8 ./cli kernel images/4096x40   0 394612
21.0  4.8 ./cli kernel images/4096x40   0 394532
  PID User     Command                         Swap      USS      PSS      RSS 
43143 codespace /usr/bin/python3 /usr/bin/s        0    12060    12340    14508 
35173 codespace ./cli kernel images/4096x40        0   393320   393376   394532 
35165 codespace ./cli kernel images/4096x40        0   393320   393377   394572 
35169 codespace ./cli kernel images/4096x40        0   393324   393381   394548 
35171 codespace ./cli kernel images/4096x40        0   393324   393384   394612 
%CPU %MEM ARGS Wed Sep 30 20:48:42 UTC 2026
 0.0  0.0 grep --color=auto ./cli       0  2304
20.5  4.8 ./cli kernel images/4096x40   0 394572
20.9  4.8 ./cli kernel images/4096x40   1 394548
20.9  4.8 ./cli kernel images/4096x40   0 394612
21.0  4.8 ./cli kernel images/4096x40   0 394532
  PID User     Command                         Swap      USS      PSS      RSS 
43149 codespace /usr/bin/python3 /usr/bin/s        0    12076    12370    14584 
35173 codespace ./cli kernel images/4096x40        0   393320   393376   394532 
35165 codespace ./cli kernel images/4096x40        0   393320   393377   394572 
35169 codespace ./cli kernel images/4096x40        0   393324   393381   394548 
35171 codespace ./cli kernel images/4096x40        0   393324   393385   394612 
%CPU %MEM ARGS Wed Sep 30 20:48:43 UTC 2026
 0.0  0.0 grep --color=auto ./cli       0  2180
20.5  4.8 ./cli kernel images/4096x40   0 394572
20.9  4.8 ./cli kernel images/4096x40   1 394548
20.9  4.8 ./cli kernel images/4096x40   0 394612
21.0  4.8 ./cli kernel images/4096x40   0 394532
  PID User     Command                         Swap      USS      PSS      RSS 
43155 codespace /usr/bin/python3 /usr/bin/s        0    12056    12344    14616 
35165 codespace ./cli kernel images/4096x40        0   393320   393377   394572 
35169 codespace ./cli kernel images/4096x40        0   393324   393383   394548 
35171 codespace ./cli kernel images/4096x40        0   393324   393387   394612 
%CPU %MEM ARGS Wed Sep 30 20:48:43 UTC 2026
 0.0  0.0 grep --color=auto ./cli       0  2200
20.5  4.8 ./cli kernel images/4096x40   0 394572
20.9  4.8 ./cli kernel images/4096x40   0 394612
20.9  4.8 ./cli kernel images/4096x40   1 394548
  PID User     Command                         Swap      USS      PSS      RSS 
43167 codespace /usr/bin/python3 /usr/bin/s        0    12056    12316    14540 
35165 codespace ./cli kernel images/4096x40        0   393320   393379   394572 
35169 codespace ./cli kernel images/4096x40        0   393324   393383   394548 
35171 codespace ./cli kernel images/4096x40        0   393324   393386   394612 
%CPU %MEM ARGS Wed Sep 30 20:48:44 UTC 2026
 0.0  0.0 grep --color=auto ./cli       0  2152
20.5  4.8 ./cli kernel images/4096x40   0 394572
21.0  4.8 ./cli kernel images/4096x40   1 394612
21.0  2.9 ./cli kernel images/4096x40   0 239380
  PID User     Command                         Swap      USS      PSS      RSS 
43173 codespace /usr/bin/python3 /usr/bin/s        0    12044    12286    14464 
35165 codespace ./cli kernel images/4096x40        0   393320   393385   394572 
35171 codespace ./cli kernel images/4096x40        0   393324   393389   394612 
%CPU %MEM ARGS Wed Sep 30 20:48:45 UTC 2026
 0.0  0.0 grep --color=auto ./cli       0  2248
20.5  4.8 ./cli kernel images/4096x40   0 394572
  PID User     Command                         Swap      USS      PSS      RSS 
43184 codespace /usr/bin/python3 /usr/bin/s        0    12024    12306    14472 
35165 codespace ./cli kernel images/4096x40        0   393332   393394   394572 
%CPU %MEM ARGS Wed Sep 30 20:48:45 UTC 2026
 0.0  0.0 grep --color=auto ./cli       1  2308
20.6  4.8 ./cli kernel images/4096x40   0 394572
  PID User     Command                         Swap      USS      PSS      RSS 
43196 codespace /usr/bin/python3 /usr/bin/s        0    12012    12281    14492 
35165 codespace ./cli kernel images/4096x40        0   393332   393394   394572 
%CPU %MEM ARGS Wed Sep 30 20:48:46 UTC 2026
 0.0  0.0 grep --color=auto ./cli       1  2168
20.6  4.8 ./cli kernel images/4096x40   0 394572
  PID User     Command                         Swap      USS      PSS      RSS 
43201 codespace /usr/bin/python3 /usr/bin/s        0    12016    12301    14484 
35165 codespace ./cli kernel images/4096x40        0   393332   393395   394572 
%CPU %MEM ARGS Wed Sep 30 20:48:46 UTC 2026
 0.0  0.0 grep --color=auto ./cli       1  2176
20.6  4.8 ./cli kernel images/4096x40   0 394572
  PID User     Command                         Swap      USS      PSS      RSS 
43219 codespace /usr/bin/python3 /usr/bin/s        0    12024    12316    14472 
35165 codespace ./cli kernel images/4096x40        0   393332   393395   394572 
%CPU %MEM ARGS Wed Sep 30 20:48:47 UTC 2026
 0.0  0.0 grep --color=auto ./cli       1  2196
20.6  4.8 ./cli kernel images/4096x40   0 394572
  PID User     Command                         Swap      USS      PSS      RSS 
43231 codespace /usr/bin/python3 /usr/bin/s        0    12020    12290    14436 
35165 codespace ./cli kernel images/4096x40        0   393332   393395   394572 
%CPU %MEM ARGS Wed Sep 30 20:48:47 UTC 2026
 0.0  0.0 grep --color=auto ./cli       0  2252
20.6  4.8 ./cli kernel images/4096x40   0 394572
  PID User     Command                         Swap      USS      PSS      RSS 
43237 codespace /usr/bin/python3 /usr/bin/s        0    12016    12307    14524 
35165 codespace ./cli kernel images/4096x40        0   393332   393395   394572 
%CPU %MEM ARGS Wed Sep 30 20:48:47 UTC 2026
 0.0  0.0 grep --color=auto ./cli       0  2344
20.7  4.8 ./cli kernel images/4096x40   0 394572
  PID User     Command                         Swap      USS      PSS      RSS 
43248 codespace /usr/bin/python3 /usr/bin/s        0    12016    12278    14432 
35165 codespace ./cli kernel images/4096x40        0   393332   393394   394572 
%CPU %MEM ARGS Wed Sep 30 20:48:48 UTC 2026
 0.0  0.0 grep --color=auto ./cli       1  2184
20.7  4.8 ./cli kernel images/4096x40   0 394572
  PID User     Command                         Swap      USS      PSS      RSS 
43253 codespace /usr/bin/python3 /usr/bin/s        0    12036    12339    14544 
35165 codespace ./cli kernel images/4096x40        0   393332   393394   394572 
%CPU %MEM ARGS Wed Sep 30 20:48:48 UTC 2026
 0.0  0.0 grep --color=auto ./cli       1  2164
20.7  4.8 ./cli kernel images/4096x40   0 394572
  PID User     Command                         Swap      USS      PSS      RSS 
43259 codespace /usr/bin/python3 /usr/bin/s        0    12016    12279    14460 
35165 codespace ./cli kernel images/4096x40        0   393332   393395   394572 
%CPU %MEM ARGS Wed Sep 30 20:48:49 UTC 2026
 0.0  0.0 grep --color=auto ./cli       0  2340
20.7  4.8 ./cli kernel images/4096x40   0 394572
  PID User     Command                         Swap      USS      PSS      RSS 
43264 codespace /usr/bin/python3 /usr/bin/s        0    12016    12312    14576 
35165 codespace ./cli kernel images/4096x40        0   393332   393394   394572 
%CPU %MEM ARGS Wed Sep 30 20:48:49 UTC 2026
 0.0  0.0 grep --color=auto ./cli       1  2152
20.8  4.8 ./cli kernel images/4096x40   0 394572
  PID User     Command                         Swap      USS      PSS      RSS 
43270 codespace /usr/bin/python3 /usr/bin/s        0    12020    12287    14436 
35165 codespace ./cli kernel images/4096x40        0   393332   393394   394572 
%CPU %MEM ARGS Wed Sep 30 20:48:50 UTC 2026
 0.0  0.0 grep --color=auto ./cli       1  2200
20.8  4.8 ./cli kernel images/4096x40   1 394572
  PID User     Command                         Swap      USS      PSS      RSS 
43281 codespace /usr/bin/python3 /usr/bin/s        0    12016    12283    14432 
35165 codespace ./cli kernel images/4096x40        0   393332   393394   394572 
%CPU %MEM ARGS Wed Sep 30 20:48:50 UTC 2026
 0.0  0.0 grep --color=auto ./cli       1  2252
20.8  4.8 ./cli kernel images/4096x40   0 394572
  PID User     Command                         Swap      USS      PSS      RSS 
43286 codespace /usr/bin/python3 /usr/bin/s        0    12036    12336    14544 
35165 codespace ./cli kernel images/4096x40        0   393332   393394   394572 
