%CPU %MEM ARGS Wed Sep 30 21:04:56 UTC 2026
 0.0  0.0 grep --color=auto ./cli       0  2164
  PID User     Command                         Swap      USS      PSS      RSS 
50214 codespace ./cli mmap images/4096x4096        0     1988     2435     5188 
50208 codespace ./cli mmap images/4096x4096        0     2212     2717     5700 
50212 codespace ./cli mmap images/4096x4096        0     2272     2786     5788 
50205 codespace ./cli mmap images/4096x4096        0     2420     3052     6160 
50203 codespace ./cli mmap images/4096x4096        0     2844     3429     6364 
50197 codespace /usr/bin/python3 /usr/bin/s        0    11904    12169    14356 
%CPU %MEM ARGS Wed Sep 30 21:04:57 UTC 2026
 0.0  0.0 grep --color=auto ./cli       1  2340
28.2  0.1 ./cli mmap images/4096x4096   0 12796
31.9  0.1 ./cli mmap images/4096x4096   0 14372
32.6  0.1 ./cli mmap images/4096x4096   1 15220
33.3  0.1 ./cli mmap images/4096x4096   1 14880
34.0  0.1 ./cli mmap images/4096x4096   0 13424
  PID User     Command                         Swap      USS      PSS      RSS 
50212 codespace ./cli mmap images/4096x4096        0     8520    10276    18308 
50214 codespace ./cli mmap images/4096x4096        0     8996    10862    19172 
50208 codespace ./cli mmap images/4096x4096        0     9136    11067    19536 
50205 codespace ./cli mmap images/4096x4096        0     9324    11356    19912 
50203 codespace ./cli mmap images/4096x4096        0     9868    11877    20300 
50220 codespace /usr/bin/python3 /usr/bin/s        0    12064    12317    14544 
%CPU %MEM ARGS Wed Sep 30 21:04:57 UTC 2026
 0.0  0.0 grep --color=auto ./cli       1  2288
30.3  0.3 ./cli mmap images/4096x4096   0 26520
31.0  0.3 ./cli mmap images/4096x4096   1 26932
31.9  0.3 ./cli mmap images/4096x4096   0 27112
33.3  0.3 ./cli mmap images/4096x4096   0 29644
33.6  0.3 ./cli mmap images/4096x4096   1 28984
  PID User     Command                         Swap      USS      PSS      RSS 
50227 codespace /usr/bin/python3 /usr/bin/s        0    12064    12295    14520 
50212 codespace ./cli mmap images/4096x4096        0    15188    18269    31632 
50208 codespace ./cli mmap images/4096x4096        0    15260    18363    31804 
50214 codespace ./cli mmap images/4096x4096        0    15632    18829    32464 
50205 codespace ./cli mmap images/4096x4096        0    16304    19892    33868 
50203 codespace ./cli mmap images/4096x4096        0    17148    20701    34492 
%CPU %MEM ARGS Wed Sep 30 21:04:58 UTC 2026
 0.0  0.0 grep --color=auto ./cli       1  2192
31.7  0.4 ./cli mmap images/4096x4096   0 40580
32.8  0.5 ./cli mmap images/4096x4096   0 41200
32.8  0.5 ./cli mmap images/4096x4096   0 41132
33.1  0.5 ./cli mmap images/4096x4096   0 42976
33.9  0.5 ./cli mmap images/4096x4096   1 43312
  PID User     Command                         Swap      USS      PSS      RSS 
50247 codespace /usr/bin/python3 /usr/bin/s        0    12060    12272    14476 
50212 codespace ./cli mmap images/4096x4096        0    22140    26616    45560 
50208 codespace ./cli mmap images/4096x4096        0    22340    26889    46052 
50214 codespace ./cli mmap images/4096x4096        0    22516    27092    46260 
50205 codespace ./cli mmap images/4096x4096        0    24136    29565    49572 
50203 codespace ./cli mmap images/4096x4096        0    28340    33741    53620 
%CPU %MEM ARGS Wed Sep 30 21:04:59 UTC 2026
 0.0  0.0 grep --color=auto ./cli       0  2248
29.8  0.6 ./cli mmap images/4096x4096   0 52488
30.1  0.6 ./cli mmap images/4096x4096   0 53068
32.5  0.6 ./cli mmap images/4096x4096   1 55656
32.8  0.6 ./cli mmap images/4096x4096   0 56852
36.4  0.7 ./cli mmap images/4096x4096   1 64312
  PID User     Command                         Swap      USS      PSS      RSS 
50253 codespace /usr/bin/python3 /usr/bin/s        0    12064    12341    14572 
50212 codespace ./cli mmap images/4096x4096        0    28264    33975    57828 
50208 codespace ./cli mmap images/4096x4096        0    28468    34220    58196 
50205 codespace ./cli mmap images/4096x4096        0    30052    36386    61504 
50214 codespace ./cli mmap images/4096x4096        0    30516    36962    62260 
50203 codespace ./cli mmap images/4096x4096        0    38684    45076    70044 
%CPU %MEM ARGS Wed Sep 30 21:04:59 UTC 2026
 0.0  0.0 grep --color=auto ./cli       1  2292
29.5  0.8 ./cli mmap images/4096x4096   0 65280
30.2  0.8 ./cli mmap images/4096x4096   0 65860
31.5  0.8 ./cli mmap images/4096x4096   0 69432
33.5  0.8 ./cli mmap images/4096x4096   1 72152
37.0  0.9 ./cli mmap images/4096x4096   1 80824
  PID User     Command                         Swap      USS      PSS      RSS 
50282 codespace /usr/bin/python3 /usr/bin/s        0    12064    12325    14444 
50212 codespace ./cli mmap images/4096x4096        0    34960    42015    71244 
50208 codespace ./cli mmap images/4096x4096        0    35128    42224    71576 
50205 codespace ./cli mmap images/4096x4096        0    36644    44287    74624 
50214 codespace ./cli mmap images/4096x4096        0    38428    46843    78108 
50203 codespace ./cli mmap images/4096x4096        0    46480    54815    85648 
%CPU %MEM ARGS Wed Sep 30 21:05:00 UTC 2026
 0.0  0.0 grep --color=auto ./cli       0  2252
29.8  0.9 ./cli mmap images/4096x4096   1 79404
29.9  0.9 ./cli mmap images/4096x4096   0 79632
31.5  1.0 ./cli mmap images/4096x4096   0 83648
33.2  1.0 ./cli mmap images/4096x4096   1 86612
35.7  1.1 ./cli mmap images/4096x4096   1 95160
  PID User     Command                         Swap      USS      PSS      RSS 
50293 codespace /usr/bin/python3 /usr/bin/s        0    12064    12312    14480 
50208 codespace ./cli mmap images/4096x4096        0    40468    48627    82292 
50212 codespace ./cli mmap images/4096x4096        0    40788    49008    82832 
50205 codespace ./cli mmap images/4096x4096        0    43648    52853    88604 
50214 codespace ./cli mmap images/4096x4096        0    44304    53750    89872 
50203 codespace ./cli mmap images/4096x4096        0    52616    62022    97864 
%CPU %MEM ARGS Wed Sep 30 21:05:00 UTC 2026
 0.0  0.0 grep --color=auto ./cli       0  2196
29.4  1.1 ./cli mmap images/4096x4096   0 90136
30.9  1.1 ./cli mmap images/4096x4096   1 94332
32.1  1.1 ./cli mmap images/4096x4096   0 96096
32.6  1.2 ./cli mmap images/4096x4096   1 98888
34.6  1.2 ./cli mmap images/4096x4096   0 104776
  PID User     Command                         Swap      USS      PSS      RSS 
50299 codespace /usr/bin/python3 /usr/bin/s        0    12048    12302    14528 
50208 codespace ./cli mmap images/4096x4096        0    47120    56610    95600 
50212 codespace ./cli mmap images/4096x4096        0    49492    59552   100240 
50214 codespace ./cli mmap images/4096x4096        0    50228    60525   101684 
50205 codespace ./cli mmap images/4096x4096        0    51860    63103   105136 
50203 codespace ./cli mmap images/4096x4096        0    56896    68060   109888 
%CPU %MEM ARGS Wed Sep 30 21:05:01 UTC 2026
 0.0  0.0 grep --color=auto ./cli       1  2176
30.0  1.2 ./cli mmap images/4096x4096   1 103740
31.0  1.3 ./cli mmap images/4096x4096   0 107024
31.6  1.3 ./cli mmap images/4096x4096   0 108144
33.8  1.4 ./cli mmap images/4096x4096   0 116968
34.5  1.4 ./cli mmap images/4096x4096   1 118300
  PID User     Command                         Swap      USS      PSS      RSS 
50304 codespace /usr/bin/python3 /usr/bin/s        0    12084    12374    14592 
50208 codespace ./cli mmap images/4096x4096        0    54112    64985   109504 
50212 codespace ./cli mmap images/4096x4096        0    55752    67028   112772 
50214 codespace ./cli mmap images/4096x4096        0    56528    68041   114256 
50203 codespace ./cli mmap images/4096x4096        0    60376    73988   122008 
50205 codespace ./cli mmap images/4096x4096        0    61700    75368   123616 
%CPU %MEM ARGS Wed Sep 30 21:05:01 UTC 2026
 0.0  0.0 grep --color=auto ./cli       1  2212
30.3  1.4 ./cli mmap images/4096x4096   1 119476
30.8  1.4 ./cli mmap images/4096x4096   0 121352
31.4  1.4 ./cli mmap images/4096x4096   1 121428
33.3  1.6 ./cli mmap images/4096x4096   1 130268
34.5  1.6 ./cli mmap images/4096x4096   1 133920
  PID User     Command                         Swap      USS      PSS      RSS 
50316 codespace /usr/bin/python3 /usr/bin/s        0    12060    12303    14484 
50208 codespace ./cli mmap images/4096x4096        0    61456    73813   124272 
50214 codespace ./cli mmap images/4096x4096        0    62532    75127   126276 
50212 codespace ./cli mmap images/4096x4096        0    63020    75827   127400 
50203 codespace ./cli mmap images/4096x4096        0    66924    81882   135212 
50205 codespace ./cli mmap images/4096x4096        0    71104    86146   139740 
%CPU %MEM ARGS Wed Sep 30 21:05:02 UTC 2026
 0.0  0.0 grep --color=auto ./cli       0  2184
30.7  1.6 ./cli mmap images/4096x4096   0 133688
31.2  1.6 ./cli mmap images/4096x4096   0 136564
31.3  1.6 ./cli mmap images/4096x4096   1 134472
33.4  1.7 ./cli mmap images/4096x4096   1 145268
34.2  1.8 ./cli mmap images/4096x4096   1 148168
  PID User     Command                         Swap      USS      PSS      RSS 
50321 codespace /usr/bin/python3 /usr/bin/s        0    12068    12348    14596 
50208 codespace ./cli mmap images/4096x4096        0    68880    82722   139120 
50212 codespace ./cli mmap images/4096x4096        0    70508    84760   142376 
50214 codespace ./cli mmap images/4096x4096        0    71612    86196   144508 
50205 codespace ./cli mmap images/4096x4096        0    75872    92799   153084 
50203 codespace ./cli mmap images/4096x4096        0    76048    92939   152976 
%CPU %MEM ARGS Wed Sep 30 21:05:02 UTC 2026
 0.0  0.0 grep --color=auto ./cli       0  2192
30.9  1.8 ./cli mmap images/4096x4096   0 148672
31.5  1.8 ./cli mmap images/4096x4096   1 151976
31.9  1.8 ./cli mmap images/4096x4096   1 153424
33.6  2.0 ./cli mmap images/4096x4096   0 163652
33.7  1.9 ./cli mmap images/4096x4096   0 162216
  PID User     Command                         Swap      USS      PSS      RSS 
50327 codespace /usr/bin/python3 /usr/bin/s        0    12068    12311    14576 
50208 codespace ./cli mmap images/4096x4096        0    76532    91904   154452 
50212 codespace ./cli mmap images/4096x4096        0    78492    94335   158296 
50214 codespace ./cli mmap images/4096x4096        0    79376    95487   160016 
50205 codespace ./cli mmap images/4096x4096        0    83076   101244   167584 
50203 codespace ./cli mmap images/4096x4096        0    84368   102477   168528 
%CPU %MEM ARGS Wed Sep 30 21:05:03 UTC 2026
 0.0  0.0 grep --color=auto ./cli       1  2340
31.0  2.0 ./cli mmap images/4096x4096   0 163612
31.5  2.0 ./cli mmap images/4096x4096   1 167284
32.2  2.0 ./cli mmap images/4096x4096   1 168668
33.3  2.1 ./cli mmap images/4096x4096   1 175908
33.6  2.1 ./cli mmap images/4096x4096   0 178500
  PID User     Command                         Swap      USS      PSS      RSS 
50348 codespace /usr/bin/python3 /usr/bin/s        0    12040    12262    14516 
50208 codespace ./cli mmap images/4096x4096        0    83796   100614   168948 
50214 codespace ./cli mmap images/4096x4096        0    86620   104116   174492 
50212 codespace ./cli mmap images/4096x4096        0    87884   105837   177096 
50205 codespace ./cli mmap images/4096x4096        0    89532   108441   180440 
50203 codespace ./cli mmap images/4096x4096        0    92608   111499   183296 
%CPU %MEM ARGS Wed Sep 30 21:05:04 UTC 2026
 0.0  0.0 grep --color=auto ./cli       1  2180
31.0  2.2 ./cli mmap images/4096x4096   1 180400
31.4  2.2 ./cli mmap images/4096x4096   0 181732
32.0  2.2 ./cli mmap images/4096x4096   1 186232
32.5  2.3 ./cli mmap images/4096x4096   0 188744
32.9  2.3 ./cli mmap images/4096x4096   1 192224
  PID User     Command                         Swap      USS      PSS      RSS 
50370 codespace /usr/bin/python3 /usr/bin/s        0    12064    12327    14468 
50208 codespace ./cli mmap images/4096x4096        0    92884   111539   187188 
50214 codespace ./cli mmap images/4096x4096        0    93528   112325   188440 
50212 codespace ./cli mmap images/4096x4096        0    96072   115737   193540 
50205 codespace ./cli mmap images/4096x4096        0    96328   116291   194084 
50203 codespace ./cli mmap images/4096x4096        0    99728   119651   197200 
%CPU %MEM ARGS Wed Sep 30 21:05:04 UTC 2026
 0.0  0.0 grep --color=auto ./cli       0  2304
31.2  2.4 ./cli mmap images/4096x4096   1 195500
31.8  2.4 ./cli mmap images/4096x4096   0 197856
32.0  2.4 ./cli mmap images/4096x4096   1 201384
32.8  2.5 ./cli mmap images/4096x4096   1 206388
32.8  2.5 ./cli mmap images/4096x4096   0 204872
  PID User     Command                         Swap      USS      PSS      RSS 
50384 codespace /usr/bin/python3 /usr/bin/s        0    12084    12372    14592 
50208 codespace ./cli mmap images/4096x4096        0    99400   119335   200104 
50212 codespace ./cli mmap images/4096x4096        0   102592   123341   206524 
50214 codespace ./cli mmap images/4096x4096        0   102628   123348   206500 
50205 codespace ./cli mmap images/4096x4096        0   103656   125066   208708 
50203 codespace ./cli mmap images/4096x4096        0   105808   127189   210448 
%CPU %MEM ARGS Wed Sep 30 21:05:05 UTC 2026
 0.0  0.0 grep --color=auto ./cli       1  2196
31.2  2.6 ./cli mmap images/4096x4096   0 211508
31.6  2.6 ./cli mmap images/4096x4096   0 215052
31.7  2.6 ./cli mmap images/4096x4096   1 213200
31.9  2.6 ./cli mmap images/4096x4096   0 218600
32.0  2.6 ./cli mmap images/4096x4096   1 216504
  PID User     Command                         Swap      USS      PSS      RSS 
50406 codespace /usr/bin/python3 /usr/bin/s        0    12060    12292    14516 
50208 codespace ./cli mmap images/4096x4096        0   108068   129768   217604 
50214 codespace ./cli mmap images/4096x4096        0   109524   131529   220308 
50212 codespace ./cli mmap images/4096x4096        0   110232   132508   221780 
50205 codespace ./cli mmap images/4096x4096        0   110300   132826   222072 
50203 codespace ./cli mmap images/4096x4096        0   112284   134739   223644 
%CPU %MEM ARGS Wed Sep 30 21:05:05 UTC 2026
 0.0  0.0 grep --color=auto ./cli       0  2212
30.8  2.7 ./cli mmap images/4096x4096   0 224792
31.3  2.8 ./cli mmap images/4096x4096   0 228468
31.6  2.8 ./cli mmap images/4096x4096   0 232000
31.8  2.8 ./cli mmap images/4096x4096   0 230032
32.2  2.8 ./cli mmap images/4096x4096   1 231860
  PID User     Command                         Swap      USS      PSS      RSS 
50424 codespace /usr/bin/python3 /usr/bin/s        0    12068    12337    14484 
50208 codespace ./cli mmap images/4096x4096        0   113964   136830   229324 
50212 codespace ./cli mmap images/4096x4096        0   116080   139471   233580 
50205 codespace ./cli mmap images/4096x4096        0   116248   139798   234036 
50203 codespace ./cli mmap images/4096x4096        0   117024   141023   235424 
50214 codespace ./cli mmap images/4096x4096        0   123312   147510   242800 
%CPU %MEM ARGS Wed Sep 30 21:05:06 UTC 2026
 0.0  0.0 grep --color=auto ./cli       0  2164
30.6  2.9 ./cli mmap images/4096x4096   0 238112
31.3  2.9 ./cli mmap images/4096x4096   1 243372
31.5  3.0 ./cli mmap images/4096x4096   0 245320
31.5  2.9 ./cli mmap images/4096x4096   0 243364
32.9  3.0 ./cli mmap images/4096x4096   1 252116
  PID User     Command                         Swap      USS      PSS      RSS 
50429 codespace /usr/bin/python3 /usr/bin/s        0    12064    12312    14480 
50208 codespace ./cli mmap images/4096x4096        0   121540   145929   244516 
50205 codespace ./cli mmap images/4096x4096        0   123856   148843   249132 
50212 codespace ./cli mmap images/4096x4096        0   124288   149346   249980 
50203 codespace ./cli mmap images/4096x4096        0   124596   150047   250548 
50214 codespace ./cli mmap images/4096x4096        0   132184   157838   259288 
%CPU %MEM ARGS Wed Sep 30 21:05:07 UTC 2026
 0.0  0.0 grep --color=auto ./cli       0  2160
30.9  3.1 ./cli mmap images/4096x4096   0 253368
31.6  3.2 ./cli mmap images/4096x4096   0 260340
31.6  3.1 ./cli mmap images/4096x4096   0 258476
31.7  3.1 ./cli mmap images/4096x4096   1 259748
33.1  3.3 ./cli mmap images/4096x4096   1 268400
  PID User     Command                         Swap      USS      PSS      RSS 
50435 codespace /usr/bin/python3 /usr/bin/s        0    12060    12309    14476 
50208 codespace ./cli mmap images/4096x4096        0   129452   155428   260364 
50205 codespace ./cli mmap images/4096x4096        0   131736   158304   264948 
50203 codespace ./cli mmap images/4096x4096        0   132340   159239   266036 
50212 codespace ./cli mmap images/4096x4096        0   132672   159448   266748 
50214 codespace ./cli mmap images/4096x4096        0   141004   168133   275916 
%CPU %MEM ARGS Wed Sep 30 21:05:07 UTC 2026
 0.0  0.0 grep --color=auto ./cli       1  2244
30.9  3.3 ./cli mmap images/4096x4096   0 269112
31.6  3.3 ./cli mmap images/4096x4096   0 276072
31.7  3.3 ./cli mmap images/4096x4096   0 274348
32.0  3.4 ./cli mmap images/4096x4096   1 276896
33.3  3.5 ./cli mmap images/4096x4096   1 285416
  PID User     Command                         Swap      USS      PSS      RSS 
50441 codespace /usr/bin/python3 /usr/bin/s        0    12064    12327    14516 
50208 codespace ./cli mmap images/4096x4096        0   137112   164625   275704 
50205 codespace ./cli mmap images/4096x4096        0   139404   167474   280168 
50203 codespace ./cli mmap images/4096x4096        0   139952   168269   281264 
50212 codespace ./cli mmap images/4096x4096        0   141244   169948   283896 
50214 codespace ./cli mmap images/4096x4096        0   149968   178742   292944 
%CPU %MEM ARGS Wed Sep 30 21:05:08 UTC 2026
 0.0  0.0 grep --color=auto ./cli       0  2300
31.1  3.5 ./cli mmap images/4096x4096   1 285876
31.7  3.5 ./cli mmap images/4096x4096   0 291792
31.7  3.5 ./cli mmap images/4096x4096   1 289340
32.0  3.6 ./cli mmap images/4096x4096   1 293364
33.2  3.6 ./cli mmap images/4096x4096   0 300900
  PID User     Command                         Swap      USS      PSS      RSS 
50452 codespace /usr/bin/python3 /usr/bin/s        0    12112    12387    14620 
50208 codespace ./cli mmap images/4096x4096        0   145500   174690   292476 
50205 codespace ./cli mmap images/4096x4096        0   146808   176336   295060 
50203 codespace ./cli mmap images/4096x4096        0   147756   177623   296812 
50212 codespace ./cli mmap images/4096x4096        0   149636   180152   300672 
50214 codespace ./cli mmap images/4096x4096        0   156772   187521   308516 
%CPU %MEM ARGS Wed Sep 30 21:05:09 UTC 2026
 0.0  0.0 grep --color=auto ./cli       0  2152
31.0  3.7 ./cli mmap images/4096x4096   1 303412
31.6  3.8 ./cli mmap images/4096x4096   0 309208
31.6  3.7 ./cli mmap images/4096x4096   1 306732
32.0  3.8 ./cli mmap images/4096x4096   0 310280
33.1  3.9 ./cli mmap images/4096x4096   0 318260
  PID User     Command                         Swap      USS      PSS      RSS 
50458 codespace /usr/bin/python3 /usr/bin/s        0    12072    12360    14580 
50208 codespace ./cli mmap images/4096x4096        0   154652   185646   310652 
50205 codespace ./cli mmap images/4096x4096        0   155420   186619   312184 
50203 codespace ./cli mmap images/4096x4096        0   156248   187794   313880 
50212 codespace ./cli mmap images/4096x4096        0   157512   189444   316420 
50214 codespace ./cli mmap images/4096x4096        0   165680   197653   324720 
%CPU %MEM ARGS Wed Sep 30 21:05:09 UTC 2026
 0.0  0.0 grep --color=auto ./cli       1  2248
31.4  3.9 ./cli mmap images/4096x4096   0 322412
31.4  3.9 ./cli mmap images/4096x4096   0 320412
31.5  3.9 ./cli mmap images/4096x4096   1 322112
31.8  3.9 ./cli mmap images/4096x4096   1 325280
32.8  4.0 ./cli mmap images/4096x4096   0 331452
  PID User     Command                         Swap      USS      PSS      RSS 
50468 codespace /usr/bin/python3 /usr/bin/s        0    12060    12321    14512 
50205 codespace ./cli mmap images/4096x4096        0   162480   195061   326412 
50203 codespace ./cli mmap images/4096x4096        0   163280   196111   327952 
50208 codespace ./cli mmap images/4096x4096        0   163516   196367   328604 
50212 codespace ./cli mmap images/4096x4096        0   165608   199247   332580 
50214 codespace ./cli mmap images/4096x4096        0   171892   205677   339444 
%CPU %MEM ARGS Wed Sep 30 21:05:10 UTC 2026
 0.0  0.0 grep --color=auto ./cli       0  2188
31.1  4.1 ./cli mmap images/4096x4096   0 335136
31.3  4.1 ./cli mmap images/4096x4096   1 338744
31.5  4.1 ./cli mmap images/4096x4096   1 340548
31.5  4.1 ./cli mmap images/4096x4096   0 339712
32.4  4.2 ./cli mmap images/4096x4096   0 345324
  PID User     Command                         Swap      USS      PSS      RSS 
50481 codespace /usr/bin/python3 /usr/bin/s        0    12084    12374    14592 
50205 codespace ./cli mmap images/4096x4096        0   169836   203889   341128 
50203 codespace ./cli mmap images/4096x4096        0   171124   205508   343604 
50208 codespace ./cli mmap images/4096x4096        0   172716   207578   346892 
50212 codespace ./cli mmap images/4096x4096        0   172948   207808   347344 
50214 codespace ./cli mmap images/4096x4096        0   178764   213736   353548 
%CPU %MEM ARGS Wed Sep 30 21:05:10 UTC 2026
 0.0  0.0 grep --color=auto ./cli       0  2248
31.2  4.3 ./cli mmap images/4096x4096   0 350660
31.6  4.3 ./cli mmap images/4096x4096   1 356412
31.6  4.3 ./cli mmap images/4096x4096   0 355476
31.9  4.4 ./cli mmap images/4096x4096   1 358356
32.4  4.4 ./cli mmap images/4096x4096   0 360808
  PID User     Command                         Swap      USS      PSS      RSS 
50487 codespace /usr/bin/python3 /usr/bin/s        0    12068    12325    14520 
50205 codespace ./cli mmap images/4096x4096        0   177484   213058   356392 
50203 codespace ./cli mmap images/4096x4096        0   180272   216642   361968 
50212 codespace ./cli mmap images/4096x4096        0   180592   216925   362668 
50208 codespace ./cli mmap images/4096x4096        0   181984   218977   365440 
50214 codespace ./cli mmap images/4096x4096        0   184768   221912   368896 
%CPU %MEM ARGS Wed Sep 30 21:05:11 UTC 2026
 0.0  0.0 grep --color=auto ./cli       0  2296
31.0  4.4 ./cli mmap images/4096x4096   0 365588
31.4  4.5 ./cli mmap images/4096x4096   0 370288
31.5  4.5 ./cli mmap images/4096x4096   1 372548
31.8  4.6 ./cli mmap images/4096x4096   1 374424
32.1  4.6 ./cli mmap images/4096x4096   0 375748
  PID User     Command                         Swap      USS      PSS      RSS 
50498 codespace /usr/bin/python3 /usr/bin/s        0    12084    12375    14592 
50205 codespace ./cli mmap images/4096x4096        0   184900   221974   371296 
50212 codespace ./cli mmap images/4096x4096        0   188096   225906   377596 
50203 codespace ./cli mmap images/4096x4096        0   188824   227064   379096 
50214 codespace ./cli mmap images/4096x4096        0   191208   230170   383848 
50208 codespace ./cli mmap images/4096x4096        0   195156   233985   387124 
%CPU %MEM ARGS Wed Sep 30 21:05:12 UTC 2026
 0.0  0.0 grep --color=auto ./cli       0  2156
31.0  4.7 ./cli mmap images/4096x4096   1 382620
31.4  4.7 ./cli mmap images/4096x4096   1 386336
31.7  4.8 ./cli mmap images/4096x4096   1 391136
32.1  4.8 ./cli mmap images/4096x4096   0 394636
32.2  4.8 ./cli mmap images/4096x4096   0 391788
  PID User     Command                         Swap      USS      PSS      RSS 
50504 codespace /usr/bin/python3 /usr/bin/s        0    12060    12338    14508 
50205 codespace ./cli mmap images/4096x4096        0   193932   232785   389224 
50214 codespace ./cli mmap images/4096x4096        0   196708   236143   394536 
50212 codespace ./cli mmap images/4096x4096        0   196712   236165   394600 
50208 codespace ./cli mmap images/4096x4096        0   196712   236197   394636 
50203 codespace ./cli mmap images/4096x4096        0   196712   236244   394540 
%CPU %MEM ARGS Wed Sep 30 21:05:13 UTC 2026
 0.0  0.0 grep --color=auto ./cli       0  2172
30.4  4.8 ./cli mmap images/4096x4096   0 394628
30.8  4.8 ./cli mmap images/4096x4096   0 394600
31.3  4.8 ./cli mmap images/4096x4096   0 394536
31.3  4.8 ./cli mmap images/4096x4096   0 394636
31.5  4.8 ./cli mmap images/4096x4096   1 394540
  PID User     Command                         Swap      USS      PSS      RSS 
50516 codespace /usr/bin/python3 /usr/bin/s        0    12060    12331    14476 
50214 codespace ./cli mmap images/4096x4096        0   196708   236082   394536 
50203 codespace ./cli mmap images/4096x4096        0   196712   236086   394540 
50205 codespace ./cli mmap images/4096x4096        0   196708   236087   394628 
50212 codespace ./cli mmap images/4096x4096        0   196712   236088   394600 
50208 codespace ./cli mmap images/4096x4096        0   196712   236091   394636 
%CPU %MEM ARGS Wed Sep 30 21:05:14 UTC 2026
 0.0  0.0 grep --color=auto ./cli       0  2204
29.5  4.8 ./cli mmap images/4096x4096   0 394628
30.1  4.8 ./cli mmap images/4096x4096   1 394600
30.4  4.8 ./cli mmap images/4096x4096   0 394536
30.4  4.8 ./cli mmap images/4096x4096   0 394636
31.1  4.8 ./cli mmap images/4096x4096   0 394540
  PID User     Command                         Swap      USS      PSS      RSS 
50522 codespace /usr/bin/python3 /usr/bin/s        0    12064    12312    14480 
50214 codespace ./cli mmap images/4096x4096        0   196708   236082   394536 
50205 codespace ./cli mmap images/4096x4096        0   196708   236083   394628 
50203 codespace ./cli mmap images/4096x4096        0   196712   236086   394540 
50212 codespace ./cli mmap images/4096x4096        0   196712   236088   394600 
50208 codespace ./cli mmap images/4096x4096        0   196712   236091   394636 
%CPU %MEM ARGS Wed Sep 30 21:05:15 UTC 2026
 0.0  0.0 grep --color=auto ./cli       0  2288
28.5  4.8 ./cli mmap images/4096x4096   1 394628
29.4  4.8 ./cli mmap images/4096x4096   1 394536
29.6  4.8 ./cli mmap images/4096x4096   0 394636
30.1  4.8 ./cli mmap images/4096x4096   0 394600
30.1  4.8 ./cli mmap images/4096x4096   1 394540
  PID User     Command                         Swap      USS      PSS      RSS 
50552 codespace /usr/bin/python3 /usr/bin/s        0    12076    12356    14524 
50214 codespace ./cli mmap images/4096x4096        0   196708   236082   394536 
50203 codespace ./cli mmap images/4096x4096        0   196712   236086   394540 
50205 codespace ./cli mmap images/4096x4096        0   196708   236087   394628 
50212 codespace ./cli mmap images/4096x4096        0   196712   236088   394600 
50208 codespace ./cli mmap images/4096x4096        0   196712   236091   394636 
%CPU %MEM ARGS Wed Sep 30 21:05:16 UTC 2026
 0.0  0.0 grep --color=auto ./cli       1  2172
28.5  4.8 ./cli mmap images/4096x4096   1 394628
28.8  4.8 ./cli mmap images/4096x4096   0 394536
29.1  4.8 ./cli mmap images/4096x4096   0 394636
29.4  4.8 ./cli mmap images/4096x4096   0 394600
29.4  4.8 ./cli mmap images/4096x4096   0 394540
  PID User     Command                         Swap      USS      PSS      RSS 
50564 codespace /usr/bin/python3 /usr/bin/s        0    12064    12312    14480 
50203 codespace ./cli mmap images/4096x4096        0   196712   236079   394540 
50214 codespace ./cli mmap images/4096x4096        0   196708   236082   394536 
50212 codespace ./cli mmap images/4096x4096        0   196712   236084   394600 
50205 codespace ./cli mmap images/4096x4096        0   196708   236087   394628 
50208 codespace ./cli mmap images/4096x4096        0   196712   236090   394636 
%CPU %MEM ARGS Wed Sep 30 21:05:17 UTC 2026
 0.0  0.0 grep --color=auto ./cli       0  2336
28.0  4.8 ./cli mmap images/4096x4096   0 394536
28.3  4.8 ./cli mmap images/4096x4096   0 394636
28.6  4.8 ./cli mmap images/4096x4096   1 394628
28.7  4.8 ./cli mmap images/4096x4096   0 394600
28.7  4.8 ./cli mmap images/4096x4096   0 394540
  PID User     Command                         Swap      USS      PSS      RSS 
50581 codespace /usr/bin/python3 /usr/bin/s        0    12068    12337    14484 
50214 codespace ./cli mmap images/4096x4096        0   196708   236082   394536 
50203 codespace ./cli mmap images/4096x4096        0   196712   236086   394540 
50205 codespace ./cli mmap images/4096x4096        0   196708   236086   394628 
50212 codespace ./cli mmap images/4096x4096        0   196712   236088   394600 
50208 codespace ./cli mmap images/4096x4096        0   196712   236091   394636 
%CPU %MEM ARGS Wed Sep 30 21:05:18 UTC 2026
 0.0  0.0 grep --color=auto ./cli       0  2252
27.5  4.8 ./cli mmap images/4096x4096   0 394536
27.7  4.8 ./cli mmap images/4096x4096   0 394636
28.1  4.8 ./cli mmap images/4096x4096   0 394600
28.1  4.8 ./cli mmap images/4096x4096   0 394540
28.8  4.8 ./cli mmap images/4096x4096   1 394628
  PID User     Command                         Swap      USS      PSS      RSS 
50587 codespace /usr/bin/python3 /usr/bin/s        0    12072    12345    14520 
50214 codespace ./cli mmap images/4096x4096        0   196708   236082   394536 
50203 codespace ./cli mmap images/4096x4096        0   196712   236086   394540 
50205 codespace ./cli mmap images/4096x4096        0   196708   236087   394628 
50212 codespace ./cli mmap images/4096x4096        0   196712   236087   394600 
50208 codespace ./cli mmap images/4096x4096        0   196712   236092   394636 
%CPU %MEM ARGS Wed Sep 30 21:05:19 UTC 2026
 0.0  0.0 grep --color=auto ./cli       1  2296
27.0  4.8 ./cli mmap images/4096x4096   1 394536
27.2  4.8 ./cli mmap images/4096x4096   1 394636
27.6  4.8 ./cli mmap images/4096x4096   1 394540
27.8  4.8 ./cli mmap images/4096x4096   0 394600
28.4  4.8 ./cli mmap images/4096x4096   1 394628
  PID User     Command                         Swap      USS      PSS      RSS 
50599 codespace /usr/bin/python3 /usr/bin/s        0    12084    12372    14592 
50214 codespace ./cli mmap images/4096x4096        0   196708   236082   394536 
50203 codespace ./cli mmap images/4096x4096        0   196712   236086   394540 
50205 codespace ./cli mmap images/4096x4096        0   196708   236087   394628 
50212 codespace ./cli mmap images/4096x4096        0   196712   236088   394600 
50208 codespace ./cli mmap images/4096x4096        0   196712   236091   394636 
%CPU %MEM ARGS Wed Sep 30 21:05:20 UTC 2026
 0.0  0.0 grep --color=auto ./cli       0  2192
26.6  4.8 ./cli mmap images/4096x4096   1 394536
26.9  4.8 ./cli mmap images/4096x4096   1 394636
27.2  4.8 ./cli mmap images/4096x4096   1 394540
27.7  4.8 ./cli mmap images/4096x4096   1 394600
28.0  4.8 ./cli mmap images/4096x4096   1 394628
  PID User     Command                         Swap      USS      PSS      RSS 
50605 codespace /usr/bin/python3 /usr/bin/s        0    12064    12320    14548 
50214 codespace ./cli mmap images/4096x4096        0   196708   236082   394536 
50203 codespace ./cli mmap images/4096x4096        0   196712   236086   394540 
50205 codespace ./cli mmap images/4096x4096        0   196708   236086   394628 
50212 codespace ./cli mmap images/4096x4096        0   196712   236088   394600 
50208 codespace ./cli mmap images/4096x4096        0   196712   236091   394636 
%CPU %MEM ARGS Wed Sep 30 21:05:21 UTC 2026
 0.0  0.0 grep --color=auto ./cli       1  2248
26.1  4.8 ./cli mmap images/4096x4096   1 394536
26.7  4.8 ./cli mmap images/4096x4096   1 394540
27.2  4.8 ./cli mmap images/4096x4096   1 394600
27.2  4.8 ./cli mmap images/4096x4096   0 394636
27.5  4.8 ./cli mmap images/4096x4096   1 394628
  PID User     Command                         Swap      USS      PSS      RSS 
50616 codespace /usr/bin/python3 /usr/bin/s        0    12060    12293    14516 
50214 codespace ./cli mmap images/4096x4096        0   196708   236080   394536 
50203 codespace ./cli mmap images/4096x4096        0   196712   236085   394540 
50205 codespace ./cli mmap images/4096x4096        0   196708   236087   394628 
50212 codespace ./cli mmap images/4096x4096        0   196712   236087   394600 
50208 codespace ./cli mmap images/4096x4096        0   196712   236091   394636 
%CPU %MEM ARGS Wed Sep 30 21:05:22 UTC 2026
 0.0  0.0 grep --color=auto ./cli       0  2160
25.7  4.8 ./cli mmap images/4096x4096   0 394536
26.3  4.8 ./cli mmap images/4096x4096   0 394540
26.7  4.8 ./cli mmap images/4096x4096   0 394600
27.2  4.8 ./cli mmap images/4096x4096   0 394636
27.2  4.8 ./cli mmap images/4096x4096   1 394628
  PID User     Command                         Swap      USS      PSS      RSS 
50630 codespace /usr/bin/python3 /usr/bin/s        0    12064    12318    14544 
50214 codespace ./cli mmap images/4096x4096        0   196708   236082   394536 
50203 codespace ./cli mmap images/4096x4096        0   196712   236086   394540 
50205 codespace ./cli mmap images/4096x4096        0   196708   236086   394628 
50212 codespace ./cli mmap images/4096x4096        0   196712   236088   394600 
50208 codespace ./cli mmap images/4096x4096        0   196712   236091   394636 
%CPU %MEM ARGS Wed Sep 30 21:05:24 UTC 2026
 0.0  0.0 grep --color=auto ./cli       0  2152
25.3  4.8 ./cli mmap images/4096x4096   0 394536
25.9  4.8 ./cli mmap images/4096x4096   0 394540
26.3  4.8 ./cli mmap images/4096x4096   1 394600
26.7  4.8 ./cli mmap images/4096x4096   0 394636
27.3  4.8 ./cli mmap images/4096x4096   0 394628
  PID User     Command                         Swap      USS      PSS      RSS 
50639 codespace /usr/bin/python3 /usr/bin/s        0    12048    12328    14576 
50214 codespace ./cli mmap images/4096x4096        0   196708   236082   394536 
50203 codespace ./cli mmap images/4096x4096        0   196712   236086   394540 
50205 codespace ./cli mmap images/4096x4096        0   196708   236087   394628 
50212 codespace ./cli mmap images/4096x4096        0   196712   236088   394600 
50208 codespace ./cli mmap images/4096x4096        0   196712   236092   394636 
%CPU %MEM ARGS Wed Sep 30 21:05:25 UTC 2026
 0.0  0.0 grep --color=auto ./cli       0  2304
25.0  4.8 ./cli mmap images/4096x4096   0 394536
25.5  4.8 ./cli mmap images/4096x4096   0 394540
26.3  4.8 ./cli mmap images/4096x4096   0 394636
26.4  4.8 ./cli mmap images/4096x4096   1 394600
26.9  4.8 ./cli mmap images/4096x4096   0 394628
  PID User     Command                         Swap      USS      PSS      RSS 
50648 codespace /usr/bin/python3 /usr/bin/s        0    12064    12344    14624 
50214 codespace ./cli mmap images/4096x4096        0   196708   236082   394536 
50203 codespace ./cli mmap images/4096x4096        0   196712   236086   394540 
50205 codespace ./cli mmap images/4096x4096        0   196708   236087   394628 
50212 codespace ./cli mmap images/4096x4096        0   196712   236088   394600 
50208 codespace ./cli mmap images/4096x4096        0   196712   236091   394636 
%CPU %MEM ARGS Wed Sep 30 21:05:26 UTC 2026
 0.0  0.0 grep --color=auto ./cli       1  2188
24.7  4.8 ./cli mmap images/4096x4096   0 394536
25.1  4.8 ./cli mmap images/4096x4096   0 394540
26.0  4.8 ./cli mmap images/4096x4096   1 394636
26.3  4.8 ./cli mmap images/4096x4096   0 394600
26.5  4.8 ./cli mmap images/4096x4096   0 394628
  PID User     Command                         Swap      USS      PSS      RSS 
50674 codespace /usr/bin/python3 /usr/bin/s        0    12056    12316    14524 
50214 codespace ./cli mmap images/4096x4096        0   196708   236082   394536 
50203 codespace ./cli mmap images/4096x4096        0   196712   236086   394540 
50205 codespace ./cli mmap images/4096x4096        0   196708   236087   394628 
50212 codespace ./cli mmap images/4096x4096        0   196712   236088   394600 
50208 codespace ./cli mmap images/4096x4096        0   196712   236092   394636 
%CPU %MEM ARGS Wed Sep 30 21:05:27 UTC 2026
 0.0  0.0 grep --color=auto ./cli       0  2292
24.4  4.8 ./cli mmap images/4096x4096   0 394536
24.8  4.8 ./cli mmap images/4096x4096   0 394540
26.0  4.8 ./cli mmap images/4096x4096   0 394600
26.1  4.8 ./cli mmap images/4096x4096   1 394636
26.1  4.8 ./cli mmap images/4096x4096   1 394628
  PID User     Command                         Swap      USS      PSS      RSS 
50683 codespace /usr/bin/python3 /usr/bin/s        0    12060    12285    14544 
50214 codespace ./cli mmap images/4096x4096        0   196708   236080   394536 
50203 codespace ./cli mmap images/4096x4096        0   196712   236085   394540 
50205 codespace ./cli mmap images/4096x4096        0   196708   236085   394628 
50212 codespace ./cli mmap images/4096x4096        0   196712   236086   394600 
50208 codespace ./cli mmap images/4096x4096        0   196712   236089   394636 
%CPU %MEM ARGS Wed Sep 30 21:05:28 UTC 2026
 0.0  0.0 grep --color=auto ./cli       1  2176
24.1  4.8 ./cli mmap images/4096x4096   1 394536
24.5  4.8 ./cli mmap images/4096x4096   0 394540
25.7  4.8 ./cli mmap images/4096x4096   1 394600
25.8  4.8 ./cli mmap images/4096x4096   1 394636
26.4  4.8 ./cli mmap images/4096x4096   1 394628
  PID User     Command                         Swap      USS      PSS      RSS 
50695 codespace /usr/bin/python3 /usr/bin/s        0    12068    12317    14484 
50214 codespace ./cli mmap images/4096x4096        0   196708   236081   394536 
50203 codespace ./cli mmap images/4096x4096        0   196712   236085   394540 
50205 codespace ./cli mmap images/4096x4096        0   196708   236087   394628 
50212 codespace ./cli mmap images/4096x4096        0   196712   236088   394600 
50208 codespace ./cli mmap images/4096x4096        0   196712   236091   394636 
%CPU %MEM ARGS Wed Sep 30 21:05:29 UTC 2026
 0.0  0.0 grep --color=auto ./cli       0  2288
23.9  4.8 ./cli mmap images/4096x4096   0 394536
24.4  4.8 ./cli mmap images/4096x4096   0 394540
25.5  4.8 ./cli mmap images/4096x4096   1 394636
25.6  4.8 ./cli mmap images/4096x4096   0 394600
26.1  4.8 ./cli mmap images/4096x4096   0 394628
  PID User     Command                         Swap      USS      PSS      RSS 
50707 codespace /usr/bin/python3 /usr/bin/s        0    12088    12376    14596 
50214 codespace ./cli mmap images/4096x4096        0   196708   236082   394536 
50203 codespace ./cli mmap images/4096x4096        0   196712   236086   394540 
50205 codespace ./cli mmap images/4096x4096        0   196708   236087   394628 
50212 codespace ./cli mmap images/4096x4096        0   196712   236088   394600 
50208 codespace ./cli mmap images/4096x4096        0   196712   236091   394636 
%CPU %MEM ARGS Wed Sep 30 21:05:30 UTC 2026
 0.0  0.0 grep --color=auto ./cli       0  2160
23.6  4.8 ./cli mmap images/4096x4096   0 394536
24.2  4.8 ./cli mmap images/4096x4096   0 394540
25.3  4.8 ./cli mmap images/4096x4096   0 394600
25.7  4.8 ./cli mmap images/4096x4096   1 394636
25.8  4.8 ./cli mmap images/4096x4096   0 394628
  PID User     Command                         Swap      USS      PSS      RSS 
50713 codespace /usr/bin/python3 /usr/bin/s        0    12072    12344    14520 
50214 codespace ./cli mmap images/4096x4096        0   196708   236082   394536 
50203 codespace ./cli mmap images/4096x4096        0   196712   236086   394540 
50205 codespace ./cli mmap images/4096x4096        0   196708   236087   394628 
50212 codespace ./cli mmap images/4096x4096        0   196712   236088   394600 
50208 codespace ./cli mmap images/4096x4096        0   196712   236092   394636 
%CPU %MEM ARGS Wed Sep 30 21:05:31 UTC 2026
 0.0  0.0 grep --color=auto ./cli       0  2172
23.4  4.8 ./cli mmap images/4096x4096   0 394536
24.0  4.8 ./cli mmap images/4096x4096   0 394540
25.0  4.8 ./cli mmap images/4096x4096   0 394600
25.5  4.8 ./cli mmap images/4096x4096   0 394628
25.7  4.8 ./cli mmap images/4096x4096   0 394636
  PID User     Command                         Swap      USS      PSS      RSS 
50725 codespace /usr/bin/python3 /usr/bin/s        0    12064    12338    14480 
50214 codespace ./cli mmap images/4096x4096        0   196708   236082   394536 
50203 codespace ./cli mmap images/4096x4096        0   196712   236086   394540 
50205 codespace ./cli mmap images/4096x4096        0   196708   236086   394628 
50212 codespace ./cli mmap images/4096x4096        0   196712   236088   394600 
50208 codespace ./cli mmap images/4096x4096        0   196712   236091   394636 
%CPU %MEM ARGS Wed Sep 30 21:05:32 UTC 2026
 0.0  0.0 grep --color=auto ./cli       1  2340
23.4  4.8 ./cli mmap images/4096x4096   0 394536
24.0  4.8 ./cli mmap images/4096x4096   0 394540
24.9  4.8 ./cli mmap images/4096x4096   0 394600
25.4  4.8 ./cli mmap images/4096x4096   0 394628
25.6  4.8 ./cli mmap images/4096x4096   1 394636
  PID User     Command                         Swap      USS      PSS      RSS 
50731 codespace /usr/bin/python3 /usr/bin/s        0    12056    12331    14564 
50214 codespace ./cli mmap images/4096x4096        0   196708   236082   394536 
50203 codespace ./cli mmap images/4096x4096        0   196712   236086   394540 
50205 codespace ./cli mmap images/4096x4096        0   196708   236087   394628 
50212 codespace ./cli mmap images/4096x4096        0   196712   236088   394600 
50208 codespace ./cli mmap images/4096x4096        0   196712   236091   394636 
%CPU %MEM ARGS Wed Sep 30 21:05:33 UTC 2026
 0.0  0.0 grep --color=auto ./cli       1  2200
23.1  4.8 ./cli mmap images/4096x4096   0 394536
23.7  4.8 ./cli mmap images/4096x4096   0 394540
24.6  4.8 ./cli mmap images/4096x4096   0 394600
25.1  4.8 ./cli mmap images/4096x4096   0 394628
25.9  4.8 ./cli mmap images/4096x4096   1 394636
  PID User     Command                         Swap      USS      PSS      RSS 
50743 codespace /usr/bin/python3 /usr/bin/s        0    12064    12314    14480 
50214 codespace ./cli mmap images/4096x4096        0   196708   236082   394536 
50203 codespace ./cli mmap images/4096x4096        0   196712   236085   394540 
50205 codespace ./cli mmap images/4096x4096        0   196708   236085   394628 
50212 codespace ./cli mmap images/4096x4096        0   196712   236088   394600 
50208 codespace ./cli mmap images/4096x4096        0   196712   236091   394636 
%CPU %MEM ARGS Wed Sep 30 21:05:34 UTC 2026
 0.0  0.0 grep --color=auto ./cli       0  2276
23.0  4.8 ./cli mmap images/4096x4096   1 394536
23.5  4.8 ./cli mmap images/4096x4096   0 394540
24.5  4.8 ./cli mmap images/4096x4096   1 394600
24.9  4.8 ./cli mmap images/4096x4096   1 394628
25.7  4.8 ./cli mmap images/4096x4096   0 394636
  PID User     Command                         Swap      USS      PSS      RSS 
50755 codespace /usr/bin/python3 /usr/bin/s        0    12040    12309    14456 
50214 codespace ./cli mmap images/4096x4096        0   196708   236082   394536 
50203 codespace ./cli mmap images/4096x4096        0   196712   236086   394540 
50205 codespace ./cli mmap images/4096x4096        0   196708   236086   394628 
50212 codespace ./cli mmap images/4096x4096        0   196712   236088   394600 
50208 codespace ./cli mmap images/4096x4096        0   196712   236091   394636 
%CPU %MEM ARGS Wed Sep 30 21:05:35 UTC 2026
 0.0  0.0 grep --color=auto ./cli       1  2156
23.0  4.8 ./cli mmap images/4096x4096   0 394536
23.4  4.8 ./cli mmap images/4096x4096   1 394540
24.3  4.8 ./cli mmap images/4096x4096   1 394600
24.7  4.8 ./cli mmap images/4096x4096   1 394628
25.5  4.8 ./cli mmap images/4096x4096   1 394636
  PID User     Command                         Swap      USS      PSS      RSS 
50761 codespace /usr/bin/python3 /usr/bin/s        0    12084    12374    14592 
50214 codespace ./cli mmap images/4096x4096        0   196708   236082   394536 
50203 codespace ./cli mmap images/4096x4096        0   196712   236086   394540 
50205 codespace ./cli mmap images/4096x4096        0   196708   236087   394628 
50212 codespace ./cli mmap images/4096x4096        0   196712   236088   394600 
50208 codespace ./cli mmap images/4096x4096        0   196712   236092   394636 
%CPU %MEM ARGS Wed Sep 30 21:05:36 UTC 2026
 0.0  0.0 grep --color=auto ./cli       1  2172
23.1  4.8 ./cli mmap images/4096x4096   0 394536
23.2  4.8 ./cli mmap images/4096x4096   0 394540
24.0  4.8 ./cli mmap images/4096x4096   0 394600
24.4  4.8 ./cli mmap images/4096x4096   0 394628
25.2  4.8 ./cli mmap images/4096x4096   1 394636
  PID User     Command                         Swap      USS      PSS      RSS 
50791 codespace /usr/bin/python3 /usr/bin/s        0    12072    12351    14520 
50214 codespace ./cli mmap images/4096x4096        0   196708   236082   394536 
50203 codespace ./cli mmap images/4096x4096        0   196712   236086   394540 
50205 codespace ./cli mmap images/4096x4096        0   196708   236087   394628 
50212 codespace ./cli mmap images/4096x4096        0   196712   236088   394600 
50208 codespace ./cli mmap images/4096x4096        0   196712   236091   394636 
%CPU %MEM ARGS Wed Sep 30 21:05:37 UTC 2026
 0.0  0.0 grep --color=auto ./cli       1  2288
23.1  4.8 ./cli mmap images/4096x4096   1 394540
23.3  4.8 ./cli mmap images/4096x4096   0 394536
23.8  4.8 ./cli mmap images/4096x4096   1 394600
24.2  4.8 ./cli mmap images/4096x4096   0 394628
25.0  4.8 ./cli mmap images/4096x4096   1 394636
  PID User     Command                         Swap      USS      PSS      RSS 
50797 codespace /usr/bin/python3 /usr/bin/s        0    12064    12345    14592 
50214 codespace ./cli mmap images/4096x4096        0   196708   236082   394536 
50203 codespace ./cli mmap images/4096x4096        0   196712   236086   394540 
50205 codespace ./cli mmap images/4096x4096        0   196708   236087   394628 
50212 codespace ./cli mmap images/4096x4096        0   196712   236088   394600 
50208 codespace ./cli mmap images/4096x4096        0   196712   236092   394636 
%CPU %MEM ARGS Wed Sep 30 21:05:39 UTC 2026
 0.0  0.0 grep --color=auto ./cli       0  2164
22.9  4.8 ./cli mmap images/4096x4096   1 394540
23.1  4.8 ./cli mmap images/4096x4096   1 394536
23.6  4.8 ./cli mmap images/4096x4096   1 394600
24.4  4.8 ./cli mmap images/4096x4096   0 394628
24.8  4.8 ./cli mmap images/4096x4096   1 394636
  PID User     Command                         Swap      USS      PSS      RSS 
50810 codespace /usr/bin/python3 /usr/bin/s        0    12060    12277    14480 
50214 codespace ./cli mmap images/4096x4096        0   196708   236081   394536 
50203 codespace ./cli mmap images/4096x4096        0   196712   236086   394540 
50205 codespace ./cli mmap images/4096x4096        0   196708   236087   394628 
50212 codespace ./cli mmap images/4096x4096        0   196712   236087   394600 
50208 codespace ./cli mmap images/4096x4096        0   196712   236090   394636 
%CPU %MEM ARGS Wed Sep 30 21:05:39 UTC 2026
 0.0  0.0 grep --color=auto ./cli       0  2156
22.7  4.8 ./cli mmap images/4096x4096   1 394540
22.9  4.8 ./cli mmap images/4096x4096   0 394536
23.6  4.8 ./cli mmap images/4096x4096   1 394600
24.3  4.8 ./cli mmap images/4096x4096   0 394628
24.6  4.8 ./cli mmap images/4096x4096   0 394636
  PID User     Command                         Swap      USS      PSS      RSS 
50821 codespace /usr/bin/python3 /usr/bin/s        0    12080    12326    14496 
50203 codespace ./cli mmap images/4096x4096        0   196712   236082   394540 
50214 codespace ./cli mmap images/4096x4096        0   196708   236082   394536 
50205 codespace ./cli mmap images/4096x4096        0   196708   236087   394628 
50212 codespace ./cli mmap images/4096x4096        0   196712   236088   394600 
50208 codespace ./cli mmap images/4096x4096        0   196712   236091   394636 
%CPU %MEM ARGS Wed Sep 30 21:05:41 UTC 2026
 0.0  0.0 grep --color=auto ./cli       1  2252
22.6  4.8 ./cli mmap images/4096x4096   1 394540
22.8  4.8 ./cli mmap images/4096x4096   1 394536
23.4  4.8 ./cli mmap images/4096x4096   1 394600
24.2  4.8 ./cli mmap images/4096x4096   0 394628
24.4  4.8 ./cli mmap images/4096x4096   1 394636
  PID User     Command                         Swap      USS      PSS      RSS 
50833 codespace /usr/bin/python3 /usr/bin/s        0    12064    12318    14544 
50214 codespace ./cli mmap images/4096x4096        0   196708   236082   394536 
50203 codespace ./cli mmap images/4096x4096        0   196712   236086   394540 
50205 codespace ./cli mmap images/4096x4096        0   196708   236087   394628 
50212 codespace ./cli mmap images/4096x4096        0   196712   236088   394600 
50208 codespace ./cli mmap images/4096x4096        0   196712   236091   394636 
%CPU %MEM ARGS Wed Sep 30 21:05:42 UTC 2026
 0.0  0.0 grep --color=auto ./cli       1  2204
22.5  4.8 ./cli mmap images/4096x4096   1 394540
22.6  4.8 ./cli mmap images/4096x4096   1 394536
23.2  4.8 ./cli mmap images/4096x4096   1 394600
24.2  4.8 ./cli mmap images/4096x4096   0 394636
24.3  4.8 ./cli mmap images/4096x4096   0 394628
  PID User     Command                         Swap      USS      PSS      RSS 
50843 codespace /usr/bin/python3 /usr/bin/s        0    12080    12359    14528 
50214 codespace ./cli mmap images/4096x4096        0   196708   236077   394536 
50203 codespace ./cli mmap images/4096x4096        0   196712   236080   394540 
50205 codespace ./cli mmap images/4096x4096        0   196708   236087   394628 
50212 codespace ./cli mmap images/4096x4096        0   196712   236087   394600 
50208 codespace ./cli mmap images/4096x4096        0   196712   236091   394636 
%CPU %MEM ARGS Wed Sep 30 21:05:43 UTC 2026
 0.0  0.0 grep --color=auto ./cli       1  2172
22.3  4.8 ./cli mmap images/4096x4096   1 394540
22.5  4.8 ./cli mmap images/4096x4096   1 394536
23.1  4.8 ./cli mmap images/4096x4096   0 394600
24.1  4.8 ./cli mmap images/4096x4096   1 394628
24.3  4.8 ./cli mmap images/4096x4096   1 394636
  PID User     Command                         Swap      USS      PSS      RSS 
50858 codespace /usr/bin/python3 /usr/bin/s        0    12072    12346    14520 
50214 codespace ./cli mmap images/4096x4096        0   196708   236082   394536 
50203 codespace ./cli mmap images/4096x4096        0   196712   236086   394540 
50205 codespace ./cli mmap images/4096x4096        0   196708   236087   394628 
50212 codespace ./cli mmap images/4096x4096        0   196712   236088   394600 
50208 codespace ./cli mmap images/4096x4096        0   196712   236092   394636 
%CPU %MEM ARGS Wed Sep 30 21:05:44 UTC 2026
 0.0  0.0 grep --color=auto ./cli       0  2164
22.2  4.8 ./cli mmap images/4096x4096   0 394540
22.4  4.8 ./cli mmap images/4096x4096   0 394536
23.2  4.8 ./cli mmap images/4096x4096   0 394600
24.0  4.8 ./cli mmap images/4096x4096   0 394628
24.2  4.8 ./cli mmap images/4096x4096   1 394636
  PID User     Command                         Swap      USS      PSS      RSS 
50864 codespace /usr/bin/python3 /usr/bin/s        0    12064    12343    14572 
50214 codespace ./cli mmap images/4096x4096        0   196708   236081   394536 
50212 codespace ./cli mmap images/4096x4096        0   196712   236084   394600 
50203 codespace ./cli mmap images/4096x4096        0   196712   236085   394540 
50205 codespace ./cli mmap images/4096x4096        0   196708   236087   394628 
50208 codespace ./cli mmap images/4096x4096        0   196712   236092   394636 
%CPU %MEM ARGS Wed Sep 30 21:05:45 UTC 2026
 0.0  0.0 grep --color=auto ./cli       0  2308
22.0  4.8 ./cli mmap images/4096x4096   1 394540
22.2  4.8 ./cli mmap images/4096x4096   1 394536
23.0  4.8 ./cli mmap images/4096x4096   1 394600
23.8  4.8 ./cli mmap images/4096x4096   0 394628
24.1  4.8 ./cli mmap images/4096x4096   1 394636
  PID User     Command                         Swap      USS      PSS      RSS 
50882 codespace /usr/bin/python3 /usr/bin/s        0    12020    12302    14548 
50214 codespace ./cli mmap images/4096x4096        0   196708   236082   394536 
50203 codespace ./cli mmap images/4096x4096        0   196712   236086   394540 
50212 codespace ./cli mmap images/4096x4096        0   196712   236088   394600 
50205 codespace ./cli mmap images/4096x4096        0   196708   236089   394628 
50208 codespace ./cli mmap images/4096x4096        0   196712   236092   394636 
%CPU %MEM ARGS Wed Sep 30 21:05:46 UTC 2026
 0.0  0.0 grep --color=auto ./cli       1  2200
22.0  4.8 ./cli mmap images/4096x4096   0 394540
22.1  4.8 ./cli mmap images/4096x4096   1 394536
22.9  4.8 ./cli mmap images/4096x4096   1 394600
23.7  4.8 ./cli mmap images/4096x4096   1 394628
23.9  4.8 ./cli mmap images/4096x4096   1 394636
  PID User     Command                         Swap      USS      PSS      RSS 
50888 codespace /usr/bin/python3 /usr/bin/s        0    12060    12303    14484 
50214 codespace ./cli mmap images/4096x4096        0   196708   236082   394536 
50205 codespace ./cli mmap images/4096x4096        0   196708   236085   394628 
50203 codespace ./cli mmap images/4096x4096        0   196712   236086   394540 
50212 codespace ./cli mmap images/4096x4096        0   196712   236088   394600 
50208 codespace ./cli mmap images/4096x4096        0   196712   236091   394636 
%CPU %MEM ARGS Wed Sep 30 21:05:47 UTC 2026
 0.0  0.0 grep --color=auto ./cli       1  2280
22.0  4.8 ./cli mmap images/4096x4096   1 394536
22.2  4.8 ./cli mmap images/4096x4096   0 394540
22.7  4.8 ./cli mmap images/4096x4096   1 394600
23.5  4.8 ./cli mmap images/4096x4096   1 394628
23.7  4.8 ./cli mmap images/4096x4096   1 394636
  PID User     Command                         Swap      USS      PSS      RSS 
50918 codespace /usr/bin/python3 /usr/bin/s        0    12060    12321    14528 
50214 codespace ./cli mmap images/4096x4096        0   196708   236082   394536 
50203 codespace ./cli mmap images/4096x4096        0   196712   236086   394540 
50205 codespace ./cli mmap images/4096x4096        0   196708   236087   394628 
50212 codespace ./cli mmap images/4096x4096        0   196712   236088   394600 
50208 codespace ./cli mmap images/4096x4096        0   196712   236092   394636 
%CPU %MEM ARGS Wed Sep 30 21:05:49 UTC 2026
 0.0  0.0 grep --color=auto ./cli       1  2184
21.9  4.8 ./cli mmap images/4096x4096   1 394536
22.2  4.8 ./cli mmap images/4096x4096   1 394540
22.6  4.8 ./cli mmap images/4096x4096   1 394600
23.4  4.8 ./cli mmap images/4096x4096   1 394628
23.8  4.8 ./cli mmap images/4096x4096   0 394636
  PID User     Command                         Swap      USS      PSS      RSS 
50924 codespace /usr/bin/python3 /usr/bin/s        0    12068    12325    14552 
50212 codespace ./cli mmap images/4096x4096        0   196712   236082   394600 
50214 codespace ./cli mmap images/4096x4096        0   196708   236082   394536 
50203 codespace ./cli mmap images/4096x4096        0   196712   236086   394540 
50205 codespace ./cli mmap images/4096x4096        0   196708   236087   394628 
50208 codespace ./cli mmap images/4096x4096        0   196712   236091   394636 
%CPU %MEM ARGS Wed Sep 30 21:05:50 UTC 2026
 0.0  0.0 grep --color=auto ./cli       0  2184
21.7  4.8 ./cli mmap images/4096x4096   1 394536
22.1  4.8 ./cli mmap images/4096x4096   1 394540
22.4  4.8 ./cli mmap images/4096x4096   1 394600
23.2  4.8 ./cli mmap images/4096x4096   1 394628
24.0  4.8 ./cli mmap images/4096x4096   1 394636
  PID User     Command                         Swap      USS      PSS      RSS 
50936 codespace /usr/bin/python3 /usr/bin/s        0    12056    12286    14528 
50214 codespace ./cli mmap images/4096x4096        0   196708   236080   394536 
50203 codespace ./cli mmap images/4096x4096        0   196712   236086   394540 
50212 codespace ./cli mmap images/4096x4096        0   196712   236086   394600 
50205 codespace ./cli mmap images/4096x4096        0   196708   236087   394628 
50208 codespace ./cli mmap images/4096x4096        0   196712   236090   394636 
%CPU %MEM ARGS Wed Sep 30 21:05:51 UTC 2026
 0.0  0.0 grep --color=auto ./cli       0  2156
21.6  4.8 ./cli mmap images/4096x4096   1 394536
21.9  4.8 ./cli mmap images/4096x4096   1 394540
22.3  4.8 ./cli mmap images/4096x4096   1 394600
23.2  4.8 ./cli mmap images/4096x4096   0 394628
23.8  4.8 ./cli mmap images/4096x4096   1 394636
  PID User     Command                         Swap      USS      PSS      RSS 
50949 codespace /usr/bin/python3 /usr/bin/s        0    12060    12275    14428 
50214 codespace ./cli mmap images/4096x4096        0   196708   236077   394536 
50203 codespace ./cli mmap images/4096x4096        0   196712   236086   394540 
50205 codespace ./cli mmap images/4096x4096        0   196708   236086   394628 
50212 codespace ./cli mmap images/4096x4096        0   196712   236088   394600 
50208 codespace ./cli mmap images/4096x4096        0   196712   236091   394636 
%CPU %MEM ARGS Wed Sep 30 21:05:52 UTC 2026
 0.0  0.0 grep --color=auto ./cli       0  2160
21.5  4.8 ./cli mmap images/4096x4096   0 394536
21.8  4.8 ./cli mmap images/4096x4096   1 394540
22.2  4.8 ./cli mmap images/4096x4096   0 394600
23.3  4.8 ./cli mmap images/4096x4096   1 394628
23.7  4.8 ./cli mmap images/4096x4096   1 394636
  PID User     Command                         Swap      USS      PSS      RSS 
50966 codespace /usr/bin/python3 /usr/bin/s        0    12052    12298    14468 
50214 codespace ./cli mmap images/4096x4096        0   196708   236082   394536 
50203 codespace ./cli mmap images/4096x4096        0   196712   236086   394540 
50205 codespace ./cli mmap images/4096x4096        0   196708   236087   394628 
50212 codespace ./cli mmap images/4096x4096        0   196712   236088   394600 
50208 codespace ./cli mmap images/4096x4096        0   196712   236091   394636 
%CPU %MEM ARGS Wed Sep 30 21:05:53 UTC 2026
 0.0  0.0 grep --color=auto ./cli       1  2160
21.4  4.8 ./cli mmap images/4096x4096   0 394536
21.7  4.8 ./cli mmap images/4096x4096   0 394540
22.2  4.8 ./cli mmap images/4096x4096   1 394600
23.2  4.8 ./cli mmap images/4096x4096   0 394628
23.6  4.8 ./cli mmap images/4096x4096   0 394636
  PID User     Command                         Swap      USS      PSS      RSS 
50973 codespace /usr/bin/python3 /usr/bin/s        0    12064    12304    14508 
50214 codespace ./cli mmap images/4096x4096        0   196708   236081   394536 
50203 codespace ./cli mmap images/4096x4096        0   196712   236085   394540 
50205 codespace ./cli mmap images/4096x4096        0   196708   236087   394628 
50212 codespace ./cli mmap images/4096x4096        0   196712   236088   394600 
50208 codespace ./cli mmap images/4096x4096        0   196712   236091   394636 
%CPU %MEM ARGS Wed Sep 30 21:05:54 UTC 2026
 0.0  0.0 grep --color=auto ./cli       1  2248
21.3  4.8 ./cli mmap images/4096x4096   0 394536
21.6  4.8 ./cli mmap images/4096x4096   0 394540
22.4  4.8 ./cli mmap images/4096x4096   1 394600
23.0  4.8 ./cli mmap images/4096x4096   0 394628
23.5  4.8 ./cli mmap images/4096x4096   0 394636
  PID User     Command                         Swap      USS      PSS      RSS 
50982 codespace /usr/bin/python3 /usr/bin/s        0    12064    12316    14480 
50214 codespace ./cli mmap images/4096x4096        0   196708   236082   394536 
50203 codespace ./cli mmap images/4096x4096        0   196712   236086   394540 
50205 codespace ./cli mmap images/4096x4096        0   196708   236086   394628 
50212 codespace ./cli mmap images/4096x4096        0   196712   236088   394600 
50208 codespace ./cli mmap images/4096x4096        0   196712   236091   394636 
%CPU %MEM ARGS Wed Sep 30 21:05:55 UTC 2026
 0.0  0.0 grep --color=auto ./cli       0  2340
21.3  4.8 ./cli mmap images/4096x4096   1 394536
21.6  4.8 ./cli mmap images/4096x4096   1 394540
22.4  4.8 ./cli mmap images/4096x4096   1 394600
22.9  4.8 ./cli mmap images/4096x4096   1 394628
23.4  4.8 ./cli mmap images/4096x4096   1 394636
  PID User     Command                         Swap      USS      PSS      RSS 
50991 codespace /usr/bin/python3 /usr/bin/s        0    12064    12315    14480 
50214 codespace ./cli mmap images/4096x4096        0   196708   236082   394536 
50203 codespace ./cli mmap images/4096x4096        0   196712   236086   394540 
50205 codespace ./cli mmap images/4096x4096        0   196708   236086   394628 
50212 codespace ./cli mmap images/4096x4096        0   196712   236088   394600 
50208 codespace ./cli mmap images/4096x4096        0   196712   236091   394636 
%CPU %MEM ARGS Wed Sep 30 21:05:56 UTC 2026
 0.0  0.0 grep --color=auto ./cli       1  2180
21.3  4.8 ./cli mmap images/4096x4096   1 394536
21.5  4.8 ./cli mmap images/4096x4096   1 394540
22.4  4.8 ./cli mmap images/4096x4096   1 394600
22.9  4.8 ./cli mmap images/4096x4096   0 394628
23.3  4.8 ./cli mmap images/4096x4096   1 394636
  PID User     Command                         Swap      USS      PSS      RSS 
50996 codespace /usr/bin/python3 /usr/bin/s        0    12072    12351    14520 
50214 codespace ./cli mmap images/4096x4096        0   196708   236081   394536 
50203 codespace ./cli mmap images/4096x4096        0   196712   236084   394540 
50205 codespace ./cli mmap images/4096x4096        0   196708   236085   394628 
50212 codespace ./cli mmap images/4096x4096        0   196712   236088   394600 
50208 codespace ./cli mmap images/4096x4096        0   196712   236090   394636 
%CPU %MEM ARGS Wed Sep 30 21:05:57 UTC 2026
 0.0  0.0 grep --color=auto ./cli       1  2180
21.2  4.8 ./cli mmap images/4096x4096   1 394536
21.5  4.8 ./cli mmap images/4096x4096   1 394540
22.3  4.8 ./cli mmap images/4096x4096   0 394600
23.0  4.8 ./cli mmap images/4096x4096   1 394628
23.2  4.8 ./cli mmap images/4096x4096   1 394636
  PID User     Command                         Swap      USS      PSS      RSS 
51014 codespace /usr/bin/python3 /usr/bin/s        0    12068    12338    14516 
50214 codespace ./cli mmap images/4096x4096        0   196708   236081   394536 
50203 codespace ./cli mmap images/4096x4096        0   196712   236085   394540 
50205 codespace ./cli mmap images/4096x4096        0   196708   236087   394628 
50212 codespace ./cli mmap images/4096x4096        0   196712   236087   394600 
50208 codespace ./cli mmap images/4096x4096        0   196712   236092   394636 
%CPU %MEM ARGS Wed Sep 30 21:05:58 UTC 2026
 0.0  0.0 grep --color=auto ./cli       1  2200
21.2  4.8 ./cli mmap images/4096x4096   1 394536
21.4  4.8 ./cli mmap images/4096x4096   1 394540
22.3  4.8 ./cli mmap images/4096x4096   1 394600
22.9  4.8 ./cli mmap images/4096x4096   0 394628
23.1  4.8 ./cli mmap images/4096x4096   1 394636
  PID User     Command                         Swap      USS      PSS      RSS 
51037 codespace /usr/bin/python3 /usr/bin/s        0    12064    12306    14436 
50214 codespace ./cli mmap images/4096x4096        0   196708   236081   394536 
50203 codespace ./cli mmap images/4096x4096        0   196712   236086   394540 
50205 codespace ./cli mmap images/4096x4096        0   196708   236086   394628 
50212 codespace ./cli mmap images/4096x4096        0   196712   236088   394600 
50208 codespace ./cli mmap images/4096x4096        0   196712   236091   394636 
%CPU %MEM ARGS Wed Sep 30 21:05:59 UTC 2026
 0.0  0.0 grep --color=auto ./cli       1  2252
21.1  4.8 ./cli mmap images/4096x4096   1 394536
21.3  4.8 ./cli mmap images/4096x4096   1 394540
22.1  4.8 ./cli mmap images/4096x4096   1 394600
22.9  4.8 ./cli mmap images/4096x4096   1 394636
23.1  4.8 ./cli mmap images/4096x4096   0 394628
  PID User     Command                         Swap      USS      PSS      RSS 
51050 codespace /usr/bin/python3 /usr/bin/s        0    12064    12320    14544 
50214 codespace ./cli mmap images/4096x4096        0   196708   236082   394536 
50203 codespace ./cli mmap images/4096x4096        0   196712   236086   394540 
50205 codespace ./cli mmap images/4096x4096        0   196708   236087   394628 
50212 codespace ./cli mmap images/4096x4096        0   196712   236088   394600 
50208 codespace ./cli mmap images/4096x4096        0   196712   236091   394636 
%CPU %MEM ARGS Wed Sep 30 21:06:00 UTC 2026
 0.0  0.0 grep --color=auto ./cli       0  2168
21.0  4.8 ./cli mmap images/4096x4096   1 394536
21.3  4.8 ./cli mmap images/4096x4096   1 394540
22.1  4.8 ./cli mmap images/4096x4096   1 394600
22.9  4.8 ./cli mmap images/4096x4096   1 394636
23.1  4.8 ./cli mmap images/4096x4096   1 394628
  PID User     Command                         Swap      USS      PSS      RSS 
51055 codespace /usr/bin/python3 /usr/bin/s        0    12076    12364    14588 
50214 codespace ./cli mmap images/4096x4096        0   196708   236082   394536 
50203 codespace ./cli mmap images/4096x4096        0   196712   236086   394540 
50205 codespace ./cli mmap images/4096x4096        0   196708   236087   394628 
50212 codespace ./cli mmap images/4096x4096        0   196712   236088   394600 
50208 codespace ./cli mmap images/4096x4096        0   196712   236092   394636 
%CPU %MEM ARGS Wed Sep 30 21:06:01 UTC 2026
 0.0  0.0 grep --color=auto ./cli       0  2172
20.9  4.8 ./cli mmap images/4096x4096   1 394536
21.5  4.8 ./cli mmap images/4096x4096   0 394540
22.0  4.8 ./cli mmap images/4096x4096   1 394600
22.8  4.8 ./cli mmap images/4096x4096   1 394636
23.0  4.8 ./cli mmap images/4096x4096   1 394628
  PID User     Command                         Swap      USS      PSS      RSS 
51061 codespace /usr/bin/python3 /usr/bin/s        0    12060    12318    14528 
50214 codespace ./cli mmap images/4096x4096        0   196708   236082   394536 
50203 codespace ./cli mmap images/4096x4096        0   196712   236086   394540 
50205 codespace ./cli mmap images/4096x4096        0   196708   236087   394628 
50212 codespace ./cli mmap images/4096x4096        0   196712   236088   394600 
50208 codespace ./cli mmap images/4096x4096        0   196712   236091   394636 
%CPU %MEM ARGS Wed Sep 30 21:06:02 UTC 2026
 0.0  0.0 grep --color=auto ./cli       1  2300
20.8  4.8 ./cli mmap images/4096x4096   1 394536
21.6  4.8 ./cli mmap images/4096x4096   0 394540
22.0  4.8 ./cli mmap images/4096x4096   1 394600
22.6  4.8 ./cli mmap images/4096x4096   1 394636
22.8  4.8 ./cli mmap images/4096x4096   1 394628
  PID User     Command                         Swap      USS      PSS      RSS 
51079 codespace /usr/bin/python3 /usr/bin/s        0    12064    12347    14592 
50214 codespace ./cli mmap images/4096x4096        0   196708   236082   394536 
50203 codespace ./cli mmap images/4096x4096        0   196712   236086   394540 
50205 codespace ./cli mmap images/4096x4096        0   196708   236087   394628 
50212 codespace ./cli mmap images/4096x4096        0   196712   236088   394600 
50208 codespace ./cli mmap images/4096x4096        0   196712   236092   394636 
%CPU %MEM ARGS Wed Sep 30 21:06:03 UTC 2026
 0.0  0.0 grep --color=auto ./cli       1  2296
20.8  4.8 ./cli mmap images/4096x4096   1 394536
21.8  4.8 ./cli mmap images/4096x4096   1 394540
21.9  4.8 ./cli mmap images/4096x4096   1 394600
22.6  4.8 ./cli mmap images/4096x4096   1 394636
22.7  4.8 ./cli mmap images/4096x4096   1 394628
  PID User     Command                         Swap      USS      PSS      RSS 
51085 codespace /usr/bin/python3 /usr/bin/s        0    12064    12320    14480 
50203 codespace ./cli mmap images/4096x4096        0   196712   236080   394540 
50214 codespace ./cli mmap images/4096x4096        0   196708   236082   394536 
50205 codespace ./cli mmap images/4096x4096        0   196708   236087   394628 
50212 codespace ./cli mmap images/4096x4096        0   196712   236088   394600 
50208 codespace ./cli mmap images/4096x4096        0   196712   236091   394636 
%CPU %MEM ARGS Wed Sep 30 21:06:04 UTC 2026
 0.0  0.0 grep --color=auto ./cli       1  2172
20.8  4.8 ./cli mmap images/4096x4096   0 394536
21.7  4.8 ./cli mmap images/4096x4096   1 394540
21.9  4.8 ./cli mmap images/4096x4096   1 394600
22.5  4.8 ./cli mmap images/4096x4096   1 394636
22.7  4.8 ./cli mmap images/4096x4096   1 394628
  PID User     Command                         Swap      USS      PSS      RSS 
51096 codespace /usr/bin/python3 /usr/bin/s        0    12064    12314    14480 
50214 codespace ./cli mmap images/4096x4096        0   196708   236082   394536 
50203 codespace ./cli mmap images/4096x4096        0   196712   236086   394540 
50205 codespace ./cli mmap images/4096x4096        0   196708   236086   394628 
50212 codespace ./cli mmap images/4096x4096        0   196712   236088   394600 
50208 codespace ./cli mmap images/4096x4096        0   196712   236091   394636 
%CPU %MEM ARGS Wed Sep 30 21:06:05 UTC 2026
 0.0  0.0 grep --color=auto ./cli       1  2192
21.0  4.8 ./cli mmap images/4096x4096   0 394536
21.6  4.8 ./cli mmap images/4096x4096   1 394540
21.8  4.8 ./cli mmap images/4096x4096   1 394600
22.4  4.8 ./cli mmap images/4096x4096   0 394636
22.6  4.8 ./cli mmap images/4096x4096   1 394628
  PID User     Command                         Swap      USS      PSS      RSS 
51102 codespace /usr/bin/python3 /usr/bin/s        0    12064    12276    14464 
50214 codespace ./cli mmap images/4096x4096        0   196708   236081   394536 
50203 codespace ./cli mmap images/4096x4096        0   196712   236086   394540 
50205 codespace ./cli mmap images/4096x4096        0   196708   236087   394628 
50212 codespace ./cli mmap images/4096x4096        0   196712   236088   394600 
50208 codespace ./cli mmap images/4096x4096        0   196712   236091   394636 
%CPU %MEM ARGS Wed Sep 30 21:06:06 UTC 2026
 0.0  0.0 grep --color=auto ./cli       1  2152
20.9  4.8 ./cli mmap images/4096x4096   1 394536
21.5  4.8 ./cli mmap images/4096x4096   1 394540
21.7  4.8 ./cli mmap images/4096x4096   1 394600
22.4  4.8 ./cli mmap images/4096x4096   1 394628
22.5  4.8 ./cli mmap images/4096x4096   0 394636
  PID User     Command                         Swap      USS      PSS      RSS 
51114 codespace /usr/bin/python3 /usr/bin/s        0    12068    12347    14516 
50214 codespace ./cli mmap images/4096x4096        0   196708   236082   394536 
50203 codespace ./cli mmap images/4096x4096        0   196712   236086   394540 
50205 codespace ./cli mmap images/4096x4096        0   196708   236087   394628 
50212 codespace ./cli mmap images/4096x4096        0   196712   236088   394600 
50208 codespace ./cli mmap images/4096x4096        0   196712   236092   394636 
%CPU %MEM ARGS Wed Sep 30 21:06:07 UTC 2026
 0.0  0.0 grep --color=auto ./cli       1  2160
20.8  4.8 ./cli mmap images/4096x4096   0 394536
21.5  4.8 ./cli mmap images/4096x4096   1 394540
21.6  4.8 ./cli mmap images/4096x4096   0 394600
22.4  4.8 ./cli mmap images/4096x4096   1 394628
22.7  4.8 ./cli mmap images/4096x4096   0 394636
  PID User     Command                         Swap      USS      PSS      RSS 
51120 codespace /usr/bin/python3 /usr/bin/s        0    12060    12293    14540 
50214 codespace ./cli mmap images/4096x4096        0   196708   236080   394536 
50203 codespace ./cli mmap images/4096x4096        0   196712   236084   394540 
50205 codespace ./cli mmap images/4096x4096        0   196708   236086   394628 
50212 codespace ./cli mmap images/4096x4096        0   196712   236088   394600 
50208 codespace ./cli mmap images/4096x4096        0   196712   236089   394636 
%CPU %MEM ARGS Wed Sep 30 21:06:08 UTC 2026
 0.0  0.0 grep --color=auto ./cli       1  2284
20.9  4.8 ./cli mmap images/4096x4096   0 394536
21.3  4.8 ./cli mmap images/4096x4096   1 394540
21.5  4.8 ./cli mmap images/4096x4096   1 394600
22.2  4.8 ./cli mmap images/4096x4096   1 394628
22.6  4.8 ./cli mmap images/4096x4096   1 394636
  PID User     Command                         Swap      USS      PSS      RSS 
51157 codespace /usr/bin/python3 /usr/bin/s        0    12060    12308    14476 
50214 codespace ./cli mmap images/4096x4096        0   196708   236082   394536 
50203 codespace ./cli mmap images/4096x4096        0   196712   236086   394540 
50205 codespace ./cli mmap images/4096x4096        0   196708   236087   394628 
50212 codespace ./cli mmap images/4096x4096        0   196712   236088   394600 
50208 codespace ./cli mmap images/4096x4096        0   196712   236091   394636 
%CPU %MEM ARGS Wed Sep 30 21:06:09 UTC 2026
 0.0  0.0 grep --color=auto ./cli       1  2168
20.9  4.8 ./cli mmap images/4096x4096   1 394536
21.3  4.8 ./cli mmap images/4096x4096   0 394540
21.4  4.8 ./cli mmap images/4096x4096   0 394600
22.2  4.8 ./cli mmap images/4096x4096   1 394628
22.5  4.8 ./cli mmap images/4096x4096   0 394636
  PID User     Command                         Swap      USS      PSS      RSS 
51162 codespace /usr/bin/python3 /usr/bin/s        0    12060    12335    14568 
50214 codespace ./cli mmap images/4096x4096        0   196708   236082   394536 
50203 codespace ./cli mmap images/4096x4096        0   196712   236086   394540 
50205 codespace ./cli mmap images/4096x4096        0   196708   236087   394628 
50212 codespace ./cli mmap images/4096x4096        0   196712   236088   394600 
50208 codespace ./cli mmap images/4096x4096        0   196712   236091   394636 
%CPU %MEM ARGS Wed Sep 30 21:06:10 UTC 2026
 0.0  0.0 grep --color=auto ./cli       0  2180
20.9  4.8 ./cli mmap images/4096x4096   0 394536
21.2  4.8 ./cli mmap images/4096x4096   1 394540
21.4  4.8 ./cli mmap images/4096x4096   0 394600
22.1  4.8 ./cli mmap images/4096x4096   0 394628
22.5  4.8 ./cli mmap images/4096x4096   1 394636
  PID User     Command                         Swap      USS      PSS      RSS 
51168 codespace /usr/bin/python3 /usr/bin/s        0    12064    12314    14480 
50203 codespace ./cli mmap images/4096x4096        0   196712   236080   394540 
50214 codespace ./cli mmap images/4096x4096        0   196708   236082   394536 
50205 codespace ./cli mmap images/4096x4096        0   196708   236086   394628 
50212 codespace ./cli mmap images/4096x4096        0   196712   236088   394600 
50208 codespace ./cli mmap images/4096x4096        0   196712   236091   394636 
%CPU %MEM ARGS Wed Sep 30 21:06:11 UTC 2026
 0.0  0.0 grep --color=auto ./cli       0  2164
20.8  4.8 ./cli mmap images/4096x4096   1 394536
21.1  4.8 ./cli mmap images/4096x4096   1 394540
21.4  4.8 ./cli mmap images/4096x4096   1 394600
22.1  4.8 ./cli mmap images/4096x4096   1 394628
22.6  4.8 ./cli mmap images/4096x4096   0 394636
  PID User     Command                         Swap      USS      PSS      RSS 
51181 codespace /usr/bin/python3 /usr/bin/s        0    12068    12318    14484 
50214 codespace ./cli mmap images/4096x4096        0   196708   236082   394536 
50203 codespace ./cli mmap images/4096x4096        0   196712   236086   394540 
50205 codespace ./cli mmap images/4096x4096        0   196708   236086   394628 
50212 codespace ./cli mmap images/4096x4096        0   196712   236088   394600 
50208 codespace ./cli mmap images/4096x4096        0   196712   236091   394636 
%CPU %MEM ARGS Wed Sep 30 21:06:12 UTC 2026
 0.0  0.0 grep --color=auto ./cli       0  2300
20.8  4.8 ./cli mmap images/4096x4096   1 394536
21.2  4.8 ./cli mmap images/4096x4096   0 394540
21.3  4.8 ./cli mmap images/4096x4096   0 394600
22.0  4.8 ./cli mmap images/4096x4096   0 394628
22.6  4.8 ./cli mmap images/4096x4096   0 394636
  PID User     Command                         Swap      USS      PSS      RSS 
51187 codespace /usr/bin/python3 /usr/bin/s        0    12068    12295    14548 
50214 codespace ./cli mmap images/4096x4096        0   196708   236081   394536 
50208 codespace ./cli mmap images/4096x4096        0   196712   236085   394636 
50203 codespace ./cli mmap images/4096x4096        0   196712   236086   394540 
50205 codespace ./cli mmap images/4096x4096        0   196708   236086   394628 
50212 codespace ./cli mmap images/4096x4096        0   196712   236087   394600 
%CPU %MEM ARGS Wed Sep 30 21:06:13 UTC 2026
 0.0  0.0 grep --color=auto ./cli       0  2048
20.9  4.8 ./cli mmap images/4096x4096   0 394536
21.2  4.8 ./cli mmap images/4096x4096   0 394540
21.2  4.8 ./cli mmap images/4096x4096   0 394600
21.9  4.8 ./cli mmap images/4096x4096   0 394628
22.5  4.8 ./cli mmap images/4096x4096   0 394636
  PID User     Command                         Swap      USS      PSS      RSS 
51205 codespace /usr/bin/python3 /usr/bin/s        0    12064    12320    14480 
50214 codespace ./cli mmap images/4096x4096        0   196708   236082   394536 
50203 codespace ./cli mmap images/4096x4096        0   196712   236086   394540 
50205 codespace ./cli mmap images/4096x4096        0   196708   236087   394628 
50212 codespace ./cli mmap images/4096x4096        0   196712   236088   394600 
50208 codespace ./cli mmap images/4096x4096        0   196712   236091   394636 
%CPU %MEM ARGS Wed Sep 30 21:06:14 UTC 2026
 0.0  0.0 grep --color=auto ./cli       1  2212
20.8  4.8 ./cli mmap images/4096x4096   1 394536
21.1  4.8 ./cli mmap images/4096x4096   1 394540
21.2  4.8 ./cli mmap images/4096x4096   1 394600
21.9  4.8 ./cli mmap images/4096x4096   1 394628
22.6  4.8 ./cli mmap images/4096x4096   0 394636
  PID User     Command                         Swap      USS      PSS      RSS 
51211 codespace /usr/bin/python3 /usr/bin/s        0    12072    12347    14520 
50214 codespace ./cli mmap images/4096x4096        0   196708   236081   394536 
50203 codespace ./cli mmap images/4096x4096        0   196712   236086   394540 
50205 codespace ./cli mmap images/4096x4096        0   196708   236087   394628 
50212 codespace ./cli mmap images/4096x4096        0   196712   236088   394600 
50208 codespace ./cli mmap images/4096x4096        0   196712   236091   394636 
%CPU %MEM ARGS Wed Sep 30 21:06:16 UTC 2026
 0.0  0.0 grep --color=auto ./cli       0  2176
20.7  4.8 ./cli mmap images/4096x4096   0 394536
21.1  4.8 ./cli mmap images/4096x4096   1 394540
21.1  4.8 ./cli mmap images/4096x4096   0 394600
21.8  4.8 ./cli mmap images/4096x4096   1 394628
22.6  4.8 ./cli mmap images/4096x4096   0 394636
  PID User     Command                         Swap      USS      PSS      RSS 
51223 codespace /usr/bin/python3 /usr/bin/s        0    12064    12317    14544 
50214 codespace ./cli mmap images/4096x4096        0   196708   236082   394536 
50203 codespace ./cli mmap images/4096x4096        0   196712   236086   394540 
50205 codespace ./cli mmap images/4096x4096        0   196708   236086   394628 
50212 codespace ./cli mmap images/4096x4096        0   196712   236088   394600 
50208 codespace ./cli mmap images/4096x4096        0   196712   236091   394636 
%CPU %MEM ARGS Wed Sep 30 21:06:17 UTC 2026
 0.0  0.0 grep --color=auto ./cli       0  2172
20.7  4.8 ./cli mmap images/4096x4096   0 394536
21.1  4.8 ./cli mmap images/4096x4096   0 394600
21.1  4.8 ./cli mmap images/4096x4096   0 394540
22.0  4.8 ./cli mmap images/4096x4096   1 394628
22.5  4.8 ./cli mmap images/4096x4096   0 394636
  PID User     Command                         Swap      USS      PSS      RSS 
51229 codespace /usr/bin/python3 /usr/bin/s        0    12064    12343    14572 
50214 codespace ./cli mmap images/4096x4096        0   196708   236081   394536 
50203 codespace ./cli mmap images/4096x4096        0   196712   236085   394540 
50205 codespace ./cli mmap images/4096x4096        0   196708   236087   394628 
50212 codespace ./cli mmap images/4096x4096        0   196712   236088   394600 
50208 codespace ./cli mmap images/4096x4096        0   196712   236092   394636 
%CPU %MEM ARGS Wed Sep 30 21:06:18 UTC 2026
 0.0  0.0 grep --color=auto ./cli       0  2124
20.6  4.8 ./cli mmap images/4096x4096   0 394536
21.0  4.8 ./cli mmap images/4096x4096   0 394540
21.0  4.8 ./cli mmap images/4096x4096   1 394600
22.1  4.8 ./cli mmap images/4096x4096   0 394628
22.4  4.8 ./cli mmap images/4096x4096   0 394636
  PID User     Command                         Swap      USS      PSS      RSS 
51241 codespace /usr/bin/python3 /usr/bin/s        0    12060    12311    14592 
50214 codespace ./cli mmap images/4096x4096        0   196708   236080   394536 
50203 codespace ./cli mmap images/4096x4096        0   196712   236084   394540 
50205 codespace ./cli mmap images/4096x4096        0   196708   236087   394628 
50212 codespace ./cli mmap images/4096x4096        0   196712   236088   394600 
50208 codespace ./cli mmap images/4096x4096        0   196712   236091   394636 
%CPU %MEM ARGS Wed Sep 30 21:06:19 UTC 2026
 0.0  0.0 grep --color=auto ./cli       1  2196
20.7  4.8 ./cli mmap images/4096x4096   1 394536
20.9  4.8 ./cli mmap images/4096x4096   0 394540
21.0  4.8 ./cli mmap images/4096x4096   0 394600
22.0  4.8 ./cli mmap images/4096x4096   0 394628
22.3  4.8 ./cli mmap images/4096x4096   0 394636
  PID User     Command                         Swap      USS      PSS      RSS 
51271 codespace /usr/bin/python3 /usr/bin/s        0    12060    12303    14476 
50214 codespace ./cli mmap images/4096x4096        0   196708   236082   394536 
50203 codespace ./cli mmap images/4096x4096        0   196712   236086   394540 
50205 codespace ./cli mmap images/4096x4096        0   196708   236087   394628 
50212 codespace ./cli mmap images/4096x4096        0   196712   236088   394600 
50208 codespace ./cli mmap images/4096x4096        0   196712   236091   394636 
%CPU %MEM ARGS Wed Sep 30 21:06:20 UTC 2026
 0.0  0.0 grep --color=auto ./cli       1  2344
20.7  4.8 ./cli mmap images/4096x4096   0 394536
20.9  4.8 ./cli mmap images/4096x4096   1 394540
21.0  4.8 ./cli mmap images/4096x4096   1 394600
22.0  4.8 ./cli mmap images/4096x4096   0 394628
22.2  4.8 ./cli mmap images/4096x4096   1 394636
  PID User     Command                         Swap      USS      PSS      RSS 
51283 codespace /usr/bin/python3 /usr/bin/s        0    12064    12316    14480 
50214 codespace ./cli mmap images/4096x4096        0   196708   236082   394536 
50203 codespace ./cli mmap images/4096x4096        0   196712   236086   394540 
50205 codespace ./cli mmap images/4096x4096        0   196708   236087   394628 
50212 codespace ./cli mmap images/4096x4096        0   196712   236088   394600 
50208 codespace ./cli mmap images/4096x4096        0   196712   236091   394636 
%CPU %MEM ARGS Wed Sep 30 21:06:21 UTC 2026
 0.0  0.0 grep --color=auto ./cli       1  2156
20.6  4.8 ./cli mmap images/4096x4096   0 394536
20.9  4.8 ./cli mmap images/4096x4096   0 394540
20.9  4.8 ./cli mmap images/4096x4096   1 394600
22.0  4.8 ./cli mmap images/4096x4096   0 394628
22.2  4.8 ./cli mmap images/4096x4096   0 394636
  PID User     Command                         Swap      USS      PSS      RSS 
51289 codespace /usr/bin/python3 /usr/bin/s        0    12072    12343    14520 
50214 codespace ./cli mmap images/4096x4096        0   196708   236082   394536 
50203 codespace ./cli mmap images/4096x4096        0   196712   236086   394540 
50205 codespace ./cli mmap images/4096x4096        0   196708   236087   394628 
50212 codespace ./cli mmap images/4096x4096        0   196712   236088   394600 
50208 codespace ./cli mmap images/4096x4096        0   196712   236092   394636 
%CPU %MEM ARGS Wed Sep 30 21:06:22 UTC 2026
 0.0  0.0 grep --color=auto ./cli       0  2192
20.6  4.8 ./cli mmap images/4096x4096   0 394536
20.8  4.8 ./cli mmap images/4096x4096   0 394540
21.1  4.8 ./cli mmap images/4096x4096   0 394600
21.9  4.8 ./cli mmap images/4096x4096   0 394628
22.2  4.8 ./cli mmap images/4096x4096   1 394636
  PID User     Command                         Swap      USS      PSS      RSS 
51295 codespace /usr/bin/python3 /usr/bin/s        0    12064    12329    14516 
50214 codespace ./cli mmap images/4096x4096        0   196708   236081   394536 
50203 codespace ./cli mmap images/4096x4096        0   196712   236085   394540 
50205 codespace ./cli mmap images/4096x4096        0   196708   236087   394628 
50212 codespace ./cli mmap images/4096x4096        0   196712   236088   394600 
50208 codespace ./cli mmap images/4096x4096        0   196712   236092   394636 
%CPU %MEM ARGS Wed Sep 30 21:06:23 UTC 2026
 0.0  0.0 grep --color=auto ./cli       0  2196
20.6  4.8 ./cli mmap images/4096x4096   0 394536
20.8  4.8 ./cli mmap images/4096x4096   0 394540
21.1  4.8 ./cli mmap images/4096x4096   0 394600
21.8  4.8 ./cli mmap images/4096x4096   0 394628
22.2  4.8 ./cli mmap images/4096x4096   1 394636
  PID User     Command                         Swap      USS      PSS      RSS 
51307 codespace /usr/bin/python3 /usr/bin/s        0    12064    12312    14480 
50214 codespace ./cli mmap images/4096x4096        0   196708   236082   394536 
50203 codespace ./cli mmap images/4096x4096        0   196712   236086   394540 
50205 codespace ./cli mmap images/4096x4096        0   196708   236087   394628 
50212 codespace ./cli mmap images/4096x4096        0   196712   236088   394600 
50208 codespace ./cli mmap images/4096x4096        0   196712   236091   394636 
%CPU %MEM ARGS Wed Sep 30 21:06:24 UTC 2026
 0.0  0.0 grep --color=auto ./cli       0  2252
20.5  4.8 ./cli mmap images/4096x4096   0 394536
20.7  4.8 ./cli mmap images/4096x4096   0 394540
21.0  4.8 ./cli mmap images/4096x4096   0 394600
21.8  4.8 ./cli mmap images/4096x4096   0 394628
22.3  4.8 ./cli mmap images/4096x4096   1 394636
  PID User     Command                         Swap      USS      PSS      RSS 
51313 codespace /usr/bin/python3 /usr/bin/s        0    12040    12243    14528 
50214 codespace ./cli mmap images/4096x4096        0   196708   236075   394536 
50203 codespace ./cli mmap images/4096x4096        0   196712   236086   394540 
50205 codespace ./cli mmap images/4096x4096        0   196708   236087   394628 
50212 codespace ./cli mmap images/4096x4096        0   196712   236090   394600 
50208 codespace ./cli mmap images/4096x4096        0   196712   236091   394636 
%CPU %MEM ARGS Wed Sep 30 21:06:25 UTC 2026
 0.0  0.0 grep --color=auto ./cli       1  2252
20.5  4.8 ./cli mmap images/4096x4096   0 394536
20.7  4.8 ./cli mmap images/4096x4096   1 394540
20.9  4.8 ./cli mmap images/4096x4096   1 394600
21.8  4.8 ./cli mmap images/4096x4096   1 394628
22.4  4.8 ./cli mmap images/4096x4096   0 394636
  PID User     Command                         Swap      USS      PSS      RSS 
51331 codespace /usr/bin/python3 /usr/bin/s        0    12064    12297    14452 
50214 codespace ./cli mmap images/4096x4096        0   196708   236082   394536 
50203 codespace ./cli mmap images/4096x4096        0   196712   236086   394540 
50205 codespace ./cli mmap images/4096x4096        0   196708   236087   394628 
50212 codespace ./cli mmap images/4096x4096        0   196712   236088   394600 
50208 codespace ./cli mmap images/4096x4096        0   196712   236091   394636 
%CPU %MEM ARGS Wed Sep 30 21:06:26 UTC 2026
 0.0  0.0 grep --color=auto ./cli       1  2176
20.4  4.8 ./cli mmap images/4096x4096   1 394536
20.7  4.8 ./cli mmap images/4096x4096   0 394540
20.9  4.8 ./cli mmap images/4096x4096   1 394600
21.8  4.8 ./cli mmap images/4096x4096   1 394628
22.3  4.8 ./cli mmap images/4096x4096   1 394636
  PID User     Command                         Swap      USS      PSS      RSS 
51337 codespace /usr/bin/python3 /usr/bin/s        0    12064    12320    14544 
50214 codespace ./cli mmap images/4096x4096        0   196708   236082   394536 
50203 codespace ./cli mmap images/4096x4096        0   196712   236086   394540 
50205 codespace ./cli mmap images/4096x4096        0   196708   236087   394628 
50212 codespace ./cli mmap images/4096x4096        0   196712   236090   394600 
50208 codespace ./cli mmap images/4096x4096        0   196712   236091   394636 
%CPU %MEM ARGS Wed Sep 30 21:06:27 UTC 2026
 0.0  0.0 grep --color=auto ./cli       1  2160
20.4  4.8 ./cli mmap images/4096x4096   1 394536
20.7  4.8 ./cli mmap images/4096x4096   1 394540
20.9  4.8 ./cli mmap images/4096x4096   1 394600
21.7  4.8 ./cli mmap images/4096x4096   1 394628
22.3  4.8 ./cli mmap images/4096x4096   0 394636
  PID User     Command                         Swap      USS      PSS      RSS 
51343 codespace /usr/bin/python3 /usr/bin/s        0    12068    12323    14548 
50214 codespace ./cli mmap images/4096x4096        0   196708   236082   394536 
50203 codespace ./cli mmap images/4096x4096        0   196712   236086   394540 
50205 codespace ./cli mmap images/4096x4096        0   196708   236087   394628 
50212 codespace ./cli mmap images/4096x4096        0   196712   236088   394600 
50208 codespace ./cli mmap images/4096x4096        0   196712   236091   394636 
%CPU %MEM ARGS Wed Sep 30 21:06:28 UTC 2026
 0.0  0.0 grep --color=auto ./cli       1  2252
20.3  4.8 ./cli mmap images/4096x4096   1 394536
20.6  4.8 ./cli mmap images/4096x4096   1 394540
20.8  4.8 ./cli mmap images/4096x4096   1 394600
21.7  4.8 ./cli mmap images/4096x4096   1 394628
22.5  4.8 ./cli mmap images/4096x4096   0 394636
  PID User     Command                         Swap      USS      PSS      RSS 
51355 codespace /usr/bin/python3 /usr/bin/s        0    12060    12309    14476 
50214 codespace ./cli mmap images/4096x4096        0   196708   236082   394536 
50203 codespace ./cli mmap images/4096x4096        0   196712   236086   394540 
50205 codespace ./cli mmap images/4096x4096        0   196708   236086   394628 
50212 codespace ./cli mmap images/4096x4096        0   196712   236088   394600 
50208 codespace ./cli mmap images/4096x4096        0   196712   236091   394636 
%CPU %MEM ARGS Wed Sep 30 21:06:29 UTC 2026
 0.0  0.0 grep --color=auto ./cli       1  2152
20.3  4.8 ./cli mmap images/4096x4096   1 394536
20.7  4.8 ./cli mmap images/4096x4096   0 394540
20.7  4.8 ./cli mmap images/4096x4096   0 394600
21.6  4.8 ./cli mmap images/4096x4096   1 394628
22.4  4.8 ./cli mmap images/4096x4096   1 394636
  PID User     Command                         Swap      USS      PSS      RSS 
51379 codespace /usr/bin/python3 /usr/bin/s        0    12068    12352    14628 
50214 codespace ./cli mmap images/4096x4096        0   196708   236082   394536 
50203 codespace ./cli mmap images/4096x4096        0   196712   236086   394540 
50205 codespace ./cli mmap images/4096x4096        0   196708   236087   394628 
50212 codespace ./cli mmap images/4096x4096        0   196712   236088   394600 
50208 codespace ./cli mmap images/4096x4096        0   196712   236092   394636 
%CPU %MEM ARGS Wed Sep 30 21:06:30 UTC 2026
 0.0  0.0 grep --color=auto ./cli       1  2160
20.2  4.8 ./cli mmap images/4096x4096   0 394536
20.7  4.8 ./cli mmap images/4096x4096   0 394600
20.9  4.8 ./cli mmap images/4096x4096   0 394540
21.5  4.8 ./cli mmap images/4096x4096   1 394628
22.3  4.8 ./cli mmap images/4096x4096   1 394636
  PID User     Command                         Swap      USS      PSS      RSS 
51397 codespace /usr/bin/python3 /usr/bin/s        0    12064    12321    14544 
50214 codespace ./cli mmap images/4096x4096        0   196708   236081   394536 
50203 codespace ./cli mmap images/4096x4096        0   196712   236085   394540 
50205 codespace ./cli mmap images/4096x4096        0   196708   236087   394628 
50212 codespace ./cli mmap images/4096x4096        0   196712   236088   394600 
50208 codespace ./cli mmap images/4096x4096        0   196712   236091   394636 
%CPU %MEM ARGS Wed Sep 30 21:06:31 UTC 2026
 0.0  0.0 grep --color=auto ./cli       0  2256
20.2  4.8 ./cli mmap images/4096x4096   0 394536
20.7  4.8 ./cli mmap images/4096x4096   1 394600
20.9  4.8 ./cli mmap images/4096x4096   0 394540
21.5  4.8 ./cli mmap images/4096x4096   1 394628
22.3  4.8 ./cli mmap images/4096x4096   0 394636
  PID User     Command                         Swap      USS      PSS      RSS 
51403 codespace /usr/bin/python3 /usr/bin/s        0    12064    12302    14508 
50214 codespace ./cli mmap images/4096x4096        0   196708   236082   394536 
50203 codespace ./cli mmap images/4096x4096        0   196712   236086   394540 
50205 codespace ./cli mmap images/4096x4096        0   196708   236087   394628 
50212 codespace ./cli mmap images/4096x4096        0   196712   236088   394600 
50208 codespace ./cli mmap images/4096x4096        0   196712   236091   394636 
%CPU %MEM ARGS Wed Sep 30 21:06:32 UTC 2026
 0.0  0.0 grep --color=auto ./cli       0  2308
20.2  4.8 ./cli mmap images/4096x4096   0 394536
20.7  4.8 ./cli mmap images/4096x4096   0 394600
20.8  4.8 ./cli mmap images/4096x4096   0 394540
21.6  4.8 ./cli mmap images/4096x4096   0 394628
22.2  4.8 ./cli mmap images/4096x4096   1 394636
  PID User     Command                         Swap      USS      PSS      RSS 
51415 codespace /usr/bin/python3 /usr/bin/s        0    12064    12335    14480 
50214 codespace ./cli mmap images/4096x4096        0   196708   236082   394536 
50203 codespace ./cli mmap images/4096x4096        0   196712   236086   394540 
50205 codespace ./cli mmap images/4096x4096        0   196708   236087   394628 
50212 codespace ./cli mmap images/4096x4096        0   196712   236088   394600 
50208 codespace ./cli mmap images/4096x4096        0   196712   236091   394636 
%CPU %MEM ARGS Wed Sep 30 21:06:33 UTC 2026
 0.0  0.0 grep --color=auto ./cli       0  2132
20.1  4.8 ./cli mmap images/4096x4096   0 394536
20.7  4.8 ./cli mmap images/4096x4096   0 394600
20.8  4.8 ./cli mmap images/4096x4096   0 394540
21.6  4.8 ./cli mmap images/4096x4096   0 394628
22.2  4.8 ./cli mmap images/4096x4096   0 394636
  PID User     Command                         Swap      USS      PSS      RSS 
51421 codespace /usr/bin/python3 /usr/bin/s        0    12064    12309    14480 
50214 codespace ./cli mmap images/4096x4096        0   196708   236082   394536 
50203 codespace ./cli mmap images/4096x4096        0   196712   236086   394540 
50205 codespace ./cli mmap images/4096x4096        0   196708   236087   394628 
50212 codespace ./cli mmap images/4096x4096        0   196712   236088   394600 
50208 codespace ./cli mmap images/4096x4096        0   196712   236094   394636 
%CPU %MEM ARGS Wed Sep 30 21:06:34 UTC 2026
 0.0  0.0 grep --color=auto ./cli       1  2296
20.1  4.8 ./cli mmap images/4096x4096   0 394536
20.6  4.8 ./cli mmap images/4096x4096   1 394600
20.7  4.8 ./cli mmap images/4096x4096   0 394540
21.6  4.8 ./cli mmap images/4096x4096   1 394628
22.1  4.8 ./cli mmap images/4096x4096   1 394636
  PID User     Command                         Swap      USS      PSS      RSS 
51433 codespace /usr/bin/python3 /usr/bin/s        0    12064    12331    14480 
50214 codespace ./cli mmap images/4096x4096        0   196708   236082   394536 
50203 codespace ./cli mmap images/4096x4096        0   196712   236086   394540 
50205 codespace ./cli mmap images/4096x4096        0   196708   236087   394628 
50212 codespace ./cli mmap images/4096x4096        0   196712   236088   394600 
50208 codespace ./cli mmap images/4096x4096        0   196712   236091   394636 
%CPU %MEM ARGS Wed Sep 30 21:06:35 UTC 2026
 0.0  0.0 grep --color=auto ./cli       1  2288
20.1  4.8 ./cli mmap images/4096x4096   1 394536
20.6  4.8 ./cli mmap images/4096x4096   1 394600
20.9  4.8 ./cli mmap images/4096x4096   1 394540
21.6  4.8 ./cli mmap images/4096x4096   1 394628
22.1  4.8 ./cli mmap images/4096x4096   1 394636
  PID User     Command                         Swap      USS      PSS      RSS 
51439 codespace /usr/bin/python3 /usr/bin/s        0    12028    12257    14500 
50214 codespace ./cli mmap images/4096x4096        0   196708   236080   394536 
50203 codespace ./cli mmap images/4096x4096        0   196712   236086   394540 
50205 codespace ./cli mmap images/4096x4096        0   196708   236087   394628 
50212 codespace ./cli mmap images/4096x4096        0   196712   236087   394600 
50208 codespace ./cli mmap images/4096x4096        0   196712   236090   394636 
%CPU %MEM ARGS Wed Sep 30 21:06:36 UTC 2026
 0.0  0.0 grep --color=auto ./cli       1  2288
20.1  4.8 ./cli mmap images/4096x4096   0 394536
20.5  4.8 ./cli mmap images/4096x4096   1 394600
20.8  4.8 ./cli mmap images/4096x4096   1 394540
21.5  4.8 ./cli mmap images/4096x4096   1 394628
22.1  4.8 ./cli mmap images/4096x4096   1 394636
  PID User     Command                         Swap      USS      PSS      RSS 
51455 codespace /usr/bin/python3 /usr/bin/s        0    12060    12323    14528 
50214 codespace ./cli mmap images/4096x4096        0   196708   236081   394536 
50203 codespace ./cli mmap images/4096x4096        0   196712   236085   394540 
50205 codespace ./cli mmap images/4096x4096        0   196708   236087   394628 
50212 codespace ./cli mmap images/4096x4096        0   196712   236088   394600 
50208 codespace ./cli mmap images/4096x4096        0   196712   236092   394636 
%CPU %MEM ARGS Wed Sep 30 21:06:37 UTC 2026
 0.0  0.0 grep --color=auto ./cli       1  2300
20.1  4.8 ./cli mmap images/4096x4096   1 394536
20.5  4.8 ./cli mmap images/4096x4096   1 394600
20.8  4.8 ./cli mmap images/4096x4096   0 394540
21.6  4.8 ./cli mmap images/4096x4096   1 394628
22.1  4.8 ./cli mmap images/4096x4096   1 394636
  PID User     Command                         Swap      USS      PSS      RSS 
51463 codespace /usr/bin/python3 /usr/bin/s        0    12060    12307    14476 
50214 codespace ./cli mmap images/4096x4096        0   196708   236082   394536 
50203 codespace ./cli mmap images/4096x4096        0   196712   236086   394540 
50205 codespace ./cli mmap images/4096x4096        0   196708   236087   394628 
50212 codespace ./cli mmap images/4096x4096        0   196712   236088   394600 
50208 codespace ./cli mmap images/4096x4096        0   196712   236091   394636 
%CPU %MEM ARGS Wed Sep 30 21:06:38 UTC 2026
 0.0  0.0 grep --color=auto ./cli       1  2292
20.0  4.8 ./cli mmap images/4096x4096   1 394536
20.4  4.8 ./cli mmap images/4096x4096   1 394600
20.9  4.8 ./cli mmap images/4096x4096   0 394540
21.6  4.8 ./cli mmap images/4096x4096   1 394628
22.0  4.8 ./cli mmap images/4096x4096   1 394636
  PID User     Command                         Swap      USS      PSS      RSS 
51472 codespace /usr/bin/python3 /usr/bin/s        0    12064    12282    14484 
50214 codespace ./cli mmap images/4096x4096        0   196708   236081   394536 
50203 codespace ./cli mmap images/4096x4096        0   196712   236086   394540 
50205 codespace ./cli mmap images/4096x4096        0   196708   236087   394628 
50212 codespace ./cli mmap images/4096x4096        0   196712   236088   394600 
50208 codespace ./cli mmap images/4096x4096        0   196712   236090   394636 
%CPU %MEM ARGS Wed Sep 30 21:06:40 UTC 2026
 0.0  0.0 grep --color=auto ./cli       0  2180
20.0  4.8 ./cli mmap images/4096x4096   1 394536
20.4  4.8 ./cli mmap images/4096x4096   1 394600
21.0  4.8 ./cli mmap images/4096x4096   0 394540
21.5  4.8 ./cli mmap images/4096x4096   1 394628
21.9  4.8 ./cli mmap images/4096x4096   1 394636
  PID User     Command                         Swap      USS      PSS      RSS 
51498 codespace /usr/bin/python3 /usr/bin/s        0    12060    12300    14424 
50214 codespace ./cli mmap images/4096x4096        0   196708   236082   394536 
50203 codespace ./cli mmap images/4096x4096        0   196712   236086   394540 
50205 codespace ./cli mmap images/4096x4096        0   196708   236086   394628 
50212 codespace ./cli mmap images/4096x4096        0   196712   236088   394600 
50208 codespace ./cli mmap images/4096x4096        0   196712   236091   394636 
%CPU %MEM ARGS Wed Sep 30 21:06:41 UTC 2026
 0.0  0.0 grep --color=auto ./cli       1  2244
20.0  4.8 ./cli mmap images/4096x4096   1 394536
20.3  4.8 ./cli mmap images/4096x4096   0 394600
20.9  4.8 ./cli mmap images/4096x4096   0 394540
21.4  4.8 ./cli mmap images/4096x4096   1 394628
22.0  4.8 ./cli mmap images/4096x4096   0 394636
  PID User     Command                         Swap      USS      PSS      RSS 
51508 codespace /usr/bin/python3 /usr/bin/s        0    12060    12289    14548 
50214 codespace ./cli mmap images/4096x4096        0   196708   236080   394536 
50203 codespace ./cli mmap images/4096x4096        0   196712   236086   394540 
50212 codespace ./cli mmap images/4096x4096        0   196712   236086   394600 
50205 codespace ./cli mmap images/4096x4096        0   196708   236087   394628 
50208 codespace ./cli mmap images/4096x4096        0   196712   236090   394636 
%CPU %MEM ARGS Wed Sep 30 21:06:42 UTC 2026
 0.0  0.0 grep --color=auto ./cli       1  2252
19.9  4.8 ./cli mmap images/4096x4096   1 394536
20.3  4.8 ./cli mmap images/4096x4096   1 394600
20.9  4.8 ./cli mmap images/4096x4096   1 394540
21.4  4.8 ./cli mmap images/4096x4096   0 394628
21.9  4.8 ./cli mmap images/4096x4096   1 394636
  PID User     Command                         Swap      USS      PSS      RSS 
51523 codespace /usr/bin/python3 /usr/bin/s        0    12064    12300    14452 
50214 codespace ./cli mmap images/4096x4096        0   196708   236082   394536 
50203 codespace ./cli mmap images/4096x4096        0   196712   236086   394540 
50205 codespace ./cli mmap images/4096x4096        0   196708   236086   394628 
50212 codespace ./cli mmap images/4096x4096        0   196712   236088   394600 
50208 codespace ./cli mmap images/4096x4096        0   196712   236091   394636 
%CPU %MEM ARGS Wed Sep 30 21:06:43 UTC 2026
 0.0  0.0 grep --color=auto ./cli       1  2160
19.9  4.8 ./cli mmap images/4096x4096   1 394536
20.3  4.8 ./cli mmap images/4096x4096   1 394600
20.9  4.8 ./cli mmap images/4096x4096   1 394540
21.5  4.8 ./cli mmap images/4096x4096   1 394628
21.9  4.8 ./cli mmap images/4096x4096   1 394636
  PID User     Command                         Swap      USS      PSS      RSS 
51529 codespace /usr/bin/python3 /usr/bin/s        0    12032    12297    14484 
50214 codespace ./cli mmap images/4096x4096        0   196708   236081   394536 
50203 codespace ./cli mmap images/4096x4096        0   196712   236085   394540 
50205 codespace ./cli mmap images/4096x4096        0   196708   236087   394628 
50212 codespace ./cli mmap images/4096x4096        0   196712   236088   394600 
50208 codespace ./cli mmap images/4096x4096        0   196712   236092   394636 
%CPU %MEM ARGS Wed Sep 30 21:06:44 UTC 2026
 0.0  0.0 grep --color=auto ./cli       0  2340
19.9  4.8 ./cli mmap images/4096x4096   1 394536
20.4  4.8 ./cli mmap images/4096x4096   1 394600
21.0  4.8 ./cli mmap images/4096x4096   0 394540
21.4  4.8 ./cli mmap images/4096x4096   1 394628
21.8  4.8 ./cli mmap images/4096x4096   1 394636
  PID User     Command                         Swap      USS      PSS      RSS 
51541 codespace /usr/bin/python3 /usr/bin/s        0    12068    12338    14516 
50214 codespace ./cli mmap images/4096x4096        0   196708   236082   394536 
50203 codespace ./cli mmap images/4096x4096        0   196712   236086   394540 
50205 codespace ./cli mmap images/4096x4096        0   196708   236087   394628 
50212 codespace ./cli mmap images/4096x4096        0   196712   236088   394600 
50208 codespace ./cli mmap images/4096x4096        0   196712   236092   394636 
%CPU %MEM ARGS Wed Sep 30 21:06:45 UTC 2026
 0.0  0.0 grep --color=auto ./cli       1  2208
19.9  4.8 ./cli mmap images/4096x4096   1 394536
20.4  4.8 ./cli mmap images/4096x4096   0 394600
20.9  4.8 ./cli mmap images/4096x4096   1 394540
21.4  4.8 ./cli mmap images/4096x4096   1 394628
21.8  4.8 ./cli mmap images/4096x4096   1 394636
  PID User     Command                         Swap      USS      PSS      RSS 
51546 codespace /usr/bin/python3 /usr/bin/s        0    12060    12317    14544 
50214 codespace ./cli mmap images/4096x4096        0   196708   236082   394536 
50203 codespace ./cli mmap images/4096x4096        0   196712   236086   394540 
50205 codespace ./cli mmap images/4096x4096        0   196708   236087   394628 
50212 codespace ./cli mmap images/4096x4096        0   196712   236088   394600 
50208 codespace ./cli mmap images/4096x4096        0   196712   236091   394636 
%CPU %MEM ARGS Wed Sep 30 21:06:46 UTC 2026
 0.0  0.0 grep --color=auto ./cli       1  2156
19.8  4.8 ./cli mmap images/4096x4096   0 394536
20.5  4.8 ./cli mmap images/4096x4096   0 394600
20.9  4.8 ./cli mmap images/4096x4096   1 394540
21.3  4.8 ./cli mmap images/4096x4096   1 394628
21.7  4.8 ./cli mmap images/4096x4096   0 394636
  PID User     Command                         Swap      USS      PSS      RSS 
51558 codespace /usr/bin/python3 /usr/bin/s        0    12068    12331    14536 
50214 codespace ./cli mmap images/4096x4096        0   196708   236081   394536 
50203 codespace ./cli mmap images/4096x4096        0   196712   236085   394540 
50205 codespace ./cli mmap images/4096x4096        0   196708   236087   394628 
50212 codespace ./cli mmap images/4096x4096        0   196712   236088   394600 
50208 codespace ./cli mmap images/4096x4096        0   196712   236092   394636 
%CPU %MEM ARGS Wed Sep 30 21:06:47 UTC 2026
 0.0  0.0 grep --color=auto ./cli       0  2172
19.8  4.8 ./cli mmap images/4096x4096   1 394536
20.5  4.8 ./cli mmap images/4096x4096   1 394600
20.9  4.8 ./cli mmap images/4096x4096   1 394540
21.3  4.8 ./cli mmap images/4096x4096   1 394628
21.7  4.8 ./cli mmap images/4096x4096   1 394636
  PID User     Command                         Swap      USS      PSS      RSS 
51564 codespace /usr/bin/python3 /usr/bin/s        0    12084    12377    14592 
50214 codespace ./cli mmap images/4096x4096        0   196708   236081   394536 
50203 codespace ./cli mmap images/4096x4096        0   196712   236084   394540 
50205 codespace ./cli mmap images/4096x4096        0   196708   236085   394628 
50212 codespace ./cli mmap images/4096x4096        0   196712   236088   394600 
50208 codespace ./cli mmap images/4096x4096        0   196712   236090   394636 
%CPU %MEM ARGS Wed Sep 30 21:06:48 UTC 2026
 0.0  0.0 grep --color=auto ./cli       1  2172
19.8  4.8 ./cli mmap images/4096x4096   0 394536
20.5  4.8 ./cli mmap images/4096x4096   1 394600
20.8  4.8 ./cli mmap images/4096x4096   1 394540
21.3  4.8 ./cli mmap images/4096x4096   1 394628
21.7  4.8 ./cli mmap images/4096x4096   1 394636
  PID User     Command                         Swap      USS      PSS      RSS 
51579 codespace /usr/bin/python3 /usr/bin/s        0    12060    12324    14476 
50214 codespace ./cli mmap images/4096x4096        0   196708   236082   394536 
50203 codespace ./cli mmap images/4096x4096        0   196712   236086   394540 
50205 codespace ./cli mmap images/4096x4096        0   196708   236087   394628 
50212 codespace ./cli mmap images/4096x4096        0   196712   236088   394600 
50208 codespace ./cli mmap images/4096x4096        0   196712   236091   394636 
%CPU %MEM ARGS Wed Sep 30 21:06:49 UTC 2026
 0.0  0.0 grep --color=auto ./cli       1  2164
20.0  4.8 ./cli mmap images/4096x4096   1 394536
20.5  4.8 ./cli mmap images/4096x4096   1 394600
20.8  4.8 ./cli mmap images/4096x4096   0 394540
21.2  4.8 ./cli mmap images/4096x4096   1 394628
21.6  4.8 ./cli mmap images/4096x4096   1 394636
  PID User     Command                         Swap      USS      PSS      RSS 
51589 codespace /usr/bin/python3 /usr/bin/s        0    12064    12344    14572 
50214 codespace ./cli mmap images/4096x4096        0   196708   236081   394536 
50203 codespace ./cli mmap images/4096x4096        0   196712   236085   394540 
50205 codespace ./cli mmap images/4096x4096        0   196708   236087   394628 
50212 codespace ./cli mmap images/4096x4096        0   196712   236088   394600 
50208 codespace ./cli mmap images/4096x4096        0   196712   236092   394636 
%CPU %MEM ARGS Wed Sep 30 21:06:50 UTC 2026
 0.0  0.0 grep --color=auto ./cli       1  2164
19.9  4.8 ./cli mmap images/4096x4096   0 394536
20.5  4.8 ./cli mmap images/4096x4096   1 394600
20.8  4.8 ./cli mmap images/4096x4096   0 394540
21.2  4.8 ./cli mmap images/4096x4096   1 394628
21.6  4.8 ./cli mmap images/4096x4096   1 394636
  PID User     Command                         Swap      USS      PSS      RSS 
51594 codespace /usr/bin/python3 /usr/bin/s        0    12064    12313    14480 
50214 codespace ./cli mmap images/4096x4096        0   196708   236082   394536 
50203 codespace ./cli mmap images/4096x4096        0   196712   236086   394540 
50205 codespace ./cli mmap images/4096x4096        0   196708   236087   394628 
50212 codespace ./cli mmap images/4096x4096        0   196712   236088   394600 
50208 codespace ./cli mmap images/4096x4096        0   196712   236089   394636 
%CPU %MEM ARGS Wed Sep 30 21:06:51 UTC 2026
 0.0  0.0 grep --color=auto ./cli       1  2212
19.9  4.8 ./cli mmap images/4096x4096   1 394536
20.4  4.8 ./cli mmap images/4096x4096   1 394600
20.8  4.8 ./cli mmap images/4096x4096   1 394540
21.1  4.8 ./cli mmap images/4096x4096   0 394628
21.6  4.8 ./cli mmap images/4096x4096   1 394636
  PID User     Command                         Swap      USS      PSS      RSS 
51624 codespace /usr/bin/python3 /usr/bin/s        0    12068    12350    14596 
50214 codespace ./cli mmap images/4096x4096        0   196708   236082   394536 
50203 codespace ./cli mmap images/4096x4096        0   196712   236086   394540 
50205 codespace ./cli mmap images/4096x4096        0   196708   236087   394628 
50212 codespace ./cli mmap images/4096x4096        0   196712   236088   394600 
50208 codespace ./cli mmap images/4096x4096        0   196712   236092   394636 
%CPU %MEM ARGS Wed Sep 30 21:06:52 UTC 2026
 0.0  0.0 grep --color=auto ./cli       0  2176
19.9  4.8 ./cli mmap images/4096x4096   0 394536
20.4  4.8 ./cli mmap images/4096x4096   0 394600
20.8  4.8 ./cli mmap images/4096x4096   1 394540
21.2  4.8 ./cli mmap images/4096x4096   0 394628
21.5  4.8 ./cli mmap images/4096x4096   0 394636
  PID User     Command                         Swap      USS      PSS      RSS 
51633 codespace /usr/bin/python3 /usr/bin/s        0    12064    12341    14592 
50212 codespace ./cli mmap images/4096x4096        0   196712   236082   394600 
50214 codespace ./cli mmap images/4096x4096        0   196708   236082   394536 
50203 codespace ./cli mmap images/4096x4096        0   196712   236085   394540 
50205 codespace ./cli mmap images/4096x4096        0   196708   236087   394628 
50208 codespace ./cli mmap images/4096x4096        0   196712   236091   394636 
%CPU %MEM ARGS Wed Sep 30 21:06:53 UTC 2026
 0.0  0.0 grep --color=auto ./cli       0  2128
19.8  4.8 ./cli mmap images/4096x4096   1 394536
20.4  4.8 ./cli mmap images/4096x4096   1 394600
20.8  4.8 ./cli mmap images/4096x4096   0 394540
21.1  4.8 ./cli mmap images/4096x4096   0 394628
21.5  4.8 ./cli mmap images/4096x4096   1 394636
  PID User     Command                         Swap      USS      PSS      RSS 
51654 codespace /usr/bin/python3 /usr/bin/s        0    12064    12323    14548 
50214 codespace ./cli mmap images/4096x4096        0   196708   236082   394536 
50203 codespace ./cli mmap images/4096x4096        0   196712   236086   394540 
50205 codespace ./cli mmap images/4096x4096        0   196708   236087   394628 
50212 codespace ./cli mmap images/4096x4096        0   196712   236088   394600 
50208 codespace ./cli mmap images/4096x4096        0   196712   236091   394636 
%CPU %MEM ARGS Wed Sep 30 21:06:54 UTC 2026
 0.0  0.0 grep --color=auto ./cli       1  2292
19.8  4.8 ./cli mmap images/4096x4096   1 394536
20.4  4.8 ./cli mmap images/4096x4096   0 394600
20.7  4.8 ./cli mmap images/4096x4096   1 394540
21.1  4.8 ./cli mmap images/4096x4096   0 394628
21.4  4.8 ./cli mmap images/4096x4096   1 394636
  PID User     Command                         Swap      USS      PSS      RSS 
51660 codespace /usr/bin/python3 /usr/bin/s        0    12072    12350    14520 
50214 codespace ./cli mmap images/4096x4096        0   196708   236082   394536 
50203 codespace ./cli mmap images/4096x4096        0   196712   236086   394540 
50205 codespace ./cli mmap images/4096x4096        0   196708   236087   394628 
50212 codespace ./cli mmap images/4096x4096        0   196712   236088   394600 
50208 codespace ./cli mmap images/4096x4096        0   196712   236092   394636 
%CPU %MEM ARGS Wed Sep 30 21:06:55 UTC 2026
 0.0  0.0 grep --color=auto ./cli       1  2212
19.8  4.8 ./cli mmap images/4096x4096   1 394536
20.5  4.8 ./cli mmap images/4096x4096   0 394600
20.7  4.8 ./cli mmap images/4096x4096   0 394540
21.1  4.8 ./cli mmap images/4096x4096   1 394628
21.4  4.8 ./cli mmap images/4096x4096   1 394636
  PID User     Command                         Swap      USS      PSS      RSS 
51669 codespace /usr/bin/python3 /usr/bin/s        0    12060    12311    14476 
50214 codespace ./cli mmap images/4096x4096        0   196708   236081   394536 
50203 codespace ./cli mmap images/4096x4096        0   196712   236085   394540 
50205 codespace ./cli mmap images/4096x4096        0   196708   236087   394628 
50212 codespace ./cli mmap images/4096x4096        0   196712   236088   394600 
50208 codespace ./cli mmap images/4096x4096        0   196712   236091   394636 
%CPU %MEM ARGS Wed Sep 30 21:06:56 UTC 2026
 0.0  0.0 grep --color=auto ./cli       1  2248
19.8  4.8 ./cli mmap images/4096x4096   1 394536
20.5  4.8 ./cli mmap images/4096x4096   1 394600
20.8  4.8 ./cli mmap images/4096x4096   1 394540
21.0  4.8 ./cli mmap images/4096x4096   1 394628
21.3  4.8 ./cli mmap images/4096x4096   1 394636
  PID User     Command                         Swap      USS      PSS      RSS 
51679 codespace /usr/bin/python3 /usr/bin/s        0    12016    12276    14500 
50214 codespace ./cli mmap images/4096x4096        0   196708   236081   394536 
50203 codespace ./cli mmap images/4096x4096        0   196712   236085   394540 
50205 codespace ./cli mmap images/4096x4096        0   196708   236087   394628 
50212 codespace ./cli mmap images/4096x4096        0   196712   236088   394600 
50208 codespace ./cli mmap images/4096x4096        0   196712   236091   394636 
%CPU %MEM ARGS Wed Sep 30 21:06:57 UTC 2026
 0.0  0.0 grep --color=auto ./cli       0  2168
19.8  4.8 ./cli mmap images/4096x4096   1 394536
20.5  4.8 ./cli mmap images/4096x4096   1 394600
20.8  4.8 ./cli mmap images/4096x4096   0 394540
21.0  4.8 ./cli mmap images/4096x4096   0 394628
21.3  4.8 ./cli mmap images/4096x4096   0 394636
  PID User     Command                         Swap      USS      PSS      RSS 
51686 codespace /usr/bin/python3 /usr/bin/s        0    12072    12346    14520 
50214 codespace ./cli mmap images/4096x4096        0   196708   236082   394536 
50203 codespace ./cli mmap images/4096x4096        0   196712   236086   394540 
50205 codespace ./cli mmap images/4096x4096        0   196708   236087   394628 
50212 codespace ./cli mmap images/4096x4096        0   196712   236088   394600 
50208 codespace ./cli mmap images/4096x4096        0   196712   236092   394636 
%CPU %MEM ARGS Wed Sep 30 21:06:58 UTC 2026
 0.0  0.0 grep --color=auto ./cli       1  2308
19.8  4.8 ./cli mmap images/4096x4096   1 394536
20.6  4.8 ./cli mmap images/4096x4096   1 394600
20.7  4.8 ./cli mmap images/4096x4096   1 394540
20.9  4.8 ./cli mmap images/4096x4096   1 394628
21.3  4.8 ./cli mmap images/4096x4096   1 394636
  PID User     Command                         Swap      USS      PSS      RSS 
51697 codespace /usr/bin/python3 /usr/bin/s        0    12064    12360    14624 
50214 codespace ./cli mmap images/4096x4096        0   196708   236083   394536 
50203 codespace ./cli mmap images/4096x4096        0   196712   236086   394540 
50205 codespace ./cli mmap images/4096x4096        0   196708   236087   394628 
50212 codespace ./cli mmap images/4096x4096        0   196712   236088   394600 
50208 codespace ./cli mmap images/4096x4096        0   196712   236092   394636 
%CPU %MEM ARGS Wed Sep 30 21:06:59 UTC 2026
 0.0  0.0 grep --color=auto ./cli       0  2176
19.8  4.8 ./cli mmap images/4096x4096   1 394536
20.6  4.8 ./cli mmap images/4096x4096   0 394600
20.7  4.8 ./cli mmap images/4096x4096   0 394540
20.9  4.8 ./cli mmap images/4096x4096   0 394628
21.2  4.8 ./cli mmap images/4096x4096   0 394636
  PID User     Command                         Swap      USS      PSS      RSS 
51710 codespace /usr/bin/python3 /usr/bin/s        0    12060    12309    14476 
50214 codespace ./cli mmap images/4096x4096        0   196708   236082   394536 
50203 codespace ./cli mmap images/4096x4096        0   196712   236086   394540 
50205 codespace ./cli mmap images/4096x4096        0   196708   236086   394628 
50212 codespace ./cli mmap images/4096x4096        0   196712   236088   394600 
50208 codespace ./cli mmap images/4096x4096        0   196712   236092   394636 
%CPU %MEM ARGS Wed Sep 30 21:07:01 UTC 2026
 0.0  0.0 grep --color=auto ./cli       0  2204
19.9  4.8 ./cli mmap images/4096x4096   1 394536
20.5  4.8 ./cli mmap images/4096x4096   1 394600
20.7  4.8 ./cli mmap images/4096x4096   0 394540
20.9  4.8 ./cli mmap images/4096x4096   0 394628
21.2  4.8 ./cli mmap images/4096x4096   1 394636
  PID User     Command                         Swap      USS      PSS      RSS 
51734 codespace /usr/bin/python3 /usr/bin/s        0    12064    12320    14524 
50214 codespace ./cli mmap images/4096x4096        0   196708   236082   394536 
50203 codespace ./cli mmap images/4096x4096        0   196712   236085   394540 
50205 codespace ./cli mmap images/4096x4096        0   196708   236087   394628 
50212 codespace ./cli mmap images/4096x4096        0   196712   236088   394600 
50208 codespace ./cli mmap images/4096x4096        0   196712   236092   394636 
%CPU %MEM ARGS Wed Sep 30 21:07:01 UTC 2026
 0.0  0.0 grep --color=auto ./cli       0  2152
19.9  4.8 ./cli mmap images/4096x4096   0 394536
20.5  4.8 ./cli mmap images/4096x4096   0 394600
20.6  4.8 ./cli mmap images/4096x4096   0 394540
20.9  4.8 ./cli mmap images/4096x4096   1 394628
21.1  4.8 ./cli mmap images/4096x4096   0 394636
  PID User     Command                         Swap      USS      PSS      RSS 
51746 codespace /usr/bin/python3 /usr/bin/s        0    12064    12320    14548 
50214 codespace ./cli mmap images/4096x4096        0   196708   236081   394536 
50203 codespace ./cli mmap images/4096x4096        0   196712   236086   394540 
50205 codespace ./cli mmap images/4096x4096        0   196708   236086   394628 
50212 codespace ./cli mmap images/4096x4096        0   196712   236088   394600 
50208 codespace ./cli mmap images/4096x4096        0   196712   236091   394636 
%CPU %MEM ARGS Wed Sep 30 21:07:02 UTC 2026
 0.0  0.0 grep --color=auto ./cli       1  2212
19.9  4.8 ./cli mmap images/4096x4096   0 394536
20.5  4.8 ./cli mmap images/4096x4096   0 394600
20.6  4.8 ./cli mmap images/4096x4096   0 394540
20.8  4.8 ./cli mmap images/4096x4096   0 394628
21.1  4.8 ./cli mmap images/4096x4096   0 394636
  PID User     Command                         Swap      USS      PSS      RSS 
51758 codespace /usr/bin/python3 /usr/bin/s        0    12068    12337    14516 
50214 codespace ./cli mmap images/4096x4096        0   196708   236082   394536 
50203 codespace ./cli mmap images/4096x4096        0   196712   236086   394540 
50205 codespace ./cli mmap images/4096x4096        0   196708   236087   394628 
50212 codespace ./cli mmap images/4096x4096        0   196712   236088   394600 
50208 codespace ./cli mmap images/4096x4096        0   196712   236092   394636 
%CPU %MEM ARGS Wed Sep 30 21:07:03 UTC 2026
 0.0  0.0 grep --color=auto ./cli       0  2172
19.9  4.8 ./cli mmap images/4096x4096   1 394536
20.4  4.8 ./cli mmap images/4096x4096   0 394600
20.6  4.8 ./cli mmap images/4096x4096   0 394540
20.8  4.8 ./cli mmap images/4096x4096   0 394628
21.1  4.8 ./cli mmap images/4096x4096   0 394636
  PID User     Command                         Swap      USS      PSS      RSS 
51763 codespace /usr/bin/python3 /usr/bin/s        0    12064    12297    14448 
50214 codespace ./cli mmap images/4096x4096        0   196708   236081   394536 
50203 codespace ./cli mmap images/4096x4096        0   196712   236085   394540 
50205 codespace ./cli mmap images/4096x4096        0   196708   236087   394628 
50212 codespace ./cli mmap images/4096x4096        0   196712   236088   394600 
50208 codespace ./cli mmap images/4096x4096        0   196712   236091   394636 
%CPU %MEM ARGS Wed Sep 30 21:07:04 UTC 2026
 0.0  0.0 grep --color=auto ./cli       0  2192
19.9  4.8 ./cli mmap images/4096x4096   1 394536
20.4  4.8 ./cli mmap images/4096x4096   1 394600
20.6  4.8 ./cli mmap images/4096x4096   1 394540
20.9  4.8 ./cli mmap images/4096x4096   0 394628
21.1  4.8 ./cli mmap images/4096x4096   1 394636
  PID User     Command                         Swap      USS      PSS      RSS 
51769 codespace /usr/bin/python3 /usr/bin/s        0    12064    12311    14480 
50214 codespace ./cli mmap images/4096x4096        0   196708   236082   394536 
50203 codespace ./cli mmap images/4096x4096        0   196712   236086   394540 
50205 codespace ./cli mmap images/4096x4096        0   196708   236087   394628 
50212 codespace ./cli mmap images/4096x4096        0   196712   236088   394600 
50208 codespace ./cli mmap images/4096x4096        0   196712   236091   394636 
%CPU %MEM ARGS Wed Sep 30 21:07:05 UTC 2026
 0.0  0.0 grep --color=auto ./cli       0  2200
19.8  4.8 ./cli mmap images/4096x4096   0 394536
20.4  4.8 ./cli mmap images/4096x4096   0 394600
20.6  4.8 ./cli mmap images/4096x4096   1 394540
20.9  4.8 ./cli mmap images/4096x4096   0 394628
21.0  4.8 ./cli mmap images/4096x4096   0 394636
  PID User     Command                         Swap      USS      PSS      RSS 
51787 codespace /usr/bin/python3 /usr/bin/s        0    12060    12323    14512 
50214 codespace ./cli mmap images/4096x4096        0   196708   236082   394536 
50203 codespace ./cli mmap images/4096x4096        0   196712   236086   394540 
50205 codespace ./cli mmap images/4096x4096        0   196708   236087   394628 
50212 codespace ./cli mmap images/4096x4096        0   196712   236088   394600 
50208 codespace ./cli mmap images/4096x4096        0   196712   236092   394636 
%CPU %MEM ARGS Wed Sep 30 21:07:06 UTC 2026
 0.0  0.0 grep --color=auto ./cli       0  2212
19.8  4.8 ./cli mmap images/4096x4096   0 394536
20.3  4.8 ./cli mmap images/4096x4096   0 394600
20.7  4.8 ./cli mmap images/4096x4096   1 394540
20.9  4.8 ./cli mmap images/4096x4096   0 394628
21.0  4.8 ./cli mmap images/4096x4096   0 394636
  PID User     Command                         Swap      USS      PSS      RSS 
51794 codespace /usr/bin/python3 /usr/bin/s        0    12032    12291    14500 
50214 codespace ./cli mmap images/4096x4096        0   196708   236082   394536 
50203 codespace ./cli mmap images/4096x4096        0   196712   236086   394540 
50205 codespace ./cli mmap images/4096x4096        0   196708   236087   394628 
50212 codespace ./cli mmap images/4096x4096        0   196712   236088   394600 
50208 codespace ./cli mmap images/4096x4096        0   196712   236092   394636 
%CPU %MEM ARGS Wed Sep 30 21:07:07 UTC 2026
 0.0  0.0 grep --color=auto ./cli       0  2252
19.8  4.8 ./cli mmap images/4096x4096   0 394536
20.3  4.8 ./cli mmap images/4096x4096   0 394600
20.7  4.8 ./cli mmap images/4096x4096   0 394540
20.9  4.8 ./cli mmap images/4096x4096   1 394628
21.0  4.8 ./cli mmap images/4096x4096   0 394636
  PID User     Command                         Swap      USS      PSS      RSS 
51805 codespace /usr/bin/python3 /usr/bin/s        0    12064    12349    14624 
50214 codespace ./cli mmap images/4096x4096        0   196708   236081   394536 
50203 codespace ./cli mmap images/4096x4096        0   196712   236085   394540 
50205 codespace ./cli mmap images/4096x4096        0   196708   236087   394628 
50212 codespace ./cli mmap images/4096x4096        0   196712   236088   394600 
50208 codespace ./cli mmap images/4096x4096        0   196712   236092   394636 
%CPU %MEM ARGS Wed Sep 30 21:07:08 UTC 2026
 0.0  0.0 grep --color=auto ./cli       0  2196
19.8  4.8 ./cli mmap images/4096x4096   1 394536
20.3  4.8 ./cli mmap images/4096x4096   0 394600
20.7  4.8 ./cli mmap images/4096x4096   0 394540
20.9  4.8 ./cli mmap images/4096x4096   0 394636
21.0  4.8 ./cli mmap images/4096x4096   0 394628
  PID User     Command                         Swap      USS      PSS      RSS 
51811 codespace /usr/bin/python3 /usr/bin/s        0    12068    12331    14520 
50205 codespace ./cli mmap images/4096x4096        0   196708   236080   394628 
50212 codespace ./cli mmap images/4096x4096        0   196712   236082   394600 
50214 codespace ./cli mmap images/4096x4096        0   196708   236082   394536 
50203 codespace ./cli mmap images/4096x4096        0   196712   236086   394540 
50208 codespace ./cli mmap images/4096x4096        0   196712   236092   394636 
%CPU %MEM ARGS Wed Sep 30 21:07:09 UTC 2026
 0.0  0.0 grep --color=auto ./cli       1  2340
19.9  4.8 ./cli mmap images/4096x4096   0 394536
20.3  4.8 ./cli mmap images/4096x4096   1 394600
20.7  4.8 ./cli mmap images/4096x4096   0 394540
20.9  4.8 ./cli mmap images/4096x4096   0 394636
20.9  4.8 ./cli mmap images/4096x4096   0 394628
  PID User     Command                         Swap      USS      PSS      RSS 
51824 codespace /usr/bin/python3 /usr/bin/s        0    12064    12330    14516 
50214 codespace ./cli mmap images/4096x4096        0   196708   236080   394536 
50205 codespace ./cli mmap images/4096x4096        0   196708   236085   394628 
50203 codespace ./cli mmap images/4096x4096        0   196712   236086   394540 
50212 codespace ./cli mmap images/4096x4096        0   196712   236086   394600 
50208 codespace ./cli mmap images/4096x4096        0   196712   236090   394636 
%CPU %MEM ARGS Wed Sep 30 21:07:10 UTC 2026
 0.0  0.0 grep --color=auto ./cli       1  2204
19.8  4.8 ./cli mmap images/4096x4096   1 394536
20.3  4.8 ./cli mmap images/4096x4096   1 394600
20.6  4.8 ./cli mmap images/4096x4096   1 394540
20.9  4.8 ./cli mmap images/4096x4096   1 394636
20.9  4.8 ./cli mmap images/4096x4096   1 394628
  PID User     Command                         Swap      USS      PSS      RSS 
51836 codespace /usr/bin/python3 /usr/bin/s        0    12064    12343    14572 
50214 codespace ./cli mmap images/4096x4096        0   196708   236080   394536 
50212 codespace ./cli mmap images/4096x4096        0   196712   236082   394600 
50203 codespace ./cli mmap images/4096x4096        0   196712   236085   394540 
50205 codespace ./cli mmap images/4096x4096        0   196708   236087   394628 
50208 codespace ./cli mmap images/4096x4096        0   196712   236092   394636 
%CPU %MEM ARGS Wed Sep 30 21:07:11 UTC 2026
 0.0  0.0 grep --color=auto ./cli       0  2180
19.8  4.8 ./cli mmap images/4096x4096   1 394536
20.2  4.8 ./cli mmap images/4096x4096   0 394600
20.6  4.8 ./cli mmap images/4096x4096   0 394540
20.8  4.8 ./cli mmap images/4096x4096   0 394636
20.9  4.8 ./cli mmap images/4096x4096   0 394628
  PID User     Command                         Swap      USS      PSS      RSS 
51864 codespace /usr/bin/python3 /usr/bin/s        0    12064    12320    14544 
50214 codespace ./cli mmap images/4096x4096        0   196708   236082   394536 
50203 codespace ./cli mmap images/4096x4096        0   196712   236086   394540 
50205 codespace ./cli mmap images/4096x4096        0   196708   236086   394628 
50212 codespace ./cli mmap images/4096x4096        0   196712   236088   394600 
50208 codespace ./cli mmap images/4096x4096        0   196712   236091   394636 
%CPU %MEM ARGS Wed Sep 30 21:07:13 UTC 2026
 0.0  0.0 grep --color=auto ./cli       0  2196
19.9  4.8 ./cli mmap images/4096x4096   0 394536
20.2  4.8 ./cli mmap images/4096x4096   1 394600
20.6  4.8 ./cli mmap images/4096x4096   1 394540
20.8  4.8 ./cli mmap images/4096x4096   1 394636
20.9  4.8 ./cli mmap images/4096x4096   1 394628
  PID User     Command                         Swap      USS      PSS      RSS 
51870 codespace /usr/bin/python3 /usr/bin/s        0    12064    12349    14624 
50214 codespace ./cli mmap images/4096x4096        0   196708   236082   394536 
50203 codespace ./cli mmap images/4096x4096        0   196712   236086   394540 
50205 codespace ./cli mmap images/4096x4096        0   196708   236087   394628 
50212 codespace ./cli mmap images/4096x4096        0   196712   236088   394600 
50208 codespace ./cli mmap images/4096x4096        0   196712   236092   394636 
%CPU %MEM ARGS Wed Sep 30 21:07:13 UTC 2026
 0.0  0.0 grep --color=auto ./cli       1  2344
19.9  4.8 ./cli mmap images/4096x4096   1 394536
20.2  4.8 ./cli mmap images/4096x4096   1 394600
20.5  4.8 ./cli mmap images/4096x4096   1 394540
20.8  4.8 ./cli mmap images/4096x4096   0 394636
20.9  4.8 ./cli mmap images/4096x4096   1 394628
  PID User     Command                         Swap      USS      PSS      RSS 
51875 codespace /usr/bin/python3 /usr/bin/s        0    12084    12374    14592 
50214 codespace ./cli mmap images/4096x4096        0   196708   236082   394536 
50203 codespace ./cli mmap images/4096x4096        0   196712   236086   394540 
50205 codespace ./cli mmap images/4096x4096        0   196708   236087   394628 
50212 codespace ./cli mmap images/4096x4096        0   196712   236088   394600 
50208 codespace ./cli mmap images/4096x4096        0   196712   236092   394636 
%CPU %MEM ARGS Wed Sep 30 21:07:14 UTC 2026
 0.0  0.0 grep --color=auto ./cli       1  2148
19.8  4.8 ./cli mmap images/4096x4096   1 394536
20.2  4.8 ./cli mmap images/4096x4096   1 394600
20.5  4.8 ./cli mmap images/4096x4096   1 394540
20.8  4.8 ./cli mmap images/4096x4096   1 394628
20.9  4.8 ./cli mmap images/4096x4096   0 394636
  PID User     Command                         Swap      USS      PSS      RSS 
51888 codespace /usr/bin/python3 /usr/bin/s        0    12064    12317    14544 
50214 codespace ./cli mmap images/4096x4096        0   196708   236082   394536 
50203 codespace ./cli mmap images/4096x4096        0   196712   236086   394540 
50205 codespace ./cli mmap images/4096x4096        0   196708   236087   394628 
50212 codespace ./cli mmap images/4096x4096        0   196712   236088   394600 
50208 codespace ./cli mmap images/4096x4096        0   196712   236091   394636 
%CPU %MEM ARGS Wed Sep 30 21:07:15 UTC 2026
 0.0  0.0 grep --color=auto ./cli       1  2172
19.8  4.8 ./cli mmap images/4096x4096   1 394536
20.2  4.8 ./cli mmap images/4096x4096   1 394600
20.5  4.8 ./cli mmap images/4096x4096   1 394540
20.8  4.8 ./cli mmap images/4096x4096   0 394628
20.9  4.8 ./cli mmap images/4096x4096   1 394636
  PID User     Command                         Swap      USS      PSS      RSS 
51900 codespace /usr/bin/python3 /usr/bin/s        0    12056    12304    14472 
50205 codespace ./cli mmap images/4096x4096        0   196708   236080   394628 
50214 codespace ./cli mmap images/4096x4096        0   196708   236082   394536 
50203 codespace ./cli mmap images/4096x4096        0   196712   236086   394540 
50212 codespace ./cli mmap images/4096x4096        0   196712   236088   394600 
50208 codespace ./cli mmap images/4096x4096        0   196712   236091   394636 
%CPU %MEM ARGS Wed Sep 30 21:07:16 UTC 2026
 0.0  0.0 grep --color=auto ./cli       1  2292
19.8  4.8 ./cli mmap images/4096x4096   0 394536
20.1  4.8 ./cli mmap images/4096x4096   0 394600
20.5  4.8 ./cli mmap images/4096x4096   1 394540
20.8  4.8 ./cli mmap images/4096x4096   0 394628
20.8  4.8 ./cli mmap images/4096x4096   0 394636
  PID User     Command                         Swap      USS      PSS      RSS 
51916 codespace /usr/bin/python3 /usr/bin/s        0    12064    12314    14480 
50214 codespace ./cli mmap images/4096x4096        0   196708   236082   394536 
50203 codespace ./cli mmap images/4096x4096        0   196712   236086   394540 
50205 codespace ./cli mmap images/4096x4096        0   196708   236087   394628 
50212 codespace ./cli mmap images/4096x4096        0   196712   236088   394600 
50208 codespace ./cli mmap images/4096x4096        0   196712   236091   394636 
%CPU %MEM ARGS Wed Sep 30 21:07:17 UTC 2026
 0.0  0.0 grep --color=auto ./cli       0  2248
19.8  4.8 ./cli mmap images/4096x4096   0 394536
20.1  4.8 ./cli mmap images/4096x4096   0 394600
20.5  4.8 ./cli mmap images/4096x4096   0 394540
20.8  4.8 ./cli mmap images/4096x4096   0 394636
20.8  4.8 ./cli mmap images/4096x4096   1 394628
  PID User     Command                         Swap      USS      PSS      RSS 
51924 codespace /usr/bin/python3 /usr/bin/s        0    12064    12312    14480 
50214 codespace ./cli mmap images/4096x4096        0   196708   236082   394536 
50212 codespace ./cli mmap images/4096x4096        0   196712   236083   394600 
50203 codespace ./cli mmap images/4096x4096        0   196712   236086   394540 
50205 codespace ./cli mmap images/4096x4096        0   196708   236087   394628 
50208 codespace ./cli mmap images/4096x4096        0   196712   236091   394636 
%CPU %MEM ARGS Wed Sep 30 21:07:18 UTC 2026
 0.0  0.0 grep --color=auto ./cli       0  2160
19.8  4.8 ./cli mmap images/4096x4096   0 394536
20.1  4.8 ./cli mmap images/4096x4096   0 394600
20.4  4.8 ./cli mmap images/4096x4096   0 394540
20.8  4.8 ./cli mmap images/4096x4096   0 394636
21.0  4.8 ./cli mmap images/4096x4096   1 394628
  PID User     Command                         Swap      USS      PSS      RSS 
51936 codespace /usr/bin/python3 /usr/bin/s        0    12072    12349    14520 
50214 codespace ./cli mmap images/4096x4096        0   196708   236082   394536 
50203 codespace ./cli mmap images/4096x4096        0   196712   236086   394540 
50205 codespace ./cli mmap images/4096x4096        0   196708   236087   394628 
50212 codespace ./cli mmap images/4096x4096        0   196712   236088   394600 
50208 codespace ./cli mmap images/4096x4096        0   196712   236091   394636 
%CPU %MEM ARGS Wed Sep 30 21:07:20 UTC 2026
 0.0  0.0 grep --color=auto ./cli       0  2296
19.7  4.8 ./cli mmap images/4096x4096   1 394536
20.1  4.8 ./cli mmap images/4096x4096   0 394600
20.4  4.8 ./cli mmap images/4096x4096   1 394540
20.7  4.8 ./cli mmap images/4096x4096   0 394636
21.0  4.8 ./cli mmap images/4096x4096   0 394628
  PID User     Command                         Swap      USS      PSS      RSS 
51942 codespace /usr/bin/python3 /usr/bin/s        0    12064    12344    14572 
50214 codespace ./cli mmap images/4096x4096        0   196708   236081   394536 
50203 codespace ./cli mmap images/4096x4096        0   196712   236085   394540 
50205 codespace ./cli mmap images/4096x4096        0   196708   236087   394628 
50212 codespace ./cli mmap images/4096x4096        0   196712   236088   394600 
50208 codespace ./cli mmap images/4096x4096        0   196712   236091   394636 
%CPU %MEM ARGS Wed Sep 30 21:07:21 UTC 2026
 0.0  0.0 grep --color=auto ./cli       0  2172
19.8  4.8 ./cli mmap images/4096x4096   1 394536
20.0  4.8 ./cli mmap images/4096x4096   0 394600
20.4  4.8 ./cli mmap images/4096x4096   1 394540
20.7  4.8 ./cli mmap images/4096x4096   0 394636
21.0  4.8 ./cli mmap images/4096x4096   0 394628
  PID User     Command                         Swap      USS      PSS      RSS 
51954 codespace /usr/bin/python3 /usr/bin/s        0    12064    12339    14572 
50214 codespace ./cli mmap images/4096x4096        0   196708   236080   394536 
50203 codespace ./cli mmap images/4096x4096        0   196712   236084   394540 
50205 codespace ./cli mmap images/4096x4096        0   196708   236085   394628 
50212 codespace ./cli mmap images/4096x4096        0   196712   236088   394600 
50208 codespace ./cli mmap images/4096x4096        0   196712   236091   394636 
%CPU %MEM ARGS Wed Sep 30 21:07:22 UTC 2026
 0.0  0.0 grep --color=auto ./cli       0  2156
19.8  4.8 ./cli mmap images/4096x4096   1 394536
20.0  4.8 ./cli mmap images/4096x4096   1 394600
20.4  4.8 ./cli mmap images/4096x4096   1 394540
20.7  4.8 ./cli mmap images/4096x4096   1 394636
21.0  4.8 ./cli mmap images/4096x4096   1 394628
  PID User     Command                         Swap      USS      PSS      RSS 
51984 codespace /usr/bin/python3 /usr/bin/s        0    12068    12349    14628 
50214 codespace ./cli mmap images/4096x4096        0   196708   236082   394536 
50203 codespace ./cli mmap images/4096x4096        0   196712   236086   394540 
50205 codespace ./cli mmap images/4096x4096        0   196708   236087   394628 
50212 codespace ./cli mmap images/4096x4096        0   196712   236088   394600 
50208 codespace ./cli mmap images/4096x4096        0   196712   236091   394636 
%CPU %MEM ARGS Wed Sep 30 21:07:23 UTC 2026
 0.0  0.0 grep --color=auto ./cli       0  2192
19.8  4.8 ./cli mmap images/4096x4096   1 394536
20.0  4.8 ./cli mmap images/4096x4096   1 394600
20.4  4.8 ./cli mmap images/4096x4096   0 394540
20.7  4.8 ./cli mmap images/4096x4096   1 394636
21.0  4.8 ./cli mmap images/4096x4096   0 394628
  PID User     Command                         Swap      USS      PSS      RSS 
51990 codespace /usr/bin/python3 /usr/bin/s        0    12064    12331    14480 
50214 codespace ./cli mmap images/4096x4096        0   196708   236082   394536 
50203 codespace ./cli mmap images/4096x4096        0   196712   236086   394540 
50205 codespace ./cli mmap images/4096x4096        0   196708   236086   394628 
50212 codespace ./cli mmap images/4096x4096        0   196712   236088   394600 
50208 codespace ./cli mmap images/4096x4096        0   196712   236091   394636 
%CPU %MEM ARGS Wed Sep 30 21:07:24 UTC 2026
 0.0  0.0 grep --color=auto ./cli       1  2204
19.8  4.8 ./cli mmap images/4096x4096   0 394536
20.0  4.8 ./cli mmap images/4096x4096   1 394600
20.4  4.8 ./cli mmap images/4096x4096   0 394540
20.6  4.8 ./cli mmap images/4096x4096   0 394636
20.9  4.8 ./cli mmap images/4096x4096   0 394628
  PID User     Command                         Swap      USS      PSS      RSS 
52002 codespace /usr/bin/python3 /usr/bin/s        0    12060    12316    14540 
50214 codespace ./cli mmap images/4096x4096        0   196708   236082   394536 
50203 codespace ./cli mmap images/4096x4096        0   196712   236086   394540 
50205 codespace ./cli mmap images/4096x4096        0   196708   236086   394628 
50212 codespace ./cli mmap images/4096x4096        0   196712   236088   394600 
50208 codespace ./cli mmap images/4096x4096        0   196712   236091   394636 
%CPU %MEM ARGS Wed Sep 30 21:07:25 UTC 2026
 0.0  0.0 grep --color=auto ./cli       0  2208
19.8  4.8 ./cli mmap images/4096x4096   0 394536
20.1  4.8 ./cli mmap images/4096x4096   1 394600
20.3  4.8 ./cli mmap images/4096x4096   0 394540
20.6  4.8 ./cli mmap images/4096x4096   0 394636
20.9  4.8 ./cli mmap images/4096x4096   0 394628
  PID User     Command                         Swap      USS      PSS      RSS 
52008 codespace /usr/bin/python3 /usr/bin/s        0    12068    12325    14552 
50203 codespace ./cli mmap images/4096x4096        0   196712   236082   394540 
50212 codespace ./cli mmap images/4096x4096        0   196712   236082   394600 
50214 codespace ./cli mmap images/4096x4096        0   196708   236082   394536 
50205 codespace ./cli mmap images/4096x4096        0   196708   236086   394628 
50208 codespace ./cli mmap images/4096x4096        0   196712   236090   394636 
%CPU %MEM ARGS Wed Sep 30 21:07:26 UTC 2026
 0.0  0.0 grep --color=auto ./cli       0  2156
19.7  4.8 ./cli mmap images/4096x4096   0 394536
20.2  4.8 ./cli mmap images/4096x4096   1 394600
20.3  4.8 ./cli mmap images/4096x4096   0 394540
20.6  4.8 ./cli mmap images/4096x4096   1 394636
20.9  4.8 ./cli mmap images/4096x4096   0 394628
  PID User     Command                         Swap      USS      PSS      RSS 
52020 codespace /usr/bin/python3 /usr/bin/s        0    12060    12314    14540 
50214 codespace ./cli mmap images/4096x4096        0   196708   236082   394536 
50203 codespace ./cli mmap images/4096x4096        0   196712   236086   394540 
50205 codespace ./cli mmap images/4096x4096        0   196708   236087   394628 
50212 codespace ./cli mmap images/4096x4096        0   196712   236088   394600 
50208 codespace ./cli mmap images/4096x4096        0   196712   236091   394636 
%CPU %MEM ARGS Wed Sep 30 21:07:27 UTC 2026
 0.0  0.0 grep --color=auto ./cli       0  2248
19.7  4.8 ./cli mmap images/4096x4096   0 394536
20.2  4.8 ./cli mmap images/4096x4096   0 394600
20.3  4.8 ./cli mmap images/4096x4096   0 394540
20.6  4.8 ./cli mmap images/4096x4096   0 394636
20.8  4.8 ./cli mmap images/4096x4096   1 394628
  PID User     Command                         Swap      USS      PSS      RSS 
52032 codespace /usr/bin/python3 /usr/bin/s        0    12064    12313    14480 
50212 codespace ./cli mmap images/4096x4096        0   196712   236082   394600 
50214 codespace ./cli mmap images/4096x4096        0   196708   236082   394536 
50203 codespace ./cli mmap images/4096x4096        0   196712   236086   394540 
50205 codespace ./cli mmap images/4096x4096        0   196708   236086   394628 
50208 codespace ./cli mmap images/4096x4096        0   196712   236091   394636 
%CPU %MEM ARGS Wed Sep 30 21:07:28 UTC 2026
 0.0  0.0 grep --color=auto ./cli       0  2248
19.7  4.8 ./cli mmap images/4096x4096   0 394536
20.2  4.8 ./cli mmap images/4096x4096   0 394600
20.2  4.8 ./cli mmap images/4096x4096   0 394540
20.6  4.8 ./cli mmap images/4096x4096   1 394636
20.8  4.8 ./cli mmap images/4096x4096   0 394628
  PID User     Command                         Swap      USS      PSS      RSS 
52044 codespace /usr/bin/python3 /usr/bin/s        0    12064    12320    14548 
50214 codespace ./cli mmap images/4096x4096        0   196708   236082   394536 
50203 codespace ./cli mmap images/4096x4096        0   196712   236086   394540 
50205 codespace ./cli mmap images/4096x4096        0   196708   236087   394628 
50212 codespace ./cli mmap images/4096x4096        0   196712   236088   394600 
50208 codespace ./cli mmap images/4096x4096        0   196712   236091   394636 
%CPU %MEM ARGS Wed Sep 30 21:07:29 UTC 2026
 0.0  0.0 grep --color=auto ./cli       0  2284
19.7  4.8 ./cli mmap images/4096x4096   0 394536
20.1  4.8 ./cli mmap images/4096x4096   0 394600
20.2  4.8 ./cli mmap images/4096x4096   1 394540
20.7  4.8 ./cli mmap images/4096x4096   0 394636
20.8  4.8 ./cli mmap images/4096x4096   0 394628
  PID User     Command                         Swap      USS      PSS      RSS 
52050 codespace /usr/bin/python3 /usr/bin/s        0    12064    12316    14480 
50214 codespace ./cli mmap images/4096x4096        0   196708   236082   394536 
50203 codespace ./cli mmap images/4096x4096        0   196712   236086   394540 
50205 codespace ./cli mmap images/4096x4096        0   196708   236087   394628 
50212 codespace ./cli mmap images/4096x4096        0   196712   236088   394600 
50208 codespace ./cli mmap images/4096x4096        0   196712   236091   394636 
%CPU %MEM ARGS Wed Sep 30 21:07:30 UTC 2026
 0.0  0.0 grep --color=auto ./cli       1  2160
19.7  4.8 ./cli mmap images/4096x4096   1 394536
20.1  4.8 ./cli mmap images/4096x4096   1 394600
20.3  4.8 ./cli mmap images/4096x4096   1 394540
20.7  4.8 ./cli mmap images/4096x4096   0 394636
20.8  4.8 ./cli mmap images/4096x4096   1 394628
  PID User     Command                         Swap      USS      PSS      RSS 
52062 codespace /usr/bin/python3 /usr/bin/s        0    12064    12323    14548 
50214 codespace ./cli mmap images/4096x4096        0   196708   236081   394536 
50203 codespace ./cli mmap images/4096x4096        0   196712   236085   394540 
50205 codespace ./cli mmap images/4096x4096        0   196708   236087   394628 
50212 codespace ./cli mmap images/4096x4096        0   196712   236088   394600 
50208 codespace ./cli mmap images/4096x4096        0   196712   236091   394636 
%CPU %MEM ARGS Wed Sep 30 21:07:31 UTC 2026
 0.0  0.0 grep --color=auto ./cli       0  2208
19.6  4.8 ./cli mmap images/4096x4096   1 394536
20.1  4.8 ./cli mmap images/4096x4096   1 394600
20.3  4.8 ./cli mmap images/4096x4096   0 394540
20.7  4.8 ./cli mmap images/4096x4096   1 394636
20.8  4.8 ./cli mmap images/4096x4096   1 394628
  PID User     Command                         Swap      USS      PSS      RSS 
52068 codespace /usr/bin/python3 /usr/bin/s        0    12064    12339    14572 
50214 codespace ./cli mmap images/4096x4096        0   196708   236082   394536 
50203 codespace ./cli mmap images/4096x4096        0   196712   236086   394540 
50205 codespace ./cli mmap images/4096x4096        0   196708   236087   394628 
50212 codespace ./cli mmap images/4096x4096        0   196712   236088   394600 
50208 codespace ./cli mmap images/4096x4096        0   196712   236091   394636 
%CPU %MEM ARGS Wed Sep 30 21:07:32 UTC 2026
 0.0  0.0 grep --color=auto ./cli       0  2156
19.6  4.8 ./cli mmap images/4096x4096   0 394536
20.1  4.8 ./cli mmap images/4096x4096   1 394600
20.4  4.8 ./cli mmap images/4096x4096   0 394540
20.7  4.8 ./cli mmap images/4096x4096   0 394636
20.7  4.8 ./cli mmap images/4096x4096   1 394628
  PID User     Command                         Swap      USS      PSS      RSS 
52088 codespace /usr/bin/python3 /usr/bin/s        0    12028    12277    14444 
50214 codespace ./cli mmap images/4096x4096        0   196708   236081   394536 
50203 codespace ./cli mmap images/4096x4096        0   196712   236085   394540 
50205 codespace ./cli mmap images/4096x4096        0   196708   236087   394628 
50212 codespace ./cli mmap images/4096x4096        0   196712   236088   394600 
50208 codespace ./cli mmap images/4096x4096        0   196712   236091   394636 
%CPU %MEM ARGS Wed Sep 30 21:07:33 UTC 2026
 0.0  0.0 grep --color=auto ./cli       0  2296
19.6  4.8 ./cli mmap images/4096x4096   1 394536
20.0  4.8 ./cli mmap images/4096x4096   0 394600
20.4  4.8 ./cli mmap images/4096x4096   0 394540
20.6  4.8 ./cli mmap images/4096x4096   0 394636
20.7  4.8 ./cli mmap images/4096x4096   0 394628
  PID User     Command                         Swap      USS      PSS      RSS 
52109 codespace /usr/bin/python3 /usr/bin/s        0    12064    12320    14540 
50214 codespace ./cli mmap images/4096x4096        0   196708   236082   394536 
50203 codespace ./cli mmap images/4096x4096        0   196712   236086   394540 
50205 codespace ./cli mmap images/4096x4096        0   196708   236086   394628 
50212 codespace ./cli mmap images/4096x4096        0   196712   236088   394600 
50208 codespace ./cli mmap images/4096x4096        0   196712   236091   394636 
%CPU %MEM ARGS Wed Sep 30 21:07:34 UTC 2026
 0.0  0.0 grep --color=auto ./cli       0  2160
19.6  4.8 ./cli mmap images/4096x4096   0 394536
20.0  4.8 ./cli mmap images/4096x4096   0 394600
20.3  4.8 ./cli mmap images/4096x4096   0 394540
20.7  4.8 ./cli mmap images/4096x4096   1 394636
20.7  4.8 ./cli mmap images/4096x4096   0 394628
  PID User     Command                         Swap      USS      PSS      RSS 
52115 codespace /usr/bin/python3 /usr/bin/s        0    12084    12373    14592 
50212 codespace ./cli mmap images/4096x4096        0   196712   236082   394600 
50214 codespace ./cli mmap images/4096x4096        0   196708   236082   394536 
50203 codespace ./cli mmap images/4096x4096        0   196712   236086   394540 
50205 codespace ./cli mmap images/4096x4096        0   196708   236087   394628 
50208 codespace ./cli mmap images/4096x4096        0   196712   236090   394636 
%CPU %MEM ARGS Wed Sep 30 21:07:35 UTC 2026
 0.0  0.0 grep --color=auto ./cli       1  2160
19.6  4.8 ./cli mmap images/4096x4096   0 394536
20.0  4.8 ./cli mmap images/4096x4096   0 394600
20.3  4.8 ./cli mmap images/4096x4096   0 394540
20.7  4.8 ./cli mmap images/4096x4096   0 394628
20.8  4.8 ./cli mmap images/4096x4096   1 394636
  PID User     Command                         Swap      USS      PSS      RSS 
52127 codespace /usr/bin/python3 /usr/bin/s        0    12064    12315    14480 
50214 codespace ./cli mmap images/4096x4096        0   196708   236082   394536 
50203 codespace ./cli mmap images/4096x4096        0   196712   236086   394540 
50205 codespace ./cli mmap images/4096x4096        0   196708   236086   394628 
50212 codespace ./cli mmap images/4096x4096        0   196712   236088   394600 
50208 codespace ./cli mmap images/4096x4096        0   196712   236091   394636 
%CPU %MEM ARGS Wed Sep 30 21:07:36 UTC 2026
 0.0  0.0 grep --color=auto ./cli       1  2340
19.6  4.8 ./cli mmap images/4096x4096   0 394536
20.0  4.8 ./cli mmap images/4096x4096   0 394600
20.3  4.8 ./cli mmap images/4096x4096   0 394540
20.7  4.8 ./cli mmap images/4096x4096   1 394628
20.8  4.8 ./cli mmap images/4096x4096   0 394636
  PID User     Command                         Swap      USS      PSS      RSS 
52133 codespace /usr/bin/python3 /usr/bin/s        0    12056    12305    14472 
50214 codespace ./cli mmap images/4096x4096        0   196708   236082   394536 
50203 codespace ./cli mmap images/4096x4096        0   196712   236086   394540 
50205 codespace ./cli mmap images/4096x4096        0   196708   236086   394628 
50212 codespace ./cli mmap images/4096x4096        0   196712   236088   394600 
50208 codespace ./cli mmap images/4096x4096        0   196712   236091   394636 
%CPU %MEM ARGS Wed Sep 30 21:07:37 UTC 2026
 0.0  0.0 grep --color=auto ./cli       0  2176
19.5  4.8 ./cli mmap images/4096x4096   0 394536
20.0  4.8 ./cli mmap images/4096x4096   0 394600
20.3  4.8 ./cli mmap images/4096x4096   1 394540
20.7  4.8 ./cli mmap images/4096x4096   0 394636
20.8  4.8 ./cli mmap images/4096x4096   0 394628
  PID User     Command                         Swap      USS      PSS      RSS 
52145 codespace /usr/bin/python3 /usr/bin/s        0    12064    12319    14480 
50214 codespace ./cli mmap images/4096x4096        0   196708   236082   394536 
50203 codespace ./cli mmap images/4096x4096        0   196712   236086   394540 
50205 codespace ./cli mmap images/4096x4096        0   196708   236086   394628 
50212 codespace ./cli mmap images/4096x4096        0   196712   236088   394600 
50208 codespace ./cli mmap images/4096x4096        0   196712   236091   394636 
%CPU %MEM ARGS Wed Sep 30 21:07:38 UTC 2026
 0.0  0.0 grep --color=auto ./cli       0  2160
19.5  4.8 ./cli mmap images/4096x4096   0 394536
20.0  4.8 ./cli mmap images/4096x4096   1 394600
20.2  4.8 ./cli mmap images/4096x4096   0 394540
20.7  4.8 ./cli mmap images/4096x4096   0 394636
20.7  4.8 ./cli mmap images/4096x4096   0 394628
  PID User     Command                         Swap      USS      PSS      RSS 
52157 codespace /usr/bin/python3 /usr/bin/s        0    12072    12343    14520 
50214 codespace ./cli mmap images/4096x4096        0   196708   236082   394536 
50203 codespace ./cli mmap images/4096x4096        0   196712   236086   394540 
50205 codespace ./cli mmap images/4096x4096        0   196708   236087   394628 
50212 codespace ./cli mmap images/4096x4096        0   196712   236088   394600 
50208 codespace ./cli mmap images/4096x4096        0   196712   236092   394636 
%CPU %MEM ARGS Wed Sep 30 21:07:39 UTC 2026
 0.0  0.0 grep --color=auto ./cli       0  2156
19.5  4.8 ./cli mmap images/4096x4096   0 394536
20.1  4.8 ./cli mmap images/4096x4096   0 394600
20.2  4.8 ./cli mmap images/4096x4096   0 394540
20.7  4.8 ./cli mmap images/4096x4096   0 394636
20.7  4.8 ./cli mmap images/4096x4096   1 394628
  PID User     Command                         Swap      USS      PSS      RSS 
52169 codespace /usr/bin/python3 /usr/bin/s        0    12024    12281    14504 
50214 codespace ./cli mmap images/4096x4096        0   196708   236082   394536 
50203 codespace ./cli mmap images/4096x4096        0   196712   236086   394540 
50205 codespace ./cli mmap images/4096x4096        0   196708   236087   394628 
50212 codespace ./cli mmap images/4096x4096        0   196712   236088   394600 
50208 codespace ./cli mmap images/4096x4096        0   196712   236091   394636 
%CPU %MEM ARGS Wed Sep 30 21:07:41 UTC 2026
 0.0  0.0 grep --color=auto ./cli       0  2180
19.6  4.8 ./cli mmap images/4096x4096   1 394536
20.0  4.8 ./cli mmap images/4096x4096   0 394600
20.2  4.8 ./cli mmap images/4096x4096   0 394540
20.7  4.8 ./cli mmap images/4096x4096   0 394636
20.7  4.8 ./cli mmap images/4096x4096   0 394628
  PID User     Command                         Swap      USS      PSS      RSS 
52175 codespace /usr/bin/python3 /usr/bin/s        0    11968    12289    14592 
50214 codespace ./cli mmap images/4096x4096        0   196708   236082   394536 
50203 codespace ./cli mmap images/4096x4096        0   196712   236086   394540 
50205 codespace ./cli mmap images/4096x4096        0   196708   236087   394628 
50212 codespace ./cli mmap images/4096x4096        0   196712   236087   394600 
50208 codespace ./cli mmap images/4096x4096        0   196712   236090   394636 
%CPU %MEM ARGS Wed Sep 30 21:07:42 UTC 2026
 0.0  0.0 grep --color=auto ./cli       1  2196
19.6  4.8 ./cli mmap images/4096x4096   0 394536
20.0  4.8 ./cli mmap images/4096x4096   1 394600
20.2  4.8 ./cli mmap images/4096x4096   0 394540
20.6  4.8 ./cli mmap images/4096x4096   1 394636
20.6  4.8 ./cli mmap images/4096x4096   0 394628
  PID User     Command                         Swap      USS      PSS      RSS 
52189 codespace /usr/bin/python3 /usr/bin/s        0    12068    12336    14484 
50214 codespace ./cli mmap images/4096x4096        0   196708   236082   394536 
50203 codespace ./cli mmap images/4096x4096        0   196712   236086   394540 
50205 codespace ./cli mmap images/4096x4096        0   196708   236086   394628 
50212 codespace ./cli mmap images/4096x4096        0   196712   236088   394600 
50208 codespace ./cli mmap images/4096x4096        0   196712   236091   394636 
%CPU %MEM ARGS Wed Sep 30 21:07:43 UTC 2026
 0.0  0.0 grep --color=auto ./cli       1  2164
19.6  4.8 ./cli mmap images/4096x4096   1 394536
20.0  4.8 ./cli mmap images/4096x4096   0 394600
20.2  4.8 ./cli mmap images/4096x4096   0 394540
20.6  4.8 ./cli mmap images/4096x4096   0 394636
20.6  4.8 ./cli mmap images/4096x4096   0 394628
  PID User     Command                         Swap      USS      PSS      RSS 
52199 codespace /usr/bin/python3 /usr/bin/s        0    12076    12347    14524 
50214 codespace ./cli mmap images/4096x4096        0   196708   236082   394536 
50203 codespace ./cli mmap images/4096x4096        0   196712   236084   394540 
50205 codespace ./cli mmap images/4096x4096        0   196708   236087   394628 
50212 codespace ./cli mmap images/4096x4096        0   196712   236088   394600 
50208 codespace ./cli mmap images/4096x4096        0   196712   236092   394636 
%CPU %MEM ARGS Wed Sep 30 21:07:44 UTC 2026
 0.0  0.0 grep --color=auto ./cli       0  2248
19.6  4.8 ./cli mmap images/4096x4096   1 394536
20.0  4.8 ./cli mmap images/4096x4096   1 394600
20.1  4.8 ./cli mmap images/4096x4096   1 394540
20.6  4.8 ./cli mmap images/4096x4096   1 394636
20.6  4.8 ./cli mmap images/4096x4096   1 394628
  PID User     Command                         Swap      USS      PSS      RSS 
52224 codespace /usr/bin/python3 /usr/bin/s        0    12068    12343    14516 
50214 codespace ./cli mmap images/4096x4096        0   196708   236082   394536 
50208 codespace ./cli mmap images/4096x4096        0   196712   236085   394636 
50203 codespace ./cli mmap images/4096x4096        0   196712   236086   394540 
50205 codespace ./cli mmap images/4096x4096        0   196708   236086   394628 
50212 codespace ./cli mmap images/4096x4096        0   196712   236088   394600 
%CPU %MEM ARGS Wed Sep 30 21:07:45 UTC 2026
 0.0  0.0 grep --color=auto ./cli       0  2184
19.6  4.8 ./cli mmap images/4096x4096   0 394536
20.0  4.8 ./cli mmap images/4096x4096   0 394600
20.1  4.8 ./cli mmap images/4096x4096   0 394540
20.6  4.8 ./cli mmap images/4096x4096   0 394628
20.6  4.8 ./cli mmap images/4096x4096   1 394636
  PID User     Command                         Swap      USS      PSS      RSS 
52241 codespace /usr/bin/python3 /usr/bin/s        0    12068    12314    14484 
50214 codespace ./cli mmap images/4096x4096        0   196708   236082   394536 
50203 codespace ./cli mmap images/4096x4096        0   196712   236086   394540 
50205 codespace ./cli mmap images/4096x4096        0   196708   236087   394628 
50212 codespace ./cli mmap images/4096x4096        0   196712   236088   394600 
50208 codespace ./cli mmap images/4096x4096        0   196712   236091   394636 
%CPU %MEM ARGS Wed Sep 30 21:07:45 UTC 2026
 0.0  0.0 grep --color=auto ./cli       1  2252
19.6  4.8 ./cli mmap images/4096x4096   0 394536
19.9  4.8 ./cli mmap images/4096x4096   0 394600
20.1  4.8 ./cli mmap images/4096x4096   1 394540
20.6  4.8 ./cli mmap images/4096x4096   0 394628
20.6  4.8 ./cli mmap images/4096x4096   0 394636
  PID User     Command                         Swap      USS      PSS      RSS 
52247 codespace /usr/bin/python3 /usr/bin/s        0    12068    12324    14544 
50214 codespace ./cli mmap images/4096x4096        0   196708   236082   394536 
50203 codespace ./cli mmap images/4096x4096        0   196712   236086   394540 
50205 codespace ./cli mmap images/4096x4096        0   196708   236086   394628 
50212 codespace ./cli mmap images/4096x4096        0   196712   236088   394600 
50208 codespace ./cli mmap images/4096x4096        0   196712   236091   394636 
%CPU %MEM ARGS Wed Sep 30 21:07:46 UTC 2026
 0.0  0.0 grep --color=auto ./cli       1  2196
19.6  4.8 ./cli mmap images/4096x4096   0 394536
19.9  4.8 ./cli mmap images/4096x4096   1 394600
20.1  4.8 ./cli mmap images/4096x4096   0 394540
20.5  4.8 ./cli mmap images/4096x4096   0 394628
20.6  4.8 ./cli mmap images/4096x4096   1 394636
  PID User     Command                         Swap      USS      PSS      RSS 
52253 codespace /usr/bin/python3 /usr/bin/s        0    12064    12324    14540 
50214 codespace ./cli mmap images/4096x4096        0   196708   236081   394536 
50203 codespace ./cli mmap images/4096x4096        0   196712   236085   394540 
50205 codespace ./cli mmap images/4096x4096        0   196708   236087   394628 
50212 codespace ./cli mmap images/4096x4096        0   196712   236088   394600 
50208 codespace ./cli mmap images/4096x4096        0   196712   236091   394636 
%CPU %MEM ARGS Wed Sep 30 21:07:47 UTC 2026
 0.0  0.0 grep --color=auto ./cli       0  2160
19.6  4.8 ./cli mmap images/4096x4096   1 394536
19.9  4.8 ./cli mmap images/4096x4096   0 394600
20.1  4.8 ./cli mmap images/4096x4096   1 394540
20.5  4.8 ./cli mmap images/4096x4096   0 394628
20.6  4.8 ./cli mmap images/4096x4096   1 394636
  PID User     Command                         Swap      USS      PSS      RSS 
52265 codespace /usr/bin/python3 /usr/bin/s        0    12064    12322    14532 
50214 codespace ./cli mmap images/4096x4096        0   196708   236082   394536 
50203 codespace ./cli mmap images/4096x4096        0   196712   236086   394540 
50205 codespace ./cli mmap images/4096x4096        0   196708   236087   394628 
50212 codespace ./cli mmap images/4096x4096        0   196712   236088   394600 
50208 codespace ./cli mmap images/4096x4096        0   196712   236091   394636 
%CPU %MEM ARGS Wed Sep 30 21:07:49 UTC 2026
 0.0  0.0 grep --color=auto ./cli       0  2168
19.6  4.8 ./cli mmap images/4096x4096   1 394536
19.9  4.8 ./cli mmap images/4096x4096   1 394600
20.1  4.8 ./cli mmap images/4096x4096   1 394540
20.5  4.8 ./cli mmap images/4096x4096   1 394628
20.6  4.8 ./cli mmap images/4096x4096   1 394636
  PID User     Command                         Swap      USS      PSS      RSS 
52271 codespace /usr/bin/python3 /usr/bin/s        0    12060    12324    14528 
50214 codespace ./cli mmap images/4096x4096        0   196708   236081   394536 
50203 codespace ./cli mmap images/4096x4096        0   196712   236085   394540 
50205 codespace ./cli mmap images/4096x4096        0   196708   236087   394628 
50212 codespace ./cli mmap images/4096x4096        0   196712   236088   394600 
50208 codespace ./cli mmap images/4096x4096        0   196712   236092   394636 
%CPU %MEM ARGS Wed Sep 30 21:07:50 UTC 2026
 0.0  0.0 grep --color=auto ./cli       0  2176
19.6  4.8 ./cli mmap images/4096x4096   0 394536
19.9  4.8 ./cli mmap images/4096x4096   0 394600
20.1  4.8 ./cli mmap images/4096x4096   0 394540
20.5  4.8 ./cli mmap images/4096x4096   0 394628
20.6  4.8 ./cli mmap images/4096x4096   1 394636
  PID User     Command                         Swap      USS      PSS      RSS 
52289 codespace /usr/bin/python3 /usr/bin/s        0    12064    12344    14592 
50214 codespace ./cli mmap images/4096x4096        0   196708   236082   394536 
50203 codespace ./cli mmap images/4096x4096        0   196712   236086   394540 
50205 codespace ./cli mmap images/4096x4096        0   196708   236087   394628 
50212 codespace ./cli mmap images/4096x4096        0   196712   236088   394600 
50208 codespace ./cli mmap images/4096x4096        0   196712   236091   394636 
%CPU %MEM ARGS Wed Sep 30 21:07:50 UTC 2026
 0.0  0.0 grep --color=auto ./cli       0  2168
19.6  4.8 ./cli mmap images/4096x4096   1 394536
19.9  4.8 ./cli mmap images/4096x4096   1 394600
20.1  4.8 ./cli mmap images/4096x4096   1 394540
20.5  4.8 ./cli mmap images/4096x4096   1 394628
20.6  4.8 ./cli mmap images/4096x4096   1 394636
  PID User     Command                         Swap      USS      PSS      RSS 
52295 codespace /usr/bin/python3 /usr/bin/s        0    12068    12325    14508 
50214 codespace ./cli mmap images/4096x4096        0   196708   236081   394536 
50203 codespace ./cli mmap images/4096x4096        0   196712   236085   394540 
50208 codespace ./cli mmap images/4096x4096        0   196712   236085   394636 
50205 codespace ./cli mmap images/4096x4096        0   196708   236087   394628 
50212 codespace ./cli mmap images/4096x4096        0   196712   236088   394600 
%CPU %MEM ARGS Wed Sep 30 21:07:51 UTC 2026
 0.0  0.0 grep --color=auto ./cli       0  2252
19.6  4.8 ./cli mmap images/4096x4096   1 394536
19.9  4.8 ./cli mmap images/4096x4096   1 394600
20.2  4.8 ./cli mmap images/4096x4096   0 394540
20.4  4.8 ./cli mmap images/4096x4096   1 394628
20.6  4.8 ./cli mmap images/4096x4096   1 394636
  PID User     Command                         Swap      USS      PSS      RSS 
52307 codespace /usr/bin/python3 /usr/bin/s        0    12068    12340    14516 
50214 codespace ./cli mmap images/4096x4096        0   196708   236082   394536 
50203 codespace ./cli mmap images/4096x4096        0   196712   236086   394540 
50205 codespace ./cli mmap images/4096x4096        0   196708   236087   394628 
50212 codespace ./cli mmap images/4096x4096        0   196712   236088   394600 
50208 codespace ./cli mmap images/4096x4096        0   196712   236092   394636 
%CPU %MEM ARGS Wed Sep 30 21:07:53 UTC 2026
 0.0  0.0 grep --color=auto ./cli       0  2340
19.6  4.8 ./cli mmap images/4096x4096   1 394536
19.9  4.8 ./cli mmap images/4096x4096   0 394600
20.2  4.8 ./cli mmap images/4096x4096   0 394540
20.4  4.8 ./cli mmap images/4096x4096   0 394628
20.6  4.8 ./cli mmap images/4096x4096   0 394636
  PID User     Command                         Swap      USS      PSS      RSS 
52313 codespace /usr/bin/python3 /usr/bin/s        0    12060    12310    14476 
50214 codespace ./cli mmap images/4096x4096        0   196708   236082   394536 
50203 codespace ./cli mmap images/4096x4096        0   196712   236086   394540 
50205 codespace ./cli mmap images/4096x4096        0   196708   236087   394628 
50212 codespace ./cli mmap images/4096x4096        0   196712   236088   394600 
50208 codespace ./cli mmap images/4096x4096        0   196712   236091   394636 
%CPU %MEM ARGS Wed Sep 30 21:07:54 UTC 2026
 0.0  0.0 grep --color=auto ./cli       1  2248
19.6  4.8 ./cli mmap images/4096x4096   1 394536
19.9  4.8 ./cli mmap images/4096x4096   0 394600
20.2  4.8 ./cli mmap images/4096x4096   0 394540
20.4  4.8 ./cli mmap images/4096x4096   1 394628
20.6  4.8 ./cli mmap images/4096x4096   1 394636
  PID User     Command                         Swap      USS      PSS      RSS 
52340 codespace /usr/bin/python3 /usr/bin/s        0    12072    12351    14520 
50214 codespace ./cli mmap images/4096x4096        0   196708   236082   394536 
50203 codespace ./cli mmap images/4096x4096        0   196712   236086   394540 
50205 codespace ./cli mmap images/4096x4096        0   196708   236087   394628 
50212 codespace ./cli mmap images/4096x4096        0   196712   236088   394600 
50208 codespace ./cli mmap images/4096x4096        0   196712   236091   394636 
%CPU %MEM ARGS Wed Sep 30 21:07:55 UTC 2026
 0.0  0.0 grep --color=auto ./cli       0  2172
19.6  4.8 ./cli mmap images/4096x4096   0 394536
19.9  4.8 ./cli mmap images/4096x4096   1 394600
20.2  4.8 ./cli mmap images/4096x4096   0 394540
20.3  4.8 ./cli mmap images/4096x4096   0 394628
20.5  4.8 ./cli mmap images/4096x4096   0 394636
  PID User     Command                         Swap      USS      PSS      RSS 
52348 codespace /usr/bin/python3 /usr/bin/s        0    12056    12276    14476 
50214 codespace ./cli mmap images/4096x4096        0   196708   236081   394536 
50203 codespace ./cli mmap images/4096x4096        0   196712   236086   394540 
50205 codespace ./cli mmap images/4096x4096        0   196708   236086   394628 
50212 codespace ./cli mmap images/4096x4096        0   196712   236087   394600 
50208 codespace ./cli mmap images/4096x4096        0   196712   236089   394636 
%CPU %MEM ARGS Wed Sep 30 21:07:55 UTC 2026
 0.0  0.0 grep --color=auto ./cli       1  2340
19.6  4.8 ./cli mmap images/4096x4096   0 394536
19.9  4.8 ./cli mmap images/4096x4096   1 394600
20.2  4.8 ./cli mmap images/4096x4096   1 394540
20.3  4.8 ./cli mmap images/4096x4096   0 394628
20.5  4.8 ./cli mmap images/4096x4096   1 394636
  PID User     Command                         Swap      USS      PSS      RSS 
52360 codespace /usr/bin/python3 /usr/bin/s        0    12080    12369    14536 
50214 codespace ./cli mmap images/4096x4096        0   196708   236082   394536 
50208 codespace ./cli mmap images/4096x4096        0   196712   236085   394636 
50203 codespace ./cli mmap images/4096x4096        0   196712   236086   394540 
50205 codespace ./cli mmap images/4096x4096        0   196708   236087   394628 
50212 codespace ./cli mmap images/4096x4096        0   196712   236088   394600 
%CPU %MEM ARGS Wed Sep 30 21:07:57 UTC 2026
 0.0  0.0 grep --color=auto ./cli       0  2288
19.6  4.8 ./cli mmap images/4096x4096   1 394536
19.9  4.8 ./cli mmap images/4096x4096   0 394600
20.2  4.8 ./cli mmap images/4096x4096   0 394540
20.3  4.8 ./cli mmap images/4096x4096   0 394628
20.5  4.8 ./cli mmap images/4096x4096   0 394636
  PID User     Command                         Swap      USS      PSS      RSS 
52372 codespace /usr/bin/python3 /usr/bin/s        0    12060    12339    14620 
50214 codespace ./cli mmap images/4096x4096        0   196708   236082   394536 
50203 codespace ./cli mmap images/4096x4096        0   196712   236086   394540 
50205 codespace ./cli mmap images/4096x4096        0   196708   236087   394628 
50212 codespace ./cli mmap images/4096x4096        0   196712   236088   394600 
50208 codespace ./cli mmap images/4096x4096        0   196712   236091   394636 
%CPU %MEM ARGS Wed Sep 30 21:07:58 UTC 2026
 0.0  0.0 grep --color=auto ./cli       1  2340
19.7  4.8 ./cli mmap images/4096x4096   1 394536
19.9  4.8 ./cli mmap images/4096x4096   1 394600
20.2  4.8 ./cli mmap images/4096x4096   1 394540
20.3  4.8 ./cli mmap images/4096x4096   1 394628
20.5  4.8 ./cli mmap images/4096x4096   0 394636
  PID User     Command                         Swap      USS      PSS      RSS 
52378 codespace /usr/bin/python3 /usr/bin/s        0    12064    12321    14548 
50212 codespace ./cli mmap images/4096x4096        0   196712   236082   394600 
50214 codespace ./cli mmap images/4096x4096        0   196708   236082   394536 
50203 codespace ./cli mmap images/4096x4096        0   196712   236085   394540 
50205 codespace ./cli mmap images/4096x4096        0   196708   236086   394628 
50208 codespace ./cli mmap images/4096x4096        0   196712   236090   394636 
%CPU %MEM ARGS Wed Sep 30 21:07:59 UTC 2026
 0.0  0.0 grep --color=auto ./cli       1  2172
19.7  4.8 ./cli mmap images/4096x4096   1 394536
19.8  4.8 ./cli mmap images/4096x4096   1 394600
20.1  4.8 ./cli mmap images/4096x4096   1 394540
20.3  4.8 ./cli mmap images/4096x4096   1 394628
20.5  4.8 ./cli mmap images/4096x4096   1 394636
  PID User     Command                         Swap      USS      PSS      RSS 
52390 codespace /usr/bin/python3 /usr/bin/s        0    12084    12370    14592 
50214 codespace ./cli mmap images/4096x4096        0   196708   236082   394536 
50203 codespace ./cli mmap images/4096x4096        0   196712   236086   394540 
50205 codespace ./cli mmap images/4096x4096        0   196708   236087   394628 
50212 codespace ./cli mmap images/4096x4096        0   196712   236088   394600 
50208 codespace ./cli mmap images/4096x4096        0   196712   236091   394636 
%CPU %MEM ARGS Wed Sep 30 21:08:00 UTC 2026
 0.0  0.0 grep --color=auto ./cli       1  2248
19.7  4.8 ./cli mmap images/4096x4096   1 394536
19.8  4.8 ./cli mmap images/4096x4096   1 394600
20.1  4.8 ./cli mmap images/4096x4096   1 394540
20.3  4.8 ./cli mmap images/4096x4096   1 394628
20.5  4.8 ./cli mmap images/4096x4096   1 394636
  PID User     Command                         Swap      USS      PSS      RSS 
52396 codespace /usr/bin/python3 /usr/bin/s        0    12068    12347    14576 
50214 codespace ./cli mmap images/4096x4096        0   196708   236081   394536 
50203 codespace ./cli mmap images/4096x4096        0   196712   236085   394540 
50205 codespace ./cli mmap images/4096x4096        0   196708   236087   394628 
50212 codespace ./cli mmap images/4096x4096        0   196712   236088   394600 
50208 codespace ./cli mmap images/4096x4096        0   196712   236092   394636 
%CPU %MEM ARGS Wed Sep 30 21:08:01 UTC 2026
 0.0  0.0 grep --color=auto ./cli       0  2292
19.6  4.8 ./cli mmap images/4096x4096   0 394536
19.8  4.8 ./cli mmap images/4096x4096   1 394600
20.1  4.8 ./cli mmap images/4096x4096   1 394540
20.3  4.8 ./cli mmap images/4096x4096   0 394628
20.5  4.8 ./cli mmap images/4096x4096   1 394636
  PID User     Command                         Swap      USS      PSS      RSS 
52415 codespace /usr/bin/python3 /usr/bin/s        0    12064    12344    14592 
50214 codespace ./cli mmap images/4096x4096        0   196708   236082   394536 
50203 codespace ./cli mmap images/4096x4096        0   196712   236086   394540 
50205 codespace ./cli mmap images/4096x4096        0   196708   236087   394628 
50212 codespace ./cli mmap images/4096x4096        0   196712   236088   394600 
50208 codespace ./cli mmap images/4096x4096        0   196712   236091   394636 
%CPU %MEM ARGS Wed Sep 30 21:08:02 UTC 2026
 0.0  0.0 grep --color=auto ./cli       0  2180
19.6  4.8 ./cli mmap images/4096x4096   1 394536
19.8  4.8 ./cli mmap images/4096x4096   0 394600
20.1  4.8 ./cli mmap images/4096x4096   1 394540
20.3  4.8 ./cli mmap images/4096x4096   0 394628
20.5  4.8 ./cli mmap images/4096x4096   1 394636
  PID User     Command                         Swap      USS      PSS      RSS 
52426 codespace /usr/bin/python3 /usr/bin/s        0    12068    12315    14484 
50214 codespace ./cli mmap images/4096x4096        0   196708   236082   394536 
50203 codespace ./cli mmap images/4096x4096        0   196712   236086   394540 
50205 codespace ./cli mmap images/4096x4096        0   196708   236087   394628 
50212 codespace ./cli mmap images/4096x4096        0   196712   236088   394600 
50208 codespace ./cli mmap images/4096x4096        0   196712   236091   394636 
%CPU %MEM ARGS Wed Sep 30 21:08:03 UTC 2026
 0.0  0.0 grep --color=auto ./cli       0  2252
19.6  4.8 ./cli mmap images/4096x4096   0 394536
19.8  4.8 ./cli mmap images/4096x4096   0 394600
20.1  4.8 ./cli mmap images/4096x4096   0 394540
20.3  4.8 ./cli mmap images/4096x4096   1 394628
20.5  4.8 ./cli mmap images/4096x4096   0 394636
  PID User     Command                         Swap      USS      PSS      RSS 
52437 codespace /usr/bin/python3 /usr/bin/s        0    12060    12318    14528 
50214 codespace ./cli mmap images/4096x4096        0   196708   236082   394536 
50203 codespace ./cli mmap images/4096x4096        0   196712   236086   394540 
50205 codespace ./cli mmap images/4096x4096        0   196708   236087   394628 
50212 codespace ./cli mmap images/4096x4096        0   196712   236088   394600 
50208 codespace ./cli mmap images/4096x4096        0   196712   236091   394636 
%CPU %MEM ARGS Wed Sep 30 21:08:04 UTC 2026
 0.0  0.0 grep --color=auto ./cli       1  2208
19.6  4.8 ./cli mmap images/4096x4096   1 394536
19.8  4.8 ./cli mmap images/4096x4096   1 394600
20.0  4.8 ./cli mmap images/4096x4096   0 394540
20.3  4.8 ./cli mmap images/4096x4096   0 394628
20.4  4.8 ./cli mmap images/4096x4096   0 394636
  PID User     Command                         Swap      USS      PSS      RSS 
52458 codespace /usr/bin/python3 /usr/bin/s        0    12084    12370    14592 
50214 codespace ./cli mmap images/4096x4096        0   196708   236082   394536 
50203 codespace ./cli mmap images/4096x4096        0   196712   236086   394540 
50205 codespace ./cli mmap images/4096x4096        0   196708   236087   394628 
50212 codespace ./cli mmap images/4096x4096        0   196712   236088   394600 
50208 codespace ./cli mmap images/4096x4096        0   196712   236091   394636 
%CPU %MEM ARGS Wed Sep 30 21:08:05 UTC 2026
 0.0  0.0 grep --color=auto ./cli       1  2288
19.6  4.8 ./cli mmap images/4096x4096   1 394536
19.7  4.8 ./cli mmap images/4096x4096   1 394600
20.0  4.8 ./cli mmap images/4096x4096   1 394540
20.4  4.8 ./cli mmap images/4096x4096   0 394628
20.4  4.8 ./cli mmap images/4096x4096   1 394636
  PID User     Command                         Swap      USS      PSS      RSS 
52473 codespace /usr/bin/python3 /usr/bin/s        0    12064    12327    14480 
50214 codespace ./cli mmap images/4096x4096        0   196708   236082   394536 
50203 codespace ./cli mmap images/4096x4096        0   196712   236086   394540 
50205 codespace ./cli mmap images/4096x4096        0   196708   236087   394628 
50212 codespace ./cli mmap images/4096x4096        0   196712   236088   394600 
50208 codespace ./cli mmap images/4096x4096        0   196712   236091   394636 
%CPU %MEM ARGS Wed Sep 30 21:08:06 UTC 2026
 0.0  0.0 grep --color=auto ./cli       0  2164
19.6  4.8 ./cli mmap images/4096x4096   0 394536
19.7  4.8 ./cli mmap images/4096x4096   0 394600
20.0  4.8 ./cli mmap images/4096x4096   0 394540
20.4  4.8 ./cli mmap images/4096x4096   1 394628
20.4  4.8 ./cli mmap images/4096x4096   0 394636
  PID User     Command                         Swap      USS      PSS      RSS 
52481 codespace /usr/bin/python3 /usr/bin/s        0    12060    12341    14620 
50214 codespace ./cli mmap images/4096x4096        0   196708   236081   394536 
50203 codespace ./cli mmap images/4096x4096        0   196712   236085   394540 
50205 codespace ./cli mmap images/4096x4096        0   196708   236086   394628 
50212 codespace ./cli mmap images/4096x4096        0   196712   236086   394600 
50208 codespace ./cli mmap images/4096x4096        0   196712   236090   394636 
%CPU %MEM ARGS Wed Sep 30 21:08:07 UTC 2026
 0.0  0.0 grep --color=auto ./cli       0  2172
19.6  4.8 ./cli mmap images/4096x4096   0 394536
19.8  4.8 ./cli mmap images/4096x4096   1 394600
20.0  4.8 ./cli mmap images/4096x4096   0 394540
20.4  4.8 ./cli mmap images/4096x4096   1 394636
20.4  4.8 ./cli mmap images/4096x4096   0 394628
  PID User     Command                         Swap      USS      PSS      RSS 
52494 codespace /usr/bin/python3 /usr/bin/s        0    12064    12348    14624 
50214 codespace ./cli mmap images/4096x4096        0   196708   236082   394536 
50208 codespace ./cli mmap images/4096x4096        0   196712   236085   394636 
50203 codespace ./cli mmap images/4096x4096        0   196712   236086   394540 
50205 codespace ./cli mmap images/4096x4096        0   196708   236086   394628 
50212 codespace ./cli mmap images/4096x4096        0   196712   236088   394600 
%CPU %MEM ARGS Wed Sep 30 21:08:08 UTC 2026
 0.0  0.0 grep --color=auto ./cli       0  2160
19.6  4.8 ./cli mmap images/4096x4096   0 394536
19.7  4.8 ./cli mmap images/4096x4096   0 394600
20.0  4.8 ./cli mmap images/4096x4096   1 394540
20.4  4.8 ./cli mmap images/4096x4096   1 394628
20.4  4.8 ./cli mmap images/4096x4096   0 394636
  PID User     Command                         Swap      USS      PSS      RSS 
52506 codespace /usr/bin/python3 /usr/bin/s        0    12076    12366    14592 
50214 codespace ./cli mmap images/4096x4096        0   196708   236081   394536 
50203 codespace ./cli mmap images/4096x4096        0   196712   236085   394540 
50205 codespace ./cli mmap images/4096x4096        0   196708   236087   394628 
50212 codespace ./cli mmap images/4096x4096        0   196712   236088   394600 
50208 codespace ./cli mmap images/4096x4096        0   196712   236092   394636 
%CPU %MEM ARGS Wed Sep 30 21:08:09 UTC 2026
 0.0  0.0 grep --color=auto ./cli       1  2204
19.6  4.8 ./cli mmap images/4096x4096   0 394536
19.7  4.8 ./cli mmap images/4096x4096   1 394600
20.0  4.8 ./cli mmap images/4096x4096   1 394540
20.4  4.8 ./cli mmap images/4096x4096   1 394628
20.5  4.8 ./cli mmap images/4096x4096   0 394636
  PID User     Command                         Swap      USS      PSS      RSS 
52512 codespace /usr/bin/python3 /usr/bin/s        0    12060    12272    14480 
50214 codespace ./cli mmap images/4096x4096        0   196708   236076   394536 
50205 codespace ./cli mmap images/4096x4096        0   196708   236085   394628 
50203 codespace ./cli mmap images/4096x4096        0   196712   236086   394540 
50212 codespace ./cli mmap images/4096x4096        0   196712   236088   394600 
50208 codespace ./cli mmap images/4096x4096        0   196712   236090   394636 
%CPU %MEM ARGS Wed Sep 30 21:08:10 UTC 2026
 0.0  0.0 grep --color=auto ./cli       0  2172
19.6  4.8 ./cli mmap images/4096x4096   1 394536
19.7  4.8 ./cli mmap images/4096x4096   1 394600
19.9  4.8 ./cli mmap images/4096x4096   1 394540
20.4  4.8 ./cli mmap images/4096x4096   0 394628
20.5  4.8 ./cli mmap images/4096x4096   1 394636
  PID User     Command                         Swap      USS      PSS      RSS 
52524 codespace /usr/bin/python3 /usr/bin/s        0    12060    12322    14476 
50214 codespace ./cli mmap images/4096x4096        0   196708   236082   394536 
50203 codespace ./cli mmap images/4096x4096        0   196712   236086   394540 
50205 codespace ./cli mmap images/4096x4096        0   196708   236087   394628 
50212 codespace ./cli mmap images/4096x4096        0   196712   236088   394600 
50208 codespace ./cli mmap images/4096x4096        0   196712   236091   394636 
%CPU %MEM ARGS Wed Sep 30 21:08:11 UTC 2026
 0.0  0.0 grep --color=auto ./cli       1  2252
19.6  4.8 ./cli mmap images/4096x4096   1 394536
19.7  4.8 ./cli mmap images/4096x4096   1 394600
19.9  4.8 ./cli mmap images/4096x4096   1 394540
20.4  4.8 ./cli mmap images/4096x4096   1 394628
20.5  4.8 ./cli mmap images/4096x4096   0 394636
  PID User     Command                         Swap      USS      PSS      RSS 
52529 codespace /usr/bin/python3 /usr/bin/s        0    12060    12322    14528 
50214 codespace ./cli mmap images/4096x4096        0   196708   236082   394536 
50203 codespace ./cli mmap images/4096x4096        0   196712   236086   394540 
50205 codespace ./cli mmap images/4096x4096        0   196708   236087   394628 
50212 codespace ./cli mmap images/4096x4096        0   196712   236088   394600 
50208 codespace ./cli mmap images/4096x4096        0   196712   236092   394636 
%CPU %MEM ARGS Wed Sep 30 21:08:12 UTC 2026
 0.0  0.0 grep --color=auto ./cli       1  2156
19.5  4.8 ./cli mmap images/4096x4096   0 394536
19.7  4.8 ./cli mmap images/4096x4096   1 394600
19.9  4.8 ./cli mmap images/4096x4096   0 394540
20.4  4.8 ./cli mmap images/4096x4096   0 394628
20.6  4.8 ./cli mmap images/4096x4096   0 394636
  PID User     Command                         Swap      USS      PSS      RSS 
52545 codespace /usr/bin/python3 /usr/bin/s        0    12068    12349    14596 
50214 codespace ./cli mmap images/4096x4096        0   196708   236082   394536 
50203 codespace ./cli mmap images/4096x4096        0   196712   236086   394540 
50205 codespace ./cli mmap images/4096x4096        0   196708   236087   394628 
50212 codespace ./cli mmap images/4096x4096        0   196712   236088   394600 
50208 codespace ./cli mmap images/4096x4096        0   196712   236092   394636 
%CPU %MEM ARGS Wed Sep 30 21:08:13 UTC 2026
 0.0  0.0 grep --color=auto ./cli       0  2252
19.5  4.8 ./cli mmap images/4096x4096   0 394536
19.7  4.8 ./cli mmap images/4096x4096   1 394600
19.9  4.8 ./cli mmap images/4096x4096   1 394540
20.4  4.8 ./cli mmap images/4096x4096   1 394628
20.6  4.8 ./cli mmap images/4096x4096   1 394636
  PID User     Command                         Swap      USS      PSS      RSS 
52554 codespace /usr/bin/python3 /usr/bin/s        0    12060    12308    14436 
50214 codespace ./cli mmap images/4096x4096        0   196708   236082   394536 
50203 codespace ./cli mmap images/4096x4096        0   196712   236086   394540 
50205 codespace ./cli mmap images/4096x4096        0   196708   236086   394628 
50212 codespace ./cli mmap images/4096x4096        0   196712   236088   394600 
50208 codespace ./cli mmap images/4096x4096        0   196712   236091   394636 
%CPU %MEM ARGS Wed Sep 30 21:08:14 UTC 2026
 0.0  0.0 grep --color=auto ./cli       0  2168
19.5  4.8 ./cli mmap images/4096x4096   0 394536
19.7  4.8 ./cli mmap images/4096x4096   0 394600
19.9  4.8 ./cli mmap images/4096x4096   0 394540
20.3  4.8 ./cli mmap images/4096x4096   0 394628
20.6  4.8 ./cli mmap images/4096x4096   0 394636
  PID User     Command                         Swap      USS      PSS      RSS 
52560 codespace /usr/bin/python3 /usr/bin/s        0    12064    12317    14480 
50214 codespace ./cli mmap images/4096x4096        0   196708   236082   394536 
50203 codespace ./cli mmap images/4096x4096        0   196712   236086   394540 
50205 codespace ./cli mmap images/4096x4096        0   196708   236086   394628 
50212 codespace ./cli mmap images/4096x4096        0   196712   236088   394600 
50208 codespace ./cli mmap images/4096x4096        0   196712   236091   394636 
%CPU %MEM ARGS Wed Sep 30 21:08:15 UTC 2026
 0.0  0.0 grep --color=auto ./cli       1  2248
19.5  4.8 ./cli mmap images/4096x4096   1 394536
19.7  4.8 ./cli mmap images/4096x4096   0 394600
19.9  4.8 ./cli mmap images/4096x4096   1 394540
20.3  4.8 ./cli mmap images/4096x4096   1 394628
20.6  4.8 ./cli mmap images/4096x4096   1 394636
  PID User     Command                         Swap      USS      PSS      RSS 
52590 codespace /usr/bin/python3 /usr/bin/s        0    12072    12345    14516 
50214 codespace ./cli mmap images/4096x4096        0   196708   236082   394536 
50203 codespace ./cli mmap images/4096x4096        0   196712   236086   394540 
50205 codespace ./cli mmap images/4096x4096        0   196708   236087   394628 
50212 codespace ./cli mmap images/4096x4096        0   196712   236088   394600 
50208 codespace ./cli mmap images/4096x4096        0   196712   236092   394636 
%CPU %MEM ARGS Wed Sep 30 21:08:16 UTC 2026
 0.0  0.0 grep --color=auto ./cli       1  2184
19.5  4.8 ./cli mmap images/4096x4096   1 394536
19.7  4.8 ./cli mmap images/4096x4096   1 394600
19.9  4.8 ./cli mmap images/4096x4096   1 394540
20.3  4.8 ./cli mmap images/4096x4096   1 394628
20.6  4.8 ./cli mmap images/4096x4096   1 394636
  PID User     Command                         Swap      USS      PSS      RSS 
52596 codespace /usr/bin/python3 /usr/bin/s        0    12072    12325    14524 
50214 codespace ./cli mmap images/4096x4096        0   196708   236078   394536 
50203 codespace ./cli mmap images/4096x4096        0   196712   236086   394540 
50205 codespace ./cli mmap images/4096x4096        0   196708   236087   394628 
50212 codespace ./cli mmap images/4096x4096        0   196712   236087   394600 
50208 codespace ./cli mmap images/4096x4096        0   196712   236091   394636 
%CPU %MEM ARGS Wed Sep 30 21:08:17 UTC 2026
 0.0  0.0 grep --color=auto ./cli       0  2252
19.5  4.8 ./cli mmap images/4096x4096   1 394536
19.7  4.8 ./cli mmap images/4096x4096   0 394600
19.8  4.8 ./cli mmap images/4096x4096   1 394540
20.3  4.8 ./cli mmap images/4096x4096   1 394628
20.5  4.8 ./cli mmap images/4096x4096   0 394636
  PID User     Command                         Swap      USS      PSS      RSS 
52608 codespace /usr/bin/python3 /usr/bin/s        0    12068    12325    14484 
50214 codespace ./cli mmap images/4096x4096        0   196708   236081   394536 
50203 codespace ./cli mmap images/4096x4096        0   196712   236084   394540 
50205 codespace ./cli mmap images/4096x4096        0   196708   236085   394628 
50212 codespace ./cli mmap images/4096x4096        0   196712   236088   394600 
50208 codespace ./cli mmap images/4096x4096        0   196712   236091   394636 
%CPU %MEM ARGS Wed Sep 30 21:08:18 UTC 2026
 0.0  0.0 grep --color=auto ./cli       0  2292
19.5  4.8 ./cli mmap images/4096x4096   0 394536
19.7  4.8 ./cli mmap images/4096x4096   0 394600
19.8  4.8 ./cli mmap images/4096x4096   1 394540
20.3  4.8 ./cli mmap images/4096x4096   0 394628
20.6  4.8 ./cli mmap images/4096x4096   1 394636
  PID User     Command                         Swap      USS      PSS      RSS 
52619 codespace /usr/bin/python3 /usr/bin/s        0    12064    12321    14536 
50214 codespace ./cli mmap images/4096x4096        0   196708   236081   394536 
50203 codespace ./cli mmap images/4096x4096        0   196712   236086   394540 
50205 codespace ./cli mmap images/4096x4096        0   196708   236087   394628 
50212 codespace ./cli mmap images/4096x4096        0   196712   236088   394600 
50208 codespace ./cli mmap images/4096x4096        0   196712   236091   394636 
%CPU %MEM ARGS Wed Sep 30 21:08:20 UTC 2026
 0.0  0.0 grep --color=auto ./cli       0  2124
19.5  4.8 ./cli mmap images/4096x4096   0 394536
19.7  4.8 ./cli mmap images/4096x4096   0 394600
19.9  4.8 ./cli mmap images/4096x4096   1 394540
20.2  4.8 ./cli mmap images/4096x4096   0 394628
20.5  4.8 ./cli mmap images/4096x4096   0 394636
  PID User     Command                         Swap      USS      PSS      RSS 
52631 codespace /usr/bin/python3 /usr/bin/s        0    12060    12324    14528 
50214 codespace ./cli mmap images/4096x4096        0   196708   236081   394536 
50203 codespace ./cli mmap images/4096x4096        0   196712   236085   394540 
50205 codespace ./cli mmap images/4096x4096        0   196708   236087   394628 
50212 codespace ./cli mmap images/4096x4096        0   196712   236088   394600 
50208 codespace ./cli mmap images/4096x4096        0   196712   236092   394636 
%CPU %MEM ARGS Wed Sep 30 21:08:21 UTC 2026
 0.0  0.0 grep --color=auto ./cli       1  2200
19.5  4.8 ./cli mmap images/4096x4096   0 394536
19.7  4.8 ./cli mmap images/4096x4096   0 394600
19.9  4.8 ./cli mmap images/4096x4096   0 394540
20.2  4.8 ./cli mmap images/4096x4096   1 394628
20.5  4.8 ./cli mmap images/4096x4096   0 394636
  PID User     Command                         Swap      USS      PSS      RSS 
52637 codespace /usr/bin/python3 /usr/bin/s        0    12064    12343    14572 
50214 codespace ./cli mmap images/4096x4096        0   196708   236081   394536 
50203 codespace ./cli mmap images/4096x4096        0   196712   236085   394540 
50205 codespace ./cli mmap images/4096x4096        0   196708   236087   394628 
50212 codespace ./cli mmap images/4096x4096        0   196712   236088   394600 
50208 codespace ./cli mmap images/4096x4096        0   196712   236092   394636 
%CPU %MEM ARGS Wed Sep 30 21:08:22 UTC 2026
 0.0  0.0 grep --color=auto ./cli       0  2340
19.5  4.8 ./cli mmap images/4096x4096   0 394536
19.7  4.8 ./cli mmap images/4096x4096   0 394600
19.9  4.8 ./cli mmap images/4096x4096   0 394540
20.3  4.8 ./cli mmap images/4096x4096   1 394628
20.5  4.8 ./cli mmap images/4096x4096   0 394636
  PID User     Command                         Swap      USS      PSS      RSS 
52646 codespace /usr/bin/python3 /usr/bin/s        0    12064    12321    14548 
50214 codespace ./cli mmap images/4096x4096        0   196708   236082   394536 
50203 codespace ./cli mmap images/4096x4096        0   196712   236086   394540 
50205 codespace ./cli mmap images/4096x4096        0   196708   236087   394628 
50212 codespace ./cli mmap images/4096x4096        0   196712   236088   394600 
50208 codespace ./cli mmap images/4096x4096        0   196712   236091   394636 
%CPU %MEM ARGS Wed Sep 30 21:08:22 UTC 2026
 0.0  0.0 grep --color=auto ./cli       1  2160
19.5  4.8 ./cli mmap images/4096x4096   0 394536
19.7  4.8 ./cli mmap images/4096x4096   1 394600
19.9  4.8 ./cli mmap images/4096x4096   0 394540
20.3  4.8 ./cli mmap images/4096x4096   0 394628
20.5  4.8 ./cli mmap images/4096x4096   0 394636
  PID User     Command                         Swap      USS      PSS      RSS 
52655 codespace /usr/bin/python3 /usr/bin/s        0    12060    12321    14528 
50214 codespace ./cli mmap images/4096x4096        0   196708   236082   394536 
50203 codespace ./cli mmap images/4096x4096        0   196712   236086   394540 
50205 codespace ./cli mmap images/4096x4096        0   196708   236087   394628 
50212 codespace ./cli mmap images/4096x4096        0   196712   236088   394600 
50208 codespace ./cli mmap images/4096x4096        0   196712   236092   394636 
%CPU %MEM ARGS Wed Sep 30 21:08:24 UTC 2026
 0.0  0.0 grep --color=auto ./cli       1  2156
19.4  4.8 ./cli mmap images/4096x4096   1 394536
19.7  4.8 ./cli mmap images/4096x4096   1 394600
19.9  4.8 ./cli mmap images/4096x4096   1 394540
20.3  4.8 ./cli mmap images/4096x4096   1 394628
20.5  4.8 ./cli mmap images/4096x4096   0 394636
  PID User     Command                         Swap      USS      PSS      RSS 
52667 codespace /usr/bin/python3 /usr/bin/s        0    12064    12349    14624 
50203 codespace ./cli mmap images/4096x4096        0   196712   236080   394540 
50214 codespace ./cli mmap images/4096x4096        0   196708   236082   394536 
50205 codespace ./cli mmap images/4096x4096        0   196708   236087   394628 
50212 codespace ./cli mmap images/4096x4096        0   196712   236088   394600 
50208 codespace ./cli mmap images/4096x4096        0   196712   236092   394636 
%CPU %MEM ARGS Wed Sep 30 21:08:25 UTC 2026
 0.0  0.0 grep --color=auto ./cli       0  2152
19.4  4.8 ./cli mmap images/4096x4096   0 394536
19.7  4.8 ./cli mmap images/4096x4096   0 394600
19.9  4.8 ./cli mmap images/4096x4096   1 394540
20.3  4.8 ./cli mmap images/4096x4096   0 394628
20.5  4.8 ./cli mmap images/4096x4096   0 394636
  PID User     Command                         Swap      USS      PSS      RSS 
52679 codespace /usr/bin/python3 /usr/bin/s        0    12064    12324    14540 
50214 codespace ./cli mmap images/4096x4096        0   196708   236082   394536 
50203 codespace ./cli mmap images/4096x4096        0   196712   236086   394540 
50205 codespace ./cli mmap images/4096x4096        0   196708   236087   394628 
50212 codespace ./cli mmap images/4096x4096        0   196712   236088   394600 
50208 codespace ./cli mmap images/4096x4096        0   196712   236089   394636 
%CPU %MEM ARGS Wed Sep 30 21:08:26 UTC 2026
 0.0  0.0 grep --color=auto ./cli       0  2176
19.4  4.8 ./cli mmap images/4096x4096   0 394536
19.7  4.8 ./cli mmap images/4096x4096   1 394600
19.9  4.8 ./cli mmap images/4096x4096   1 394540
20.3  4.8 ./cli mmap images/4096x4096   1 394628
20.4  4.8 ./cli mmap images/4096x4096   1 394636
  PID User     Command                         Swap      USS      PSS      RSS 
52702 codespace /usr/bin/python3 /usr/bin/s        0    12080    12329    14496 
50214 codespace ./cli mmap images/4096x4096        0   196708   236081   394536 
50208 codespace ./cli mmap images/4096x4096        0   196712   236085   394636 
50203 codespace ./cli mmap images/4096x4096        0   196712   236086   394540 
50205 codespace ./cli mmap images/4096x4096        0   196708   236087   394628 
50212 codespace ./cli mmap images/4096x4096        0   196712   236088   394600 
%CPU %MEM ARGS Wed Sep 30 21:08:27 UTC 2026
 0.0  0.0 grep --color=auto ./cli       0  2300
19.5  4.8 ./cli mmap images/4096x4096   0 394536
19.7  4.8 ./cli mmap images/4096x4096   1 394600
19.9  4.8 ./cli mmap images/4096x4096   1 394540
20.2  4.8 ./cli mmap images/4096x4096   1 394628
20.4  4.8 ./cli mmap images/4096x4096   1 394636
  PID User     Command                         Swap      USS      PSS      RSS 
52714 codespace /usr/bin/python3 /usr/bin/s        0    12104    12386    14632 
50214 codespace ./cli mmap images/4096x4096        0   196708   236082   394536 
50203 codespace ./cli mmap images/4096x4096        0   196712   236086   394540 
50205 codespace ./cli mmap images/4096x4096        0   196708   236087   394628 
50212 codespace ./cli mmap images/4096x4096        0   196712   236088   394600 
50208 codespace ./cli mmap images/4096x4096        0   196712   236092   394636 
%CPU %MEM ARGS Wed Sep 30 21:08:27 UTC 2026
 0.0  0.0 grep --color=auto ./cli       0  2172
19.5  4.8 ./cli mmap images/4096x4096   0 394536
19.7  4.8 ./cli mmap images/4096x4096   1 394600
19.9  4.8 ./cli mmap images/4096x4096   1 394540
20.2  4.8 ./cli mmap images/4096x4096   1 394628
20.4  4.8 ./cli mmap images/4096x4096   0 394636
  PID User     Command                         Swap      USS      PSS      RSS 
52719 codespace /usr/bin/python3 /usr/bin/s        0    12064    12299    14460 
50214 codespace ./cli mmap images/4096x4096        0   196708   236082   394536 
50203 codespace ./cli mmap images/4096x4096        0   196712   236086   394540 
50205 codespace ./cli mmap images/4096x4096        0   196708   236087   394628 
50212 codespace ./cli mmap images/4096x4096        0   196712   236088   394600 
50208 codespace ./cli mmap images/4096x4096        0   196712   236092   394636 
%CPU %MEM ARGS Wed Sep 30 21:08:28 UTC 2026
 0.0  0.0 grep --color=auto ./cli       1  2156
19.5  4.8 ./cli mmap images/4096x4096   0 394536
19.7  4.8 ./cli mmap images/4096x4096   1 394600
19.9  4.8 ./cli mmap images/4096x4096   1 394540
20.2  4.8 ./cli mmap images/4096x4096   1 394628
20.4  4.8 ./cli mmap images/4096x4096   1 394636
  PID User     Command                         Swap      USS      PSS      RSS 
52725 codespace /usr/bin/python3 /usr/bin/s        0    12064    12315    14628 
50214 codespace ./cli mmap images/4096x4096        0   196708   236081   394536 
50203 codespace ./cli mmap images/4096x4096        0   196712   236086   394540 
50205 codespace ./cli mmap images/4096x4096        0   196708   236087   394628 
50212 codespace ./cli mmap images/4096x4096        0   196712   236088   394600 
50208 codespace ./cli mmap images/4096x4096        0   196712   236091   394636 
%CPU %MEM ARGS Wed Sep 30 21:08:29 UTC 2026
 0.0  0.0 grep --color=auto ./cli       1  2176
19.5  4.8 ./cli mmap images/4096x4096   1 394536
19.7  4.8 ./cli mmap images/4096x4096   1 394600
19.8  4.8 ./cli mmap images/4096x4096   0 394540
20.2  4.8 ./cli mmap images/4096x4096   1 394628
20.4  4.8 ./cli mmap images/4096x4096   1 394636
  PID User     Command                         Swap      USS      PSS      RSS 
52744 codespace /usr/bin/python3 /usr/bin/s        0    12064    12320    14480 
50214 codespace ./cli mmap images/4096x4096        0   196708   236082   394536 
50203 codespace ./cli mmap images/4096x4096        0   196712   236086   394540 
50205 codespace ./cli mmap images/4096x4096        0   196708   236087   394628 
50212 codespace ./cli mmap images/4096x4096        0   196712   236088   394600 
50208 codespace ./cli mmap images/4096x4096        0   196712   236091   394636 
%CPU %MEM ARGS Wed Sep 30 21:08:30 UTC 2026
 0.0  0.0 grep --color=auto ./cli       1  2296
19.5  4.8 ./cli mmap images/4096x4096   1 394536
19.7  4.8 ./cli mmap images/4096x4096   1 394600
19.8  4.8 ./cli mmap images/4096x4096   1 394540
20.2  4.8 ./cli mmap images/4096x4096   0 394628
20.4  4.8 ./cli mmap images/4096x4096   1 394636
  PID User     Command                         Swap      USS      PSS      RSS 
52749 codespace /usr/bin/python3 /usr/bin/s        0    12064    12311    14512 
50214 codespace ./cli mmap images/4096x4096        0   196708   236082   394536 
50203 codespace ./cli mmap images/4096x4096        0   196712   236086   394540 
50205 codespace ./cli mmap images/4096x4096        0   196708   236087   394628 
50212 codespace ./cli mmap images/4096x4096        0   196712   236088   394600 
50208 codespace ./cli mmap images/4096x4096        0   196712   236091   394636 
%CPU %MEM ARGS Wed Sep 30 21:08:31 UTC 2026
 0.0  0.0 grep --color=auto ./cli       0  2208
19.5  4.8 ./cli mmap images/4096x4096   1 394536
19.7  4.8 ./cli mmap images/4096x4096   0 394600
19.8  4.8 ./cli mmap images/4096x4096   1 394540
20.2  4.8 ./cli mmap images/4096x4096   1 394628
20.4  4.8 ./cli mmap images/4096x4096   1 394636
  PID User     Command                         Swap      USS      PSS      RSS 
52755 codespace /usr/bin/python3 /usr/bin/s        0    12068    12328    14536 
50214 codespace ./cli mmap images/4096x4096        0   196708   236082   394536 
50203 codespace ./cli mmap images/4096x4096        0   196712   236086   394540 
50205 codespace ./cli mmap images/4096x4096        0   196708   236087   394628 
50212 codespace ./cli mmap images/4096x4096        0   196712   236088   394600 
50208 codespace ./cli mmap images/4096x4096        0   196712   236092   394636 
%CPU %MEM ARGS Wed Sep 30 21:08:31 UTC 2026
 0.0  0.0 grep --color=auto ./cli       1  2192
19.5  4.8 ./cli mmap images/4096x4096   0 394536
19.7  4.8 ./cli mmap images/4096x4096   1 394600
19.8  4.8 ./cli mmap images/4096x4096   1 394540
20.2  4.8 ./cli mmap images/4096x4096   1 394628
20.4  4.8 ./cli mmap images/4096x4096   1 394636
  PID User     Command                         Swap      USS      PSS      RSS 
52766 codespace /usr/bin/python3 /usr/bin/s        0    12064    12344    14572 
50214 codespace ./cli mmap images/4096x4096        0   196708   236081   394536 
50203 codespace ./cli mmap images/4096x4096        0   196712   236085   394540 
50205 codespace ./cli mmap images/4096x4096        0   196708   236087   394628 
50212 codespace ./cli mmap images/4096x4096        0   196712   236088   394600 
50208 codespace ./cli mmap images/4096x4096        0   196712   236092   394636 
%CPU %MEM ARGS Wed Sep 30 21:08:32 UTC 2026
 0.0  0.0 grep --color=auto ./cli       1  2208
19.5  4.8 ./cli mmap images/4096x4096   1 394536
19.6  4.8 ./cli mmap images/4096x4096   1 394600
19.8  4.8 ./cli mmap images/4096x4096   1 394540
20.2  4.8 ./cli mmap images/4096x4096   0 394628
20.3  4.8 ./cli mmap images/4096x4096   0 394636
  PID User     Command                         Swap      USS      PSS      RSS 
52772 codespace /usr/bin/python3 /usr/bin/s        0    12064    12292    14512 
50214 codespace ./cli mmap images/4096x4096        0   196708   236076   394536 
50203 codespace ./cli mmap images/4096x4096        0   196712   236085   394540 
50205 codespace ./cli mmap images/4096x4096        0   196708   236087   394628 
50212 codespace ./cli mmap images/4096x4096        0   196712   236088   394600 
50208 codespace ./cli mmap images/4096x4096        0   196712   236091   394636 
%CPU %MEM ARGS Wed Sep 30 21:08:34 UTC 2026
 0.0  0.0 grep --color=auto ./cli       1  2152
19.5  4.8 ./cli mmap images/4096x4096   0 394536
19.7  4.8 ./cli mmap images/4096x4096   1 394600
19.8  4.8 ./cli mmap images/4096x4096   0 394540
20.2  4.8 ./cli mmap images/4096x4096   0 394628
20.3  4.8 ./cli mmap images/4096x4096   0 394636
  PID User     Command                         Swap      USS      PSS      RSS 
52785 codespace /usr/bin/python3 /usr/bin/s        0    12064    12319    14544 
50214 codespace ./cli mmap images/4096x4096        0   196708   236082   394536 
50203 codespace ./cli mmap images/4096x4096        0   196712   236086   394540 
50205 codespace ./cli mmap images/4096x4096        0   196708   236087   394628 
50212 codespace ./cli mmap images/4096x4096        0   196712   236088   394600 
50208 codespace ./cli mmap images/4096x4096        0   196712   236091   394636 
%CPU %MEM ARGS Wed Sep 30 21:08:34 UTC 2026
 0.0  0.0 grep --color=auto ./cli       1  2172
19.5  4.8 ./cli mmap images/4096x4096   0 394536
19.7  4.8 ./cli mmap images/4096x4096   1 394600
19.8  4.8 ./cli mmap images/4096x4096   0 394540
20.2  4.8 ./cli mmap images/4096x4096   0 394628
20.3  4.8 ./cli mmap images/4096x4096   0 394636
  PID User     Command                         Swap      USS      PSS      RSS 
52790 codespace /usr/bin/python3 /usr/bin/s        0    12060    12284    14544 
50214 codespace ./cli mmap images/4096x4096        0   196708   236080   394536 
50203 codespace ./cli mmap images/4096x4096        0   196712   236084   394540 
50205 codespace ./cli mmap images/4096x4096        0   196708   236085   394628 
50212 codespace ./cli mmap images/4096x4096        0   196712   236086   394600 
50208 codespace ./cli mmap images/4096x4096        0   196712   236089   394636 
%CPU %MEM ARGS Wed Sep 30 21:08:35 UTC 2026
 0.0  0.0 grep --color=auto ./cli       1  2304
19.5  4.8 ./cli mmap images/4096x4096   0 394536
19.7  4.8 ./cli mmap images/4096x4096   1 394600
19.8  4.8 ./cli mmap images/4096x4096   1 394540
20.2  4.8 ./cli mmap images/4096x4096   0 394628
20.3  4.8 ./cli mmap images/4096x4096   0 394636
  PID User     Command                         Swap      USS      PSS      RSS 
52802 codespace /usr/bin/python3 /usr/bin/s        0    12068    12319    14484 
50214 codespace ./cli mmap images/4096x4096        0   196708   236082   394536 
50203 codespace ./cli mmap images/4096x4096        0   196712   236085   394540 
50205 codespace ./cli mmap images/4096x4096        0   196708   236087   394628 
50212 codespace ./cli mmap images/4096x4096        0   196712   236088   394600 
50208 codespace ./cli mmap images/4096x4096        0   196712   236091   394636 
%CPU %MEM ARGS Wed Sep 30 21:08:36 UTC 2026
 0.0  0.0 grep --color=auto ./cli       1  2160
19.5  4.8 ./cli mmap images/4096x4096   1 394536
19.7  4.8 ./cli mmap images/4096x4096   1 394600
19.8  4.8 ./cli mmap images/4096x4096   1 394540
20.2  4.8 ./cli mmap images/4096x4096   0 394628
20.3  4.8 ./cli mmap images/4096x4096   1 394636
  PID User     Command                         Swap      USS      PSS      RSS 
52831 codespace /usr/bin/python3 /usr/bin/s        0    12084    12374    14592 
50214 codespace ./cli mmap images/4096x4096        0   196708   236082   394536 
50203 codespace ./cli mmap images/4096x4096        0   196712   236086   394540 
50205 codespace ./cli mmap images/4096x4096        0   196708   236087   394628 
50212 codespace ./cli mmap images/4096x4096        0   196712   236088   394600 
50208 codespace ./cli mmap images/4096x4096        0   196712   236092   394636 
%CPU %MEM ARGS Wed Sep 30 21:08:37 UTC 2026
 0.0  0.0 grep --color=auto ./cli       0  2208
19.5  4.8 ./cli mmap images/4096x4096   1 394536
19.7  4.8 ./cli mmap images/4096x4096   1 394600
19.7  4.8 ./cli mmap images/4096x4096   1 394540
20.3  4.8 ./cli mmap images/4096x4096   1 394636
20.3  4.8 ./cli mmap images/4096x4096   0 394628
  PID User     Command                         Swap      USS      PSS      RSS 
52837 codespace /usr/bin/python3 /usr/bin/s        0    12064    12342    14572 
50205 codespace ./cli mmap images/4096x4096        0   196708   236081   394628 
50214 codespace ./cli mmap images/4096x4096        0   196708   236082   394536 
50203 codespace ./cli mmap images/4096x4096        0   196712   236086   394540 
50212 codespace ./cli mmap images/4096x4096        0   196712   236088   394600 
50208 codespace ./cli mmap images/4096x4096        0   196712   236092   394636 
%CPU %MEM ARGS Wed Sep 30 21:08:39 UTC 2026
 0.0  0.0 grep --color=auto ./cli       1  2340
19.5  4.8 ./cli mmap images/4096x4096   1 394536
19.7  4.8 ./cli mmap images/4096x4096   1 394600
19.7  4.8 ./cli mmap images/4096x4096   1 394540
20.3  4.8 ./cli mmap images/4096x4096   1 394628
20.3  4.8 ./cli mmap images/4096x4096   0 394636
  PID User     Command                         Swap      USS      PSS      RSS 
52850 codespace /usr/bin/python3 /usr/bin/s        0    12064    12322    14544 
50214 codespace ./cli mmap images/4096x4096        0   196708   236081   394536 
50203 codespace ./cli mmap images/4096x4096        0   196712   236085   394540 
50205 codespace ./cli mmap images/4096x4096        0   196708   236087   394628 
50212 codespace ./cli mmap images/4096x4096        0   196712   236088   394600 
50208 codespace ./cli mmap images/4096x4096        0   196712   236091   394636 
%CPU %MEM ARGS Wed Sep 30 21:08:39 UTC 2026
 0.0  0.0 grep --color=auto ./cli       0  2156
19.4  4.8 ./cli mmap images/4096x4096   0 394536
19.7  4.8 ./cli mmap images/4096x4096   1 394600
19.7  4.8 ./cli mmap images/4096x4096   0 394540
20.3  4.8 ./cli mmap images/4096x4096   0 394628
20.3  4.8 ./cli mmap images/4096x4096   0 394636
  PID User     Command                         Swap      USS      PSS      RSS 
52855 codespace /usr/bin/python3 /usr/bin/s        0    12068    12338    14516 
50214 codespace ./cli mmap images/4096x4096        0   196708   236082   394536 
50203 codespace ./cli mmap images/4096x4096        0   196712   236086   394540 
50205 codespace ./cli mmap images/4096x4096        0   196708   236087   394628 
50212 codespace ./cli mmap images/4096x4096        0   196712   236088   394600 
50208 codespace ./cli mmap images/4096x4096        0   196712   236092   394636 
%CPU %MEM ARGS Wed Sep 30 21:08:40 UTC 2026
 0.0  0.0 grep --color=auto ./cli       0  2180
19.4  4.8 ./cli mmap images/4096x4096   0 394536
19.7  4.8 ./cli mmap images/4096x4096   0 394540
19.7  4.8 ./cli mmap images/4096x4096   0 394600
20.3  4.8 ./cli mmap images/4096x4096   1 394628
20.3  4.8 ./cli mmap images/4096x4096   0 394636
  PID User     Command                         Swap      USS      PSS      RSS 
52867 codespace /usr/bin/python3 /usr/bin/s        0    12064    12306    14436 
50214 codespace ./cli mmap images/4096x4096        0   196708   236082   394536 
50203 codespace ./cli mmap images/4096x4096        0   196712   236086   394540 
50205 codespace ./cli mmap images/4096x4096        0   196708   236087   394628 
50212 codespace ./cli mmap images/4096x4096        0   196712   236088   394600 
50208 codespace ./cli mmap images/4096x4096        0   196712   236091   394636 
%CPU %MEM ARGS Wed Sep 30 21:08:41 UTC 2026
 0.0  0.0 grep --color=auto ./cli       1  2252
19.4  4.8 ./cli mmap images/4096x4096   0 394536
19.7  4.8 ./cli mmap images/4096x4096   0 394600
19.7  4.8 ./cli mmap images/4096x4096   0 394540
20.3  4.8 ./cli mmap images/4096x4096   0 394636
20.3  4.8 ./cli mmap images/4096x4096   0 394628
  PID User     Command                         Swap      USS      PSS      RSS 
52879 codespace /usr/bin/python3 /usr/bin/s        0    12064    12320    14544 
50214 codespace ./cli mmap images/4096x4096        0   196708   236082   394536 
50203 codespace ./cli mmap images/4096x4096        0   196712   236086   394540 
50205 codespace ./cli mmap images/4096x4096        0   196708   236087   394628 
50212 codespace ./cli mmap images/4096x4096        0   196712   236088   394600 
50208 codespace ./cli mmap images/4096x4096        0   196712   236091   394636 
%CPU %MEM ARGS Wed Sep 30 21:08:42 UTC 2026
 0.0  0.0 grep --color=auto ./cli       0  2172
19.4  4.8 ./cli mmap images/4096x4096   0 394536
19.7  4.8 ./cli mmap images/4096x4096   0 394600
19.7  4.8 ./cli mmap images/4096x4096   0 394540
20.3  4.8 ./cli mmap images/4096x4096   0 394636
20.3  4.8 ./cli mmap images/4096x4096   0 394628
  PID User     Command                         Swap      USS      PSS      RSS 
52885 codespace /usr/bin/python3 /usr/bin/s        0    12068    12337    14516 
50214 codespace ./cli mmap images/4096x4096        0   196708   236082   394536 
50203 codespace ./cli mmap images/4096x4096        0   196712   236086   394540 
50205 codespace ./cli mmap images/4096x4096        0   196708   236087   394628 
50212 codespace ./cli mmap images/4096x4096        0   196712   236088   394600 
50208 codespace ./cli mmap images/4096x4096        0   196712   236092   394636 
%CPU %MEM ARGS Wed Sep 30 21:08:43 UTC 2026
 0.0  0.0 grep --color=auto ./cli       1  2344
19.4  4.8 ./cli mmap images/4096x4096   1 394536
19.7  4.8 ./cli mmap images/4096x4096   0 394600
19.7  4.8 ./cli mmap images/4096x4096   0 394540
20.2  4.8 ./cli mmap images/4096x4096   0 394636
20.3  4.8 ./cli mmap images/4096x4096   0 394628
  PID User     Command                         Swap      USS      PSS      RSS 
52896 codespace /usr/bin/python3 /usr/bin/s        0    12068    12317    14484 
50214 codespace ./cli mmap images/4096x4096        0   196708   236082   394536 
50203 codespace ./cli mmap images/4096x4096        0   196712   236086   394540 
50205 codespace ./cli mmap images/4096x4096        0   196708   236086   394628 
50212 codespace ./cli mmap images/4096x4096        0   196712   236088   394600 
50208 codespace ./cli mmap images/4096x4096        0   196712   236091   394636 
%CPU %MEM ARGS Wed Sep 30 21:08:44 UTC 2026
 0.0  0.0 grep --color=auto ./cli       0  2308
19.4  4.8 ./cli mmap images/4096x4096   1 394536
19.7  4.8 ./cli mmap images/4096x4096   1 394600
19.7  4.8 ./cli mmap images/4096x4096   1 394540
20.2  4.8 ./cli mmap images/4096x4096   1 394628
20.3  4.8 ./cli mmap images/4096x4096   0 394636
  PID User     Command                         Swap      USS      PSS      RSS 
52903 codespace /usr/bin/python3 /usr/bin/s        0    12068    12349    14596 
50214 codespace ./cli mmap images/4096x4096        0   196708   236082   394536 
50203 codespace ./cli mmap images/4096x4096        0   196712   236086   394540 
50205 codespace ./cli mmap images/4096x4096        0   196708   236087   394628 
50212 codespace ./cli mmap images/4096x4096        0   196712   236088   394600 
50208 codespace ./cli mmap images/4096x4096        0   196712   236092   394636 
%CPU %MEM ARGS Wed Sep 30 21:08:45 UTC 2026
 0.0  0.0 grep --color=auto ./cli       1  2168
19.4  4.8 ./cli mmap images/4096x4096   1 394536
19.7  4.8 ./cli mmap images/4096x4096   1 394540
19.7  4.8 ./cli mmap images/4096x4096   0 394600
20.2  4.8 ./cli mmap images/4096x4096   1 394628
20.3  4.8 ./cli mmap images/4096x4096   1 394636
  PID User     Command                         Swap      USS      PSS      RSS 
52918 codespace /usr/bin/python3 /usr/bin/s        0    12060    12340    14592 
50214 codespace ./cli mmap images/4096x4096        0   196708   236081   394536 
50203 codespace ./cli mmap images/4096x4096        0   196712   236085   394540 
50205 codespace ./cli mmap images/4096x4096        0   196708   236087   394628 
50212 codespace ./cli mmap images/4096x4096        0   196712   236088   394600 
50208 codespace ./cli mmap images/4096x4096        0   196712   236092   394636 
%CPU %MEM ARGS Wed Sep 30 21:08:46 UTC 2026
 0.0  0.0 grep --color=auto ./cli       0  2152
19.4  4.8 ./cli mmap images/4096x4096   0 394536
19.7  4.8 ./cli mmap images/4096x4096   0 394540
19.7  4.8 ./cli mmap images/4096x4096   1 394600
20.2  4.8 ./cli mmap images/4096x4096   0 394628
20.3  4.8 ./cli mmap images/4096x4096   1 394636
  PID User     Command                         Swap      USS      PSS      RSS 
52933 codespace /usr/bin/python3 /usr/bin/s        0    12064    12320    14480 
50214 codespace ./cli mmap images/4096x4096        0   196708   236082   394536 
50203 codespace ./cli mmap images/4096x4096        0   196712   236085   394540 
50205 codespace ./cli mmap images/4096x4096        0   196708   236087   394628 
50212 codespace ./cli mmap images/4096x4096        0   196712   236088   394600 
50208 codespace ./cli mmap images/4096x4096        0   196712   236091   394636 
%CPU %MEM ARGS Wed Sep 30 21:08:47 UTC 2026
 0.0  0.0 grep --color=auto ./cli       1  2156
19.3  4.8 ./cli mmap images/4096x4096   0 394536
19.6  4.8 ./cli mmap images/4096x4096   0 394540
19.7  4.8 ./cli mmap images/4096x4096   0 394600
20.2  4.8 ./cli mmap images/4096x4096   0 394628
20.2  4.8 ./cli mmap images/4096x4096   0 394636
  PID User     Command                         Swap      USS      PSS      RSS 
52963 codespace /usr/bin/python3 /usr/bin/s        0    12064    12325    14516 
50214 codespace ./cli mmap images/4096x4096        0   196708   236081   394536 
50203 codespace ./cli mmap images/4096x4096        0   196712   236085   394540 
50205 codespace ./cli mmap images/4096x4096        0   196708   236087   394628 
50212 codespace ./cli mmap images/4096x4096        0   196712   236088   394600 
50208 codespace ./cli mmap images/4096x4096        0   196712   236092   394636 
%CPU %MEM ARGS Wed Sep 30 21:08:48 UTC 2026
 0.0  0.0 grep --color=auto ./cli       0  2208
19.3  4.8 ./cli mmap images/4096x4096   0 394536
19.6  4.8 ./cli mmap images/4096x4096   0 394540
19.7  4.8 ./cli mmap images/4096x4096   0 394600
20.2  4.8 ./cli mmap images/4096x4096   1 394628
20.2  4.8 ./cli mmap images/4096x4096   0 394636
  PID User     Command                         Swap      USS      PSS      RSS 
52969 codespace /usr/bin/python3 /usr/bin/s        0    12064    12322    14532 
50214 codespace ./cli mmap images/4096x4096        0   196708   236082   394536 
50203 codespace ./cli mmap images/4096x4096        0   196712   236086   394540 
50205 codespace ./cli mmap images/4096x4096        0   196708   236087   394628 
50212 codespace ./cli mmap images/4096x4096        0   196712   236088   394600 
50208 codespace ./cli mmap images/4096x4096        0   196712   236091   394636 
%CPU %MEM ARGS Wed Sep 30 21:08:49 UTC 2026
 0.0  0.0 grep --color=auto ./cli       1  2172
19.3  4.8 ./cli mmap images/4096x4096   0 394536
19.6  4.8 ./cli mmap images/4096x4096   0 394540
19.7  4.8 ./cli mmap images/4096x4096   0 394600
20.2  4.8 ./cli mmap images/4096x4096   0 394628
20.3  4.8 ./cli mmap images/4096x4096   1 394636
  PID User     Command                         Swap      USS      PSS      RSS 
52975 codespace /usr/bin/python3 /usr/bin/s        0    12064    12338    14572 
50214 codespace ./cli mmap images/4096x4096        0   196708   236081   394536 
50203 codespace ./cli mmap images/4096x4096        0   196712   236085   394540 
50205 codespace ./cli mmap images/4096x4096        0   196708   236087   394628 
50212 codespace ./cli mmap images/4096x4096        0   196712   236088   394600 
50208 codespace ./cli mmap images/4096x4096        0   196712   236091   394636 
%CPU %MEM ARGS Wed Sep 30 21:08:50 UTC 2026
 0.0  0.0 grep --color=auto ./cli       1  2172
19.3  4.8 ./cli mmap images/4096x4096   1 394536
19.6  4.8 ./cli mmap images/4096x4096   0 394540
19.7  4.8 ./cli mmap images/4096x4096   1 394600
20.2  4.8 ./cli mmap images/4096x4096   1 394628
20.3  4.8 ./cli mmap images/4096x4096   1 394636
  PID User     Command                         Swap      USS      PSS      RSS 
52986 codespace /usr/bin/python3 /usr/bin/s        0    12064    12317    14544 
50214 codespace ./cli mmap images/4096x4096        0   196708   236082   394536 
50203 codespace ./cli mmap images/4096x4096        0   196712   236086   394540 
50205 codespace ./cli mmap images/4096x4096        0   196708   236087   394628 
50212 codespace ./cli mmap images/4096x4096        0   196712   236088   394600 
50208 codespace ./cli mmap images/4096x4096        0   196712   236091   394636 
%CPU %MEM ARGS Wed Sep 30 21:08:51 UTC 2026
 0.0  0.0 grep --color=auto ./cli       0  2160
19.3  4.8 ./cli mmap images/4096x4096   1 394536
19.7  4.8 ./cli mmap images/4096x4096   1 394600
19.7  4.8 ./cli mmap images/4096x4096   0 394540
20.2  4.8 ./cli mmap images/4096x4096   1 394628
20.3  4.8 ./cli mmap images/4096x4096   1 394636
  PID User     Command                         Swap      USS      PSS      RSS 
52992 codespace /usr/bin/python3 /usr/bin/s        0    12064    12337    14512 
50214 codespace ./cli mmap images/4096x4096        0   196708   236082   394536 
50203 codespace ./cli mmap images/4096x4096        0   196712   236086   394540 
50205 codespace ./cli mmap images/4096x4096        0   196708   236087   394628 
50212 codespace ./cli mmap images/4096x4096        0   196712   236088   394600 
50208 codespace ./cli mmap images/4096x4096        0   196712   236092   394636 
%CPU %MEM ARGS Wed Sep 30 21:08:52 UTC 2026
 0.0  0.0 grep --color=auto ./cli       1  2168
19.3  4.8 ./cli mmap images/4096x4096   1 394536
19.7  4.8 ./cli mmap images/4096x4096   1 394600
19.8  4.8 ./cli mmap images/4096x4096   0 394540
20.1  4.8 ./cli mmap images/4096x4096   1 394628
20.2  4.8 ./cli mmap images/4096x4096   1 394636
  PID User     Command                         Swap      USS      PSS      RSS 
53004 codespace /usr/bin/python3 /usr/bin/s        0    12068    12316    14484 
50214 codespace ./cli mmap images/4096x4096        0   196708   236082   394536 
50203 codespace ./cli mmap images/4096x4096        0   196712   236086   394540 
50205 codespace ./cli mmap images/4096x4096        0   196708   236087   394628 
50212 codespace ./cli mmap images/4096x4096        0   196712   236088   394600 
50208 codespace ./cli mmap images/4096x4096        0   196712   236091   394636 
%CPU %MEM ARGS Wed Sep 30 21:08:53 UTC 2026
 0.0  0.0 grep --color=auto ./cli       1  1780
19.3  4.8 ./cli mmap images/4096x4096   1 394536
19.7  4.8 ./cli mmap images/4096x4096   0 394600
19.8  4.8 ./cli mmap images/4096x4096   1 394540
20.1  4.8 ./cli mmap images/4096x4096   1 394628
20.2  4.8 ./cli mmap images/4096x4096   1 394636
  PID User     Command                         Swap      USS      PSS      RSS 
53017 codespace /usr/bin/python3 /usr/bin/s        0    12072    12322    14488 
50214 codespace ./cli mmap images/4096x4096        0   196708   236082   394536 
50203 codespace ./cli mmap images/4096x4096        0   196712   236086   394540 
50205 codespace ./cli mmap images/4096x4096        0   196708   236087   394628 
50212 codespace ./cli mmap images/4096x4096        0   196712   236088   394600 
50208 codespace ./cli mmap images/4096x4096        0   196712   236091   394636 
%CPU %MEM ARGS Wed Sep 30 21:08:54 UTC 2026
 0.0  0.0 grep --color=auto ./cli       0  2160
19.3  4.8 ./cli mmap images/4096x4096   0 394536
19.7  4.8 ./cli mmap images/4096x4096   0 394600
19.8  4.8 ./cli mmap images/4096x4096   1 394540
20.1  4.8 ./cli mmap images/4096x4096   0 394628
20.2  4.8 ./cli mmap images/4096x4096   0 394636
  PID User     Command                         Swap      USS      PSS      RSS 
53023 codespace /usr/bin/python3 /usr/bin/s        0    12060    12322    14528 
50214 codespace ./cli mmap images/4096x4096        0   196708   236082   394536 
50203 codespace ./cli mmap images/4096x4096        0   196712   236086   394540 
50205 codespace ./cli mmap images/4096x4096        0   196708   236087   394628 
50212 codespace ./cli mmap images/4096x4096        0   196712   236088   394600 
50208 codespace ./cli mmap images/4096x4096        0   196712   236092   394636 
%CPU %MEM ARGS Wed Sep 30 21:08:55 UTC 2026
 0.0  0.0 grep --color=auto ./cli       0  1824
19.3  4.8 ./cli mmap images/4096x4096   0 394536
19.7  4.8 ./cli mmap images/4096x4096   0 394600
19.8  4.8 ./cli mmap images/4096x4096   0 394540
20.1  4.8 ./cli mmap images/4096x4096   0 394628
20.2  4.8 ./cli mmap images/4096x4096   0 394636
  PID User     Command                         Swap      USS      PSS      RSS 
53035 codespace /usr/bin/python3 /usr/bin/s        0    12060    12350    14568 
50214 codespace ./cli mmap images/4096x4096        0   196708   236082   394536 
50203 codespace ./cli mmap images/4096x4096        0   196712   236086   394540 
50205 codespace ./cli mmap images/4096x4096        0   196708   236087   394628 
50212 codespace ./cli mmap images/4096x4096        0   196712   236088   394600 
50208 codespace ./cli mmap images/4096x4096        0   196712   236092   394636 
%CPU %MEM ARGS Wed Sep 30 21:08:56 UTC 2026
 0.0  0.0 grep --color=auto ./cli       0  2200
19.3  4.8 ./cli mmap images/4096x4096   1 394536
19.6  4.8 ./cli mmap images/4096x4096   0 394600
19.8  4.8 ./cli mmap images/4096x4096   0 394540
20.1  4.8 ./cli mmap images/4096x4096   0 394628
20.2  4.8 ./cli mmap images/4096x4096   0 394636
  PID User     Command                         Swap      USS      PSS      RSS 
53041 codespace /usr/bin/python3 /usr/bin/s        0    12032    12322    14540 
50214 codespace ./cli mmap images/4096x4096        0   196708   236082   394536 
50203 codespace ./cli mmap images/4096x4096        0   196712   236085   394540 
50212 codespace ./cli mmap images/4096x4096        0   196712   236086   394600 
50205 codespace ./cli mmap images/4096x4096        0   196708   236087   394628 
50208 codespace ./cli mmap images/4096x4096        0   196712   236092   394636 
%CPU %MEM ARGS Wed Sep 30 21:08:57 UTC 2026
 0.0  0.0 grep --color=auto ./cli       0  2160
19.3  4.8 ./cli mmap images/4096x4096   1 394536
19.6  4.8 ./cli mmap images/4096x4096   0 394600
19.8  4.8 ./cli mmap images/4096x4096   0 394540
20.1  4.8 ./cli mmap images/4096x4096   0 394628
20.1  4.8 ./cli mmap images/4096x4096   0 394636
  PID User     Command                         Swap      USS      PSS      RSS 
53071 codespace /usr/bin/python3 /usr/bin/s        0    12068    12316    14504 
50214 codespace ./cli mmap images/4096x4096        0   196708   236081   394536 
50203 codespace ./cli mmap images/4096x4096        0   196712   236085   394540 
50205 codespace ./cli mmap images/4096x4096        0   196708   236087   394628 
50212 codespace ./cli mmap images/4096x4096        0   196712   236088   394600 
50208 codespace ./cli mmap images/4096x4096        0   196712   236091   394636 
%CPU %MEM ARGS Wed Sep 30 21:08:59 UTC 2026
 0.0  0.0 grep --color=auto ./cli       1  2176
19.4  4.8 ./cli mmap images/4096x4096   1 394536
19.6  4.8 ./cli mmap images/4096x4096   0 394600
19.7  4.8 ./cli mmap images/4096x4096   1 394540
20.0  4.8 ./cli mmap images/4096x4096   1 394628
20.1  4.8 ./cli mmap images/4096x4096   1 394636
  PID User     Command                         Swap      USS      PSS      RSS 
53084 codespace /usr/bin/python3 /usr/bin/s        0    12068    12318    14484 
50214 codespace ./cli mmap images/4096x4096        0   196708   236082   394536 
50203 codespace ./cli mmap images/4096x4096        0   196712   236086   394540 
50205 codespace ./cli mmap images/4096x4096        0   196708   236086   394628 
50212 codespace ./cli mmap images/4096x4096        0   196712   236088   394600 
50208 codespace ./cli mmap images/4096x4096        0   196712   236091   394636 
%CPU %MEM ARGS Wed Sep 30 21:09:00 UTC 2026
 0.0  0.0 grep --color=auto ./cli       0  2160
19.4  4.8 ./cli mmap images/4096x4096   0 394536
19.7  4.8 ./cli mmap images/4096x4096   1 394600
19.7  4.8 ./cli mmap images/4096x4096   1 394540
20.0  4.8 ./cli mmap images/4096x4096   0 394628
20.1  4.8 ./cli mmap images/4096x4096   0 394636
  PID User     Command                         Swap      USS      PSS      RSS 
53096 codespace /usr/bin/python3 /usr/bin/s        0    12064    12334    14480 
50214 codespace ./cli mmap images/4096x4096        0   196708   236082   394536 
50203 codespace ./cli mmap images/4096x4096        0   196712   236086   394540 
50205 codespace ./cli mmap images/4096x4096        0   196708   236086   394628 
50212 codespace ./cli mmap images/4096x4096        0   196712   236088   394600 
50208 codespace ./cli mmap images/4096x4096        0   196712   236091   394636 
%CPU %MEM ARGS Wed Sep 30 21:09:01 UTC 2026
 0.0  0.0 grep --color=auto ./cli       0  2136
19.3  4.8 ./cli mmap images/4096x4096   0 394536
19.7  4.8 ./cli mmap images/4096x4096   0 394600
19.7  4.8 ./cli mmap images/4096x4096   0 394540
20.0  4.8 ./cli mmap images/4096x4096   1 394628
20.1  4.8 ./cli mmap images/4096x4096   0 394636
  PID User     Command                         Swap      USS      PSS      RSS 
53102 codespace /usr/bin/python3 /usr/bin/s        0    12068    12315    14484 
50214 codespace ./cli mmap images/4096x4096        0   196708   236082   394536 
50203 codespace ./cli mmap images/4096x4096        0   196712   236086   394540 
50205 codespace ./cli mmap images/4096x4096        0   196708   236087   394628 
50212 codespace ./cli mmap images/4096x4096        0   196712   236088   394600 
50208 codespace ./cli mmap images/4096x4096        0   196712   236091   394636 
%CPU %MEM ARGS Wed Sep 30 21:09:02 UTC 2026
 0.0  0.0 grep --color=auto ./cli       1  2248
19.3  4.8 ./cli mmap images/4096x4096   0 394536
19.7  4.8 ./cli mmap images/4096x4096   0 394600
19.7  4.8 ./cli mmap images/4096x4096   0 394540
20.0  4.8 ./cli mmap images/4096x4096   0 394628
20.1  4.8 ./cli mmap images/4096x4096   0 394636
  PID User     Command                         Swap      USS      PSS      RSS 
53108 codespace /usr/bin/python3 /usr/bin/s        0    12064    12311    14480 
50214 codespace ./cli mmap images/4096x4096        0   196708   236082   394536 
50203 codespace ./cli mmap images/4096x4096        0   196712   236086   394540 
50205 codespace ./cli mmap images/4096x4096        0   196708   236087   394628 
50212 codespace ./cli mmap images/4096x4096        0   196712   236088   394600 
50208 codespace ./cli mmap images/4096x4096        0   196712   236091   394636 
%CPU %MEM ARGS Wed Sep 30 21:09:02 UTC 2026
 0.0  0.0 grep --color=auto ./cli       1  2184
19.3  4.8 ./cli mmap images/4096x4096   0 394536
19.7  4.8 ./cli mmap images/4096x4096   0 394600
19.7  4.8 ./cli mmap images/4096x4096   1 394540
20.0  4.8 ./cli mmap images/4096x4096   0 394628
20.1  4.8 ./cli mmap images/4096x4096   0 394636
  PID User     Command                         Swap      USS      PSS      RSS 
53120 codespace /usr/bin/python3 /usr/bin/s        0    12060    12315    14476 
50214 codespace ./cli mmap images/4096x4096        0   196708   236082   394536 
50203 codespace ./cli mmap images/4096x4096        0   196712   236086   394540 
50205 codespace ./cli mmap images/4096x4096        0   196708   236087   394628 
50212 codespace ./cli mmap images/4096x4096        0   196712   236088   394600 
50208 codespace ./cli mmap images/4096x4096        0   196712   236091   394636 
%CPU %MEM ARGS Wed Sep 30 21:09:03 UTC 2026
 0.0  0.0 grep --color=auto ./cli       1  2248
19.4  4.8 ./cli mmap images/4096x4096   1 394536
19.7  4.8 ./cli mmap images/4096x4096   0 394600
19.7  4.8 ./cli mmap images/4096x4096   0 394540
20.0  4.8 ./cli mmap images/4096x4096   0 394628
20.1  4.8 ./cli mmap images/4096x4096   1 394636
  PID User     Command                         Swap      USS      PSS      RSS 
53132 codespace /usr/bin/python3 /usr/bin/s        0    12060    12320    14512 
50214 codespace ./cli mmap images/4096x4096        0   196708   236081   394536 
50203 codespace ./cli mmap images/4096x4096        0   196712   236086   394540 
50205 codespace ./cli mmap images/4096x4096        0   196708   236087   394628 
50212 codespace ./cli mmap images/4096x4096        0   196712   236088   394600 
50208 codespace ./cli mmap images/4096x4096        0   196712   236091   394636 
%CPU %MEM ARGS Wed Sep 30 21:09:04 UTC 2026
 0.0  0.0 grep --color=auto ./cli       1  2192
19.4  4.8 ./cli mmap images/4096x4096   1 394536
19.7  4.8 ./cli mmap images/4096x4096   0 394600
19.7  4.8 ./cli mmap images/4096x4096   1 394540
20.0  4.8 ./cli mmap images/4096x4096   1 394628
20.1  4.8 ./cli mmap images/4096x4096   1 394636
  PID User     Command                         Swap      USS      PSS      RSS 
53144 codespace /usr/bin/python3 /usr/bin/s        0    12064    12322    14540 
50214 codespace ./cli mmap images/4096x4096        0   196708   236082   394536 
50203 codespace ./cli mmap images/4096x4096        0   196712   236086   394540 
50205 codespace ./cli mmap images/4096x4096        0   196708   236087   394628 
50212 codespace ./cli mmap images/4096x4096        0   196712   236088   394600 
50208 codespace ./cli mmap images/4096x4096        0   196712   236091   394636 
%CPU %MEM ARGS Wed Sep 30 21:09:05 UTC 2026
 0.0  0.0 grep --color=auto ./cli       0  2344
19.4  4.8 ./cli mmap images/4096x4096   0 394536
19.7  4.8 ./cli mmap images/4096x4096   0 394600
19.7  4.8 ./cli mmap images/4096x4096   0 394540
20.0  4.8 ./cli mmap images/4096x4096   1 394628
20.1  4.8 ./cli mmap images/4096x4096   0 394636
  PID User     Command                         Swap      USS      PSS      RSS 
53150 codespace /usr/bin/python3 /usr/bin/s        0    12064    12315    14480 
50214 codespace ./cli mmap images/4096x4096        0   196708   236082   394536 
50203 codespace ./cli mmap images/4096x4096        0   196712   236086   394540 
50205 codespace ./cli mmap images/4096x4096        0   196708   236087   394628 
50212 codespace ./cli mmap images/4096x4096        0   196712   236088   394600 
50208 codespace ./cli mmap images/4096x4096        0   196712   236091   394636 
%CPU %MEM ARGS Wed Sep 30 21:09:06 UTC 2026
 0.0  0.0 grep --color=auto ./cli       0  2136
19.4  4.8 ./cli mmap images/4096x4096   0 394536
19.7  4.8 ./cli mmap images/4096x4096   0 394600
19.7  4.8 ./cli mmap images/4096x4096   0 394540
20.0  4.8 ./cli mmap images/4096x4096   1 394628
20.0  4.8 ./cli mmap images/4096x4096   0 394636
  PID User     Command                         Swap      USS      PSS      RSS 
53159 codespace /usr/bin/python3 /usr/bin/s        0    12064    12339    14572 
50214 codespace ./cli mmap images/4096x4096        0   196708   236082   394536 
50203 codespace ./cli mmap images/4096x4096        0   196712   236085   394540 
50205 codespace ./cli mmap images/4096x4096        0   196708   236087   394628 
50212 codespace ./cli mmap images/4096x4096        0   196712   236088   394600 
50208 codespace ./cli mmap images/4096x4096        0   196712   236091   394636 
%CPU %MEM ARGS Wed Sep 30 21:09:08 UTC 2026
 0.0  0.0 grep --color=auto ./cli       1  2156
19.4  4.8 ./cli mmap images/4096x4096   1 394536
19.7  4.8 ./cli mmap images/4096x4096   1 394600
19.7  4.8 ./cli mmap images/4096x4096   1 394540
20.0  4.8 ./cli mmap images/4096x4096   1 394636
20.0  4.8 ./cli mmap images/4096x4096   0 394628
  PID User     Command                         Swap      USS      PSS      RSS 
53186 codespace /usr/bin/python3 /usr/bin/s        0    12064    12314    14480 
50214 codespace ./cli mmap images/4096x4096        0   196708   236082   394536 
50203 codespace ./cli mmap images/4096x4096        0   196712   236086   394540 
50205 codespace ./cli mmap images/4096x4096        0   196708   236086   394628 
50212 codespace ./cli mmap images/4096x4096        0   196712   236088   394600 
50208 codespace ./cli mmap images/4096x4096        0   196712   236091   394636 
%CPU %MEM ARGS Wed Sep 30 21:09:08 UTC 2026
 0.0  0.0 grep --color=auto ./cli       0  2192
19.4  4.8 ./cli mmap images/4096x4096   1 394536
19.7  4.8 ./cli mmap images/4096x4096   1 394600
19.7  4.8 ./cli mmap images/4096x4096   0 394540
20.0  4.8 ./cli mmap images/4096x4096   1 394636
20.0  4.8 ./cli mmap images/4096x4096   0 394628
  PID User     Command                         Swap      USS      PSS      RSS 
53192 codespace /usr/bin/python3 /usr/bin/s        0    12068    12324    14548 
50214 codespace ./cli mmap images/4096x4096        0   196708   236082   394536 
50203 codespace ./cli mmap images/4096x4096        0   196712   236085   394540 
50205 codespace ./cli mmap images/4096x4096        0   196708   236087   394628 
50212 codespace ./cli mmap images/4096x4096        0   196712   236087   394600 
50208 codespace ./cli mmap images/4096x4096        0   196712   236091   394636 
%CPU %MEM ARGS Wed Sep 30 21:09:09 UTC 2026
 0.0  0.0 grep --color=auto ./cli       0  2164
19.4  4.8 ./cli mmap images/4096x4096   1 394536
19.6  4.8 ./cli mmap images/4096x4096   0 394600
19.7  4.8 ./cli mmap images/4096x4096   0 394540
20.0  4.8 ./cli mmap images/4096x4096   0 394636
20.0  4.8 ./cli mmap images/4096x4096   0 394628
  PID User     Command                         Swap      USS      PSS      RSS 
53210 codespace /usr/bin/python3 /usr/bin/s        0    12064    12348    14624 
50214 codespace ./cli mmap images/4096x4096        0   196708   236082   394536 
50203 codespace ./cli mmap images/4096x4096        0   196712   236086   394540 
50205 codespace ./cli mmap images/4096x4096        0   196708   236087   394628 
50212 codespace ./cli mmap images/4096x4096        0   196712   236088   394600 
50208 codespace ./cli mmap images/4096x4096        0   196712   236092   394636 
%CPU %MEM ARGS Wed Sep 30 21:09:10 UTC 2026
 0.0  0.0 grep --color=auto ./cli       1  2128
19.4  4.8 ./cli mmap images/4096x4096   1 394536
19.7  4.8 ./cli mmap images/4096x4096   1 394540
19.7  4.8 ./cli mmap images/4096x4096   0 394600
20.0  4.8 ./cli mmap images/4096x4096   1 394636
20.0  4.8 ./cli mmap images/4096x4096   1 394628
  PID User     Command                         Swap      USS      PSS      RSS 
53216 codespace /usr/bin/python3 /usr/bin/s        0    12056    12339    14584 
50214 codespace ./cli mmap images/4096x4096        0   196708   236082   394536 
50203 codespace ./cli mmap images/4096x4096        0   196712   236086   394540 
50205 codespace ./cli mmap images/4096x4096        0   196708   236087   394628 
50212 codespace ./cli mmap images/4096x4096        0   196712   236088   394600 
50208 codespace ./cli mmap images/4096x4096        0   196712   236092   394636 
%CPU %MEM ARGS Wed Sep 30 21:09:12 UTC 2026
 0.0  0.0 grep --color=auto ./cli       1  2128
19.4  4.8 ./cli mmap images/4096x4096   1 394536
19.6  4.8 ./cli mmap images/4096x4096   0 394540
19.7  4.8 ./cli mmap images/4096x4096   1 394600
20.0  4.8 ./cli mmap images/4096x4096   0 394636
20.0  4.8 ./cli mmap images/4096x4096   0 394628
  PID User     Command                         Swap      USS      PSS      RSS 
53228 codespace /usr/bin/python3 /usr/bin/s        0    12016    12273    14500 
50214 codespace ./cli mmap images/4096x4096        0   196708   236082   394536 
50203 codespace ./cli mmap images/4096x4096        0   196712   236086   394540 
50205 codespace ./cli mmap images/4096x4096        0   196708   236087   394628 
50212 codespace ./cli mmap images/4096x4096        0   196712   236088   394600 
50208 codespace ./cli mmap images/4096x4096        0   196712   236091   394636 
%CPU %MEM ARGS Wed Sep 30 21:09:13 UTC 2026
 0.0  0.0 grep --color=auto ./cli       0  2152
19.3  4.8 ./cli mmap images/4096x4096   0 394536
19.6  4.8 ./cli mmap images/4096x4096   0 394540
19.7  4.8 ./cli mmap images/4096x4096   0 394600
20.0  4.8 ./cli mmap images/4096x4096   0 394636
20.0  4.8 ./cli mmap images/4096x4096   1 394628
  PID User     Command                         Swap      USS      PSS      RSS 
53234 codespace /usr/bin/python3 /usr/bin/s        0    12064    12320    14548 
50214 codespace ./cli mmap images/4096x4096        0   196708   236083   394536 
50203 codespace ./cli mmap images/4096x4096        0   196712   236086   394540 
50205 codespace ./cli mmap images/4096x4096        0   196708   236086   394628 
50212 codespace ./cli mmap images/4096x4096        0   196712   236088   394600 
50208 codespace ./cli mmap images/4096x4096        0   196712   236091   394636 
%CPU %MEM ARGS Wed Sep 30 21:09:14 UTC 2026
 0.0  0.0 grep --color=auto ./cli       0  2248
19.4  4.8 ./cli mmap images/4096x4096   0 394536
19.6  4.8 ./cli mmap images/4096x4096   1 394540
19.7  4.8 ./cli mmap images/4096x4096   0 394600
20.0  4.8 ./cli mmap images/4096x4096   0 394636
20.0  4.8 ./cli mmap images/4096x4096   1 394628
  PID User     Command                         Swap      USS      PSS      RSS 
53246 codespace /usr/bin/python3 /usr/bin/s        0    12068    12339    14516 
50214 codespace ./cli mmap images/4096x4096        0   196708   236082   394536 
50203 codespace ./cli mmap images/4096x4096        0   196712   236086   394540 
50205 codespace ./cli mmap images/4096x4096        0   196708   236087   394628 
50212 codespace ./cli mmap images/4096x4096        0   196712   236088   394600 
50208 codespace ./cli mmap images/4096x4096        0   196712   236092   394636 
%CPU %MEM ARGS Wed Sep 30 21:09:15 UTC 2026
 0.0  0.0 grep --color=auto ./cli       1  2184
19.4  4.8 ./cli mmap images/4096x4096   0 394536
19.6  4.8 ./cli mmap images/4096x4096   0 394540
19.7  4.8 ./cli mmap images/4096x4096   0 394600
20.0  4.8 ./cli mmap images/4096x4096   1 394636
20.1  4.8 ./cli mmap images/4096x4096   1 394628
  PID User     Command                         Swap      USS      PSS      RSS 
53258 codespace /usr/bin/python3 /usr/bin/s        0    12064    12316    14480 
50214 codespace ./cli mmap images/4096x4096        0   196708   236082   394536 
50203 codespace ./cli mmap images/4096x4096        0   196712   236086   394540 
50205 codespace ./cli mmap images/4096x4096        0   196708   236087   394628 
50212 codespace ./cli mmap images/4096x4096        0   196712   236088   394600 
50208 codespace ./cli mmap images/4096x4096        0   196712   236091   394636 
%CPU %MEM ARGS Wed Sep 30 21:09:15 UTC 2026
 0.0  0.0 grep --color=auto ./cli       0  2152
19.3  4.8 ./cli mmap images/4096x4096   0 394536
19.6  4.8 ./cli mmap images/4096x4096   0 394540
19.7  4.8 ./cli mmap images/4096x4096   0 394600
20.0  4.8 ./cli mmap images/4096x4096   0 394636
20.1  4.8 ./cli mmap images/4096x4096   0 394628
  PID User     Command                         Swap      USS      PSS      RSS 
53264 codespace /usr/bin/python3 /usr/bin/s        0    12068    12327    14552 
50203 codespace ./cli mmap images/4096x4096        0   196712   236080   394540 
50214 codespace ./cli mmap images/4096x4096        0   196708   236082   394536 
50205 codespace ./cli mmap images/4096x4096        0   196708   236084   394628 
50212 codespace ./cli mmap images/4096x4096        0   196712   236088   394600 
50208 codespace ./cli mmap images/4096x4096        0   196712   236091   394636 
%CPU %MEM ARGS Wed Sep 30 21:09:16 UTC 2026
 0.0  0.0 grep --color=auto ./cli       0  2180
19.3  4.8 ./cli mmap images/4096x4096   0 394536
19.6  4.8 ./cli mmap images/4096x4096   0 394540
19.7  4.8 ./cli mmap images/4096x4096   0 394600
20.0  4.8 ./cli mmap images/4096x4096   0 394636
20.1  4.8 ./cli mmap images/4096x4096   1 394628
  PID User     Command                         Swap      USS      PSS      RSS 
53275 codespace /usr/bin/python3 /usr/bin/s        0    12068    12316    14484 
50214 codespace ./cli mmap images/4096x4096        0   196708   236082   394536 
50203 codespace ./cli mmap images/4096x4096        0   196712   236086   394540 
50205 codespace ./cli mmap images/4096x4096        0   196708   236087   394628 
50212 codespace ./cli mmap images/4096x4096        0   196712   236088   394600 
50208 codespace ./cli mmap images/4096x4096        0   196712   236091   394636 
%CPU %MEM ARGS Wed Sep 30 21:09:17 UTC 2026
 0.0  0.0 grep --color=auto ./cli       0  2344
19.3  4.8 ./cli mmap images/4096x4096   0 394536
19.6  4.8 ./cli mmap images/4096x4096   0 394540
19.7  4.8 ./cli mmap images/4096x4096   0 394600
20.0  4.8 ./cli mmap images/4096x4096   1 394636
20.1  4.8 ./cli mmap images/4096x4096   0 394628
  PID User     Command                         Swap      USS      PSS      RSS 
53281 codespace /usr/bin/python3 /usr/bin/s        0    12068    12325    14552 
50214 codespace ./cli mmap images/4096x4096        0   196708   236076   394536 
50203 codespace ./cli mmap images/4096x4096        0   196712   236086   394540 
50205 codespace ./cli mmap images/4096x4096        0   196708   236086   394628 
50212 codespace ./cli mmap images/4096x4096        0   196712   236088   394600 
50208 codespace ./cli mmap images/4096x4096        0   196712   236091   394636 
%CPU %MEM ARGS Wed Sep 30 21:09:18 UTC 2026
 0.0  0.0 grep --color=auto ./cli       1  2152
19.3  4.8 ./cli mmap images/4096x4096   1 394536
19.6  4.8 ./cli mmap images/4096x4096   0 394540
19.7  4.8 ./cli mmap images/4096x4096   0 394600
20.0  4.8 ./cli mmap images/4096x4096   1 394636
20.1  4.8 ./cli mmap images/4096x4096   0 394628
  PID User     Command                         Swap      USS      PSS      RSS 
53313 codespace /usr/bin/python3 /usr/bin/s        0    12064    12341    14592 
50214 codespace ./cli mmap images/4096x4096        0   196708   236082   394536 
50203 codespace ./cli mmap images/4096x4096        0   196712   236086   394540 
50205 codespace ./cli mmap images/4096x4096        0   196708   236087   394628 
50212 codespace ./cli mmap images/4096x4096        0   196712   236088   394600 
50208 codespace ./cli mmap images/4096x4096        0   196712   236091   394636 
%CPU %MEM ARGS Wed Sep 30 21:09:19 UTC 2026
 0.0  0.0 grep --color=auto ./cli       1  2200
19.3  4.8 ./cli mmap images/4096x4096   0 394536
19.6  4.8 ./cli mmap images/4096x4096   1 394540
19.7  4.8 ./cli mmap images/4096x4096   0 394600
20.0  4.8 ./cli mmap images/4096x4096   0 394636
20.0  4.8 ./cli mmap images/4096x4096   0 394628
  PID User     Command                         Swap      USS      PSS      RSS 
53319 codespace /usr/bin/python3 /usr/bin/s        0    12060    12308    14476 
50214 codespace ./cli mmap images/4096x4096        0   196708   236082   394536 
50203 codespace ./cli mmap images/4096x4096        0   196712   236086   394540 
50205 codespace ./cli mmap images/4096x4096        0   196708   236086   394628 
50212 codespace ./cli mmap images/4096x4096        0   196712   236088   394600 
50208 codespace ./cli mmap images/4096x4096        0   196712   236091   394636 
%CPU %MEM ARGS Wed Sep 30 21:09:20 UTC 2026
 0.0  0.0 grep --color=auto ./cli       0  2212
19.3  4.8 ./cli mmap images/4096x4096   0 394536
19.6  4.8 ./cli mmap images/4096x4096   0 394540
19.7  4.8 ./cli mmap images/4096x4096   1 394600
20.0  4.8 ./cli mmap images/4096x4096   0 394636
20.0  4.8 ./cli mmap images/4096x4096   0 394628
  PID User     Command                         Swap      USS      PSS      RSS 
53334 codespace /usr/bin/python3 /usr/bin/s        0    12072    12344    14520 
50214 codespace ./cli mmap images/4096x4096        0   196708   236082   394536 
50203 codespace ./cli mmap images/4096x4096        0   196712   236086   394540 
50205 codespace ./cli mmap images/4096x4096        0   196708   236087   394628 
50212 codespace ./cli mmap images/4096x4096        0   196712   236088   394600 
50208 codespace ./cli mmap images/4096x4096        0   196712   236092   394636 
%CPU %MEM ARGS Wed Sep 30 21:09:22 UTC 2026
 0.0  0.0 grep --color=auto ./cli       0  2248
19.3  4.8 ./cli mmap images/4096x4096   0 394536
19.6  4.8 ./cli mmap images/4096x4096   0 394540
19.7  4.8 ./cli mmap images/4096x4096   1 394600
20.0  4.8 ./cli mmap images/4096x4096   0 394636
20.0  4.8 ./cli mmap images/4096x4096   0 394628
  PID User     Command                         Swap      USS      PSS      RSS 
53343 codespace /usr/bin/python3 /usr/bin/s        0    12064    12324    14548 
50214 codespace ./cli mmap images/4096x4096        0   196708   236081   394536 
50203 codespace ./cli mmap images/4096x4096        0   196712   236086   394540 
50205 codespace ./cli mmap images/4096x4096        0   196708   236086   394628 
50212 codespace ./cli mmap images/4096x4096        0   196712   236088   394600 
50208 codespace ./cli mmap images/4096x4096        0   196712   236091   394636 
%CPU %MEM ARGS Wed Sep 30 21:09:23 UTC 2026
 0.0  0.0 grep --color=auto ./cli       1  2176
19.3  4.8 ./cli mmap images/4096x4096   0 394536
19.6  4.8 ./cli mmap images/4096x4096   0 394540
19.7  4.8 ./cli mmap images/4096x4096   0 394600
20.0  4.8 ./cli mmap images/4096x4096   0 394636
20.0  4.8 ./cli mmap images/4096x4096   1 394628
  PID User     Command                         Swap      USS      PSS      RSS 
53350 codespace /usr/bin/python3 /usr/bin/s        0    12064    12311    14480 
50214 codespace ./cli mmap images/4096x4096        0   196708   236082   394536 
50203 codespace ./cli mmap images/4096x4096        0   196712   236085   394540 
50205 codespace ./cli mmap images/4096x4096        0   196708   236087   394628 
50212 codespace ./cli mmap images/4096x4096        0   196712   236088   394600 
50208 codespace ./cli mmap images/4096x4096        0   196712   236091   394636 
%CPU %MEM ARGS Wed Sep 30 21:09:24 UTC 2026
 0.0  0.0 grep --color=auto ./cli       0  2208
19.3  4.8 ./cli mmap images/4096x4096   1 394536
19.6  4.8 ./cli mmap images/4096x4096   0 394540
19.7  4.8 ./cli mmap images/4096x4096   0 394600
20.0  4.8 ./cli mmap images/4096x4096   0 394636
20.0  4.8 ./cli mmap images/4096x4096   0 394628
  PID User     Command                         Swap      USS      PSS      RSS 
53361 codespace /usr/bin/python3 /usr/bin/s        0    12064    12325    14516 
50214 codespace ./cli mmap images/4096x4096        0   196708   236082   394536 
50203 codespace ./cli mmap images/4096x4096        0   196712   236086   394540 
50205 codespace ./cli mmap images/4096x4096        0   196708   236087   394628 
50212 codespace ./cli mmap images/4096x4096        0   196712   236088   394600 
50208 codespace ./cli mmap images/4096x4096        0   196712   236092   394636 
%CPU %MEM ARGS Wed Sep 30 21:09:25 UTC 2026
 0.0  0.0 grep --color=auto ./cli       0  2184
19.4  4.8 ./cli mmap images/4096x4096   0 394536
19.5  4.8 ./cli mmap images/4096x4096   1 394540
19.7  4.8 ./cli mmap images/4096x4096   1 394600
19.9  4.8 ./cli mmap images/4096x4096   0 394636
20.0  4.8 ./cli mmap images/4096x4096   0 394628
  PID User     Command                         Swap      USS      PSS      RSS 
53367 codespace /usr/bin/python3 /usr/bin/s        0    12064    12316    14480 
50214 codespace ./cli mmap images/4096x4096        0   196708   236081   394536 
50203 codespace ./cli mmap images/4096x4096        0   196712   236085   394540 
50205 codespace ./cli mmap images/4096x4096        0   196708   236087   394628 
50212 codespace ./cli mmap images/4096x4096        0   196712   236088   394600 
50208 codespace ./cli mmap images/4096x4096        0   196712   236091   394636 
%CPU %MEM ARGS Wed Sep 30 21:09:26 UTC 2026
 0.0  0.0 grep --color=auto ./cli       0  1504
19.4  4.8 ./cli mmap images/4096x4096   0 394536
19.5  4.8 ./cli mmap images/4096x4096   0 394540
19.7  4.8 ./cli mmap images/4096x4096   0 394600
19.9  4.8 ./cli mmap images/4096x4096   0 394636
20.0  4.8 ./cli mmap images/4096x4096   0 394628
  PID User     Command                         Swap      USS      PSS      RSS 
53379 codespace /usr/bin/python3 /usr/bin/s        0    12064    12347    14624 
50214 codespace ./cli mmap images/4096x4096        0   196708   236082   394536 
50203 codespace ./cli mmap images/4096x4096        0   196712   236085   394540 
50205 codespace ./cli mmap images/4096x4096        0   196708   236087   394628 
50212 codespace ./cli mmap images/4096x4096        0   196712   236088   394600 
50208 codespace ./cli mmap images/4096x4096        0   196712   236092   394636 
%CPU %MEM ARGS Wed Sep 30 21:09:27 UTC 2026
 0.0  0.0 grep --color=auto ./cli       1  2184
19.4  4.8 ./cli mmap images/4096x4096   0 394536
19.5  4.8 ./cli mmap images/4096x4096   0 394540
19.7  4.8 ./cli mmap images/4096x4096   0 394600
19.9  4.8 ./cli mmap images/4096x4096   0 394636
20.0  4.8 ./cli mmap images/4096x4096   0 394628
  PID User     Command                         Swap      USS      PSS      RSS 
53391 codespace /usr/bin/python3 /usr/bin/s        0    12064    12316    14480 
50214 codespace ./cli mmap images/4096x4096        0   196708   236082   394536 
50203 codespace ./cli mmap images/4096x4096        0   196712   236086   394540 
50205 codespace ./cli mmap images/4096x4096        0   196708   236087   394628 
50212 codespace ./cli mmap images/4096x4096        0   196712   236088   394600 
50208 codespace ./cli mmap images/4096x4096        0   196712   236091   394636 
%CPU %MEM ARGS Wed Sep 30 21:09:27 UTC 2026
 0.0  0.0 grep --color=auto ./cli       0  2292
19.4  4.8 ./cli mmap images/4096x4096   0 394536
19.5  4.8 ./cli mmap images/4096x4096   0 394540
19.7  4.8 ./cli mmap images/4096x4096   0 394600
19.9  4.8 ./cli mmap images/4096x4096   0 394636
20.0  4.8 ./cli mmap images/4096x4096   1 394628
  PID User     Command                         Swap      USS      PSS      RSS 
53403 codespace /usr/bin/python3 /usr/bin/s        0    12072    12353    14520 
50214 codespace ./cli mmap images/4096x4096        0   196708   236082   394536 
50203 codespace ./cli mmap images/4096x4096        0   196712   236086   394540 
50205 codespace ./cli mmap images/4096x4096        0   196708   236087   394628 
50212 codespace ./cli mmap images/4096x4096        0   196712   236088   394600 
50208 codespace ./cli mmap images/4096x4096        0   196712   236092   394636 
%CPU %MEM ARGS Wed Sep 30 21:09:29 UTC 2026
 0.0  0.0 grep --color=auto ./cli       0  2164
19.3  4.8 ./cli mmap images/4096x4096   0 394536
19.5  4.8 ./cli mmap images/4096x4096   0 394540
19.7  4.8 ./cli mmap images/4096x4096   0 394600
19.9  4.8 ./cli mmap images/4096x4096   1 394636
20.0  4.8 ./cli mmap images/4096x4096   0 394628
  PID User     Command                         Swap      USS      PSS      RSS 
53428 codespace /usr/bin/python3 /usr/bin/s        0    12072    12319    14488 
50214 codespace ./cli mmap images/4096x4096        0   196708   236082   394536 
50203 codespace ./cli mmap images/4096x4096        0   196712   236086   394540 
50205 codespace ./cli mmap images/4096x4096        0   196708   236087   394628 
50212 codespace ./cli mmap images/4096x4096        0   196712   236088   394600 
50208 codespace ./cli mmap images/4096x4096        0   196712   236091   394636 
%CPU %MEM ARGS Wed Sep 30 21:09:30 UTC 2026
 0.0  0.0 grep --color=auto ./cli       1  2308
19.3  4.8 ./cli mmap images/4096x4096   1 394536
19.5  4.8 ./cli mmap images/4096x4096   1 394540
19.7  4.8 ./cli mmap images/4096x4096   0 394600
19.9  4.8 ./cli mmap images/4096x4096   1 394636
20.0  4.8 ./cli mmap images/4096x4096   1 394628
  PID User     Command                         Swap      USS      PSS      RSS 
53438 codespace /usr/bin/python3 /usr/bin/s        0    12060    12319    14528 
50214 codespace ./cli mmap images/4096x4096        0   196708   236082   394536 
50203 codespace ./cli mmap images/4096x4096        0   196712   236086   394540 
50205 codespace ./cli mmap images/4096x4096        0   196708   236087   394628 
50212 codespace ./cli mmap images/4096x4096        0   196712   236088   394600 
50208 codespace ./cli mmap images/4096x4096        0   196712   236092   394636 
%CPU %MEM ARGS Wed Sep 30 21:09:31 UTC 2026
 0.0  0.0 grep --color=auto ./cli       1  2168
19.3  4.8 ./cli mmap images/4096x4096   0 394536
19.5  4.8 ./cli mmap images/4096x4096   0 394540
19.7  4.8 ./cli mmap images/4096x4096   0 394600
19.9  4.8 ./cli mmap images/4096x4096   0 394636
20.0  4.8 ./cli mmap images/4096x4096   0 394628
  PID User     Command                         Swap      USS      PSS      RSS 
53446 codespace /usr/bin/python3 /usr/bin/s        0    12064    12333    14480 
50214 codespace ./cli mmap images/4096x4096        0   196708   236082   394536 
50203 codespace ./cli mmap images/4096x4096        0   196712   236086   394540 
50205 codespace ./cli mmap images/4096x4096        0   196708   236086   394628 
50212 codespace ./cli mmap images/4096x4096        0   196712   236088   394600 
50208 codespace ./cli mmap images/4096x4096        0   196712   236091   394636 
%CPU %MEM ARGS Wed Sep 30 21:09:32 UTC 2026
 0.0  0.0 grep --color=auto ./cli       0  2180
19.3  4.8 ./cli mmap images/4096x4096   0 394536
19.5  4.8 ./cli mmap images/4096x4096   0 394540
19.7  4.8 ./cli mmap images/4096x4096   0 394600
19.9  4.8 ./cli mmap images/4096x4096   0 394636
20.0  4.8 ./cli mmap images/4096x4096   1 394628
  PID User     Command                         Swap      USS      PSS      RSS 
53458 codespace /usr/bin/python3 /usr/bin/s        0    12056    12344    14624 
50214 codespace ./cli mmap images/4096x4096        0   196708   236081   394536 
50203 codespace ./cli mmap images/4096x4096        0   196712   236086   394540 
50205 codespace ./cli mmap images/4096x4096        0   196708   236087   394628 
50212 codespace ./cli mmap images/4096x4096        0   196712   236088   394600 
50208 codespace ./cli mmap images/4096x4096        0   196712   236092   394636 
%CPU %MEM ARGS Wed Sep 30 21:09:33 UTC 2026
 0.0  0.0 grep --color=auto ./cli       0  2156
19.3  4.8 ./cli mmap images/4096x4096   0 394536
19.5  4.8 ./cli mmap images/4096x4096   0 394540
19.7  4.8 ./cli mmap images/4096x4096   0 394600
19.9  4.8 ./cli mmap images/4096x4096   1 394636
20.0  4.8 ./cli mmap images/4096x4096   0 394628
  PID User     Command                         Swap      USS      PSS      RSS 
53475 codespace /usr/bin/python3 /usr/bin/s        0    12088    12378    14596 
50214 codespace ./cli mmap images/4096x4096        0   196708   236082   394536 
50203 codespace ./cli mmap images/4096x4096        0   196712   236086   394540 
50205 codespace ./cli mmap images/4096x4096        0   196708   236087   394628 
50212 codespace ./cli mmap images/4096x4096        0   196712   236088   394600 
50208 codespace ./cli mmap images/4096x4096        0   196712   236092   394636 
%CPU %MEM ARGS Wed Sep 30 21:09:34 UTC 2026
 0.0  0.0 grep --color=auto ./cli       1  2300
19.3  4.8 ./cli mmap images/4096x4096   0 394536
19.5  4.8 ./cli mmap images/4096x4096   0 394540
19.7  4.8 ./cli mmap images/4096x4096   0 394600
19.9  4.8 ./cli mmap images/4096x4096   0 394636
20.0  4.8 ./cli mmap images/4096x4096   0 394628
  PID User     Command                         Swap      USS      PSS      RSS 
53482 codespace /usr/bin/python3 /usr/bin/s        0    12060    12291    14528 
50214 codespace ./cli mmap images/4096x4096        0   196708   236077   394536 
50203 codespace ./cli mmap images/4096x4096        0   196712   236086   394540 
50212 codespace ./cli mmap images/4096x4096        0   196712   236086   394600 
50205 codespace ./cli mmap images/4096x4096        0   196708   236087   394628 
50208 codespace ./cli mmap images/4096x4096        0   196712   236091   394636 
%CPU %MEM ARGS Wed Sep 30 21:09:34 UTC 2026
 0.0  0.0 grep --color=auto ./cli       1  2176
19.3  4.8 ./cli mmap images/4096x4096   1 394536
19.5  4.8 ./cli mmap images/4096x4096   1 394540
19.7  4.8 ./cli mmap images/4096x4096   0 394600
19.9  4.8 ./cli mmap images/4096x4096   1 394636
20.0  4.8 ./cli mmap images/4096x4096   1 394628
  PID User     Command                         Swap      USS      PSS      RSS 
53493 codespace /usr/bin/python3 /usr/bin/s        0    12060    12340    14588 
50214 codespace ./cli mmap images/4096x4096        0   196708   236082   394536 
50203 codespace ./cli mmap images/4096x4096        0   196712   236086   394540 
50205 codespace ./cli mmap images/4096x4096        0   196708   236087   394628 
50212 codespace ./cli mmap images/4096x4096        0   196712   236088   394600 
50208 codespace ./cli mmap images/4096x4096        0   196712   236091   394636 
%CPU %MEM ARGS Wed Sep 30 21:09:35 UTC 2026
 0.0  0.0 grep --color=auto ./cli       0  2152
19.3  4.8 ./cli mmap images/4096x4096   1 394536
19.5  4.8 ./cli mmap images/4096x4096   0 394540
19.7  4.8 ./cli mmap images/4096x4096   0 394600
19.8  4.8 ./cli mmap images/4096x4096   0 394636
20.0  4.8 ./cli mmap images/4096x4096   1 394628
  PID User     Command                         Swap      USS      PSS      RSS 
53499 codespace /usr/bin/python3 /usr/bin/s        0    12068    12327    14520 
50214 codespace ./cli mmap images/4096x4096        0   196708   236082   394536 
50203 codespace ./cli mmap images/4096x4096        0   196712   236086   394540 
50205 codespace ./cli mmap images/4096x4096        0   196708   236087   394628 
50212 codespace ./cli mmap images/4096x4096        0   196712   236088   394600 
50208 codespace ./cli mmap images/4096x4096        0   196712   236091   394636 
%CPU %MEM ARGS Wed Sep 30 21:09:37 UTC 2026
 0.0  0.0 grep --color=auto ./cli       0  2160
19.3  4.8 ./cli mmap images/4096x4096   1 394536
19.5  4.8 ./cli mmap images/4096x4096   0 394540
19.7  4.8 ./cli mmap images/4096x4096   1 394600
19.8  4.8 ./cli mmap images/4096x4096   1 394636
20.0  4.8 ./cli mmap images/4096x4096   1 394628
  PID User     Command                         Swap      USS      PSS      RSS 
53510 codespace /usr/bin/python3 /usr/bin/s        0    12064    12311    14516 
50214 codespace ./cli mmap images/4096x4096        0   196708   236081   394536 
50203 codespace ./cli mmap images/4096x4096        0   196712   236086   394540 
50205 codespace ./cli mmap images/4096x4096        0   196708   236087   394628 
50212 codespace ./cli mmap images/4096x4096        0   196712   236088   394600 
50208 codespace ./cli mmap images/4096x4096        0   196712   236092   394636 
%CPU %MEM ARGS Wed Sep 30 21:09:38 UTC 2026
 0.0  0.0 grep --color=auto ./cli       1  2248
19.3  4.8 ./cli mmap images/4096x4096   1 394536
19.5  4.8 ./cli mmap images/4096x4096   1 394540
19.7  4.8 ./cli mmap images/4096x4096   1 394600
19.8  4.8 ./cli mmap images/4096x4096   1 394636
20.0  4.8 ./cli mmap images/4096x4096   0 394628
  PID User     Command                         Swap      USS      PSS      RSS 
53524 codespace /usr/bin/python3 /usr/bin/s        0    12060    12321    14520 
50214 codespace ./cli mmap images/4096x4096        0   196708   236081   394536 
50203 codespace ./cli mmap images/4096x4096        0   196712   236085   394540 
50205 codespace ./cli mmap images/4096x4096        0   196708   236087   394628 
50212 codespace ./cli mmap images/4096x4096        0   196712   236088   394600 
50208 codespace ./cli mmap images/4096x4096        0   196712   236092   394636 
%CPU %MEM ARGS Wed Sep 30 21:09:39 UTC 2026
 0.0  0.0 grep --color=auto ./cli       1  2176
19.3  4.8 ./cli mmap images/4096x4096   1 394536
19.5  4.8 ./cli mmap images/4096x4096   1 394540
19.7  4.8 ./cli mmap images/4096x4096   0 394600
19.8  4.8 ./cli mmap images/4096x4096   0 394636
20.0  4.8 ./cli mmap images/4096x4096   0 394628
  PID User     Command                         Swap      USS      PSS      RSS 
53530 codespace /usr/bin/python3 /usr/bin/s        0    12064    12316    14544 
50214 codespace ./cli mmap images/4096x4096        0   196708   236082   394536 
50203 codespace ./cli mmap images/4096x4096        0   196712   236086   394540 
50205 codespace ./cli mmap images/4096x4096        0   196708   236087   394628 
50212 codespace ./cli mmap images/4096x4096        0   196712   236088   394600 
50208 codespace ./cli mmap images/4096x4096        0   196712   236091   394636 
%CPU %MEM ARGS Wed Sep 30 21:09:40 UTC 2026
 0.0  0.0 grep --color=auto ./cli       0  2196
19.3  4.8 ./cli mmap images/4096x4096   1 394536
19.5  4.8 ./cli mmap images/4096x4096   1 394540
19.7  4.8 ./cli mmap images/4096x4096   1 394600
19.8  4.8 ./cli mmap images/4096x4096   1 394636
20.0  4.8 ./cli mmap images/4096x4096   1 394628
  PID User     Command                         Swap      USS      PSS      RSS 
53561 codespace /usr/bin/python3 /usr/bin/s        0    12064    12309    14480 
50214 codespace ./cli mmap images/4096x4096        0   196708   236082   394536 
50203 codespace ./cli mmap images/4096x4096        0   196712   236086   394540 
50205 codespace ./cli mmap images/4096x4096        0   196708   236087   394628 
50212 codespace ./cli mmap images/4096x4096        0   196712   236088   394600 
50208 codespace ./cli mmap images/4096x4096        0   196712   236091   394636 
%CPU %MEM ARGS Wed Sep 30 21:09:41 UTC 2026
 0.0  0.0 grep --color=auto ./cli       1  2160
19.3  4.8 ./cli mmap images/4096x4096   0 394536
19.5  4.8 ./cli mmap images/4096x4096   0 394540
19.7  4.8 ./cli mmap images/4096x4096   1 394600
19.8  4.8 ./cli mmap images/4096x4096   1 394636
20.0  4.8 ./cli mmap images/4096x4096   1 394628
  PID User     Command                         Swap      USS      PSS      RSS 
53566 codespace /usr/bin/python3 /usr/bin/s        0    12020    12270    14436 
50205 codespace ./cli mmap images/4096x4096        0   196708   236081   394628 
50214 codespace ./cli mmap images/4096x4096        0   196708   236082   394536 
50203 codespace ./cli mmap images/4096x4096        0   196712   236086   394540 
50212 codespace ./cli mmap images/4096x4096        0   196712   236086   394600 
50208 codespace ./cli mmap images/4096x4096        0   196712   236091   394636 
%CPU %MEM ARGS Wed Sep 30 21:09:42 UTC 2026
 0.0  0.0 grep --color=auto ./cli       0  2152
19.2  4.8 ./cli mmap images/4096x4096   0 394536
19.5  4.8 ./cli mmap images/4096x4096   0 394540
19.7  4.8 ./cli mmap images/4096x4096   0 394600
19.8  4.8 ./cli mmap images/4096x4096   0 394636
20.0  4.8 ./cli mmap images/4096x4096   1 394628
  PID User     Command                         Swap      USS      PSS      RSS 
53579 codespace /usr/bin/python3 /usr/bin/s        0    12064    12322    14540 
50214 codespace ./cli mmap images/4096x4096        0   196708   236082   394536 
50203 codespace ./cli mmap images/4096x4096        0   196712   236086   394540 
50205 codespace ./cli mmap images/4096x4096        0   196708   236087   394628 
50212 codespace ./cli mmap images/4096x4096        0   196712   236088   394600 
50208 codespace ./cli mmap images/4096x4096        0   196712   236091   394636 
%CPU %MEM ARGS Wed Sep 30 21:09:43 UTC 2026
 0.0  0.0 grep --color=auto ./cli       0  2156
19.2  4.8 ./cli mmap images/4096x4096   0 394536
19.5  4.8 ./cli mmap images/4096x4096   0 394540
19.7  4.8 ./cli mmap images/4096x4096   0 394600
19.8  4.8 ./cli mmap images/4096x4096   0 394636
20.1  4.8 ./cli mmap images/4096x4096   1 394628
  PID User     Command                         Swap      USS      PSS      RSS 
53585 codespace /usr/bin/python3 /usr/bin/s        0    12060    12307    14572 
50214 codespace ./cli mmap images/4096x4096        0   196708   236076   394536 
50203 codespace ./cli mmap images/4096x4096        0   196712   236085   394540 
50205 codespace ./cli mmap images/4096x4096        0   196708   236087   394628 
50212 codespace ./cli mmap images/4096x4096        0   196712   236087   394600 
50208 codespace ./cli mmap images/4096x4096        0   196712   236092   394636 
%CPU %MEM ARGS Wed Sep 30 21:09:44 UTC 2026
 0.0  0.0 grep --color=auto ./cli       0  2176
19.2  4.8 ./cli mmap images/4096x4096   0 394536
19.5  4.8 ./cli mmap images/4096x4096   1 394540
19.7  4.8 ./cli mmap images/4096x4096   1 394600
19.8  4.8 ./cli mmap images/4096x4096   1 394636
20.1  4.8 ./cli mmap images/4096x4096   1 394628
  PID User     Command                         Swap      USS      PSS      RSS 
53603 codespace /usr/bin/python3 /usr/bin/s        0    12072    12351    14520 
50214 codespace ./cli mmap images/4096x4096        0   196708   236082   394536 
50203 codespace ./cli mmap images/4096x4096        0   196712   236086   394540 
50205 codespace ./cli mmap images/4096x4096        0   196708   236087   394628 
50212 codespace ./cli mmap images/4096x4096        0   196712   236088   394600 
50208 codespace ./cli mmap images/4096x4096        0   196712   236091   394636 
%CPU %MEM ARGS Wed Sep 30 21:09:45 UTC 2026
 0.0  0.0 grep --color=auto ./cli       1  2176
19.2  4.8 ./cli mmap images/4096x4096   0 394536
19.5  4.8 ./cli mmap images/4096x4096   0 394540
19.7  4.8 ./cli mmap images/4096x4096   0 394600
19.8  4.8 ./cli mmap images/4096x4096   0 394636
20.1  4.8 ./cli mmap images/4096x4096   1 394628
  PID User     Command                         Swap      USS      PSS      RSS 
53609 codespace /usr/bin/python3 /usr/bin/s        0    12068    12341    14516 
50214 codespace ./cli mmap images/4096x4096        0   196708   236082   394536 
50203 codespace ./cli mmap images/4096x4096        0   196712   236086   394540 
50205 codespace ./cli mmap images/4096x4096        0   196708   236087   394628 
50212 codespace ./cli mmap images/4096x4096        0   196712   236088   394600 
50208 codespace ./cli mmap images/4096x4096        0   196712   236091   394636 
%CPU %MEM ARGS Wed Sep 30 21:09:46 UTC 2026
 0.0  0.0 grep --color=auto ./cli       0  2212
19.2  4.8 ./cli mmap images/4096x4096   0 394536
19.4  4.8 ./cli mmap images/4096x4096   0 394540
19.7  4.8 ./cli mmap images/4096x4096   0 394600
19.8  4.8 ./cli mmap images/4096x4096   0 394636
20.1  4.8 ./cli mmap images/4096x4096   0 394628
  PID User     Command                         Swap      USS      PSS      RSS 
53621 codespace /usr/bin/python3 /usr/bin/s        0    12044    12300    14528 
50214 codespace ./cli mmap images/4096x4096        0   196708   236082   394536 
50203 codespace ./cli mmap images/4096x4096        0   196712   236086   394540 
50205 codespace ./cli mmap images/4096x4096        0   196708   236087   394628 
50212 codespace ./cli mmap images/4096x4096        0   196712   236088   394600 
50208 codespace ./cli mmap images/4096x4096        0   196712   236091   394636 
%CPU %MEM ARGS Wed Sep 30 21:09:47 UTC 2026
 0.0  0.0 grep --color=auto ./cli       0  2152
19.2  4.8 ./cli mmap images/4096x4096   0 394536
19.4  4.8 ./cli mmap images/4096x4096   0 394540
19.7  4.8 ./cli mmap images/4096x4096   0 394600
19.8  4.8 ./cli mmap images/4096x4096   0 394636
20.1  4.8 ./cli mmap images/4096x4096   1 394628
  PID User     Command                         Swap      USS      PSS      RSS 
53626 codespace /usr/bin/python3 /usr/bin/s        0    12068    12326    14552 
50214 codespace ./cli mmap images/4096x4096        0   196708   236082   394536 
50203 codespace ./cli mmap images/4096x4096        0   196712   236086   394540 
50205 codespace ./cli mmap images/4096x4096        0   196708   236087   394628 
50212 codespace ./cli mmap images/4096x4096        0   196712   236088   394600 
50208 codespace ./cli mmap images/4096x4096        0   196712   236091   394636 
%CPU %MEM ARGS Wed Sep 30 21:09:48 UTC 2026
 0.0  0.0 grep --color=auto ./cli       1  2200
19.2  4.8 ./cli mmap images/4096x4096   0 394536
19.5  4.8 ./cli mmap images/4096x4096   1 394540
19.7  4.8 ./cli mmap images/4096x4096   0 394600
19.8  4.8 ./cli mmap images/4096x4096   0 394636
20.1  4.8 ./cli mmap images/4096x4096   0 394628
  PID User     Command                         Swap      USS      PSS      RSS 
53632 codespace /usr/bin/python3 /usr/bin/s        0    12064    12331    14480 
50214 codespace ./cli mmap images/4096x4096        0   196708   236082   394536 
50212 codespace ./cli mmap images/4096x4096        0   196712   236083   394600 
50203 codespace ./cli mmap images/4096x4096        0   196712   236086   394540 
50205 codespace ./cli mmap images/4096x4096        0   196708   236087   394628 
50208 codespace ./cli mmap images/4096x4096        0   196712   236091   394636 
%CPU %MEM ARGS Wed Sep 30 21:09:49 UTC 2026
 0.0  0.0 grep --color=auto ./cli       1  2176
19.3  4.8 ./cli mmap images/4096x4096   1 394536
19.4  4.8 ./cli mmap images/4096x4096   1 394540
19.7  4.8 ./cli mmap images/4096x4096   0 394600
19.8  4.8 ./cli mmap images/4096x4096   1 394636
20.1  4.8 ./cli mmap images/4096x4096   0 394628
  PID User     Command                         Swap      USS      PSS      RSS 
53650 codespace /usr/bin/python3 /usr/bin/s        0    12060    12337    14568 
50214 codespace ./cli mmap images/4096x4096        0   196708   236081   394536 
50203 codespace ./cli mmap images/4096x4096        0   196712   236085   394540 
50205 codespace ./cli mmap images/4096x4096        0   196708   236087   394628 
50212 codespace ./cli mmap images/4096x4096        0   196712   236088   394600 
50208 codespace ./cli mmap images/4096x4096        0   196712   236091   394636 
%CPU %MEM ARGS Wed Sep 30 21:09:50 UTC 2026
 0.0  0.0 grep --color=auto ./cli       1  2340
19.3  4.8 ./cli mmap images/4096x4096   0 394536
19.4  4.8 ./cli mmap images/4096x4096   0 394540
19.7  4.8 ./cli mmap images/4096x4096   0 394600
19.8  4.8 ./cli mmap images/4096x4096   0 394636
20.1  4.8 ./cli mmap images/4096x4096   0 394628
  PID User     Command                         Swap      USS      PSS      RSS 
53674 codespace /usr/bin/python3 /usr/bin/s        0    12064    12303    14456 
50214 codespace ./cli mmap images/4096x4096        0   196708   236082   394536 
50203 codespace ./cli mmap images/4096x4096        0   196712   236086   394540 
50205 codespace ./cli mmap images/4096x4096        0   196708   236087   394628 
50212 codespace ./cli mmap images/4096x4096        0   196712   236088   394600 
50208 codespace ./cli mmap images/4096x4096        0   196712   236091   394636 
%CPU %MEM ARGS Wed Sep 30 21:09:51 UTC 2026
 0.0  0.0 grep --color=auto ./cli       1  2248
19.2  4.8 ./cli mmap images/4096x4096   0 394536
19.4  4.8 ./cli mmap images/4096x4096   0 394540
19.7  4.8 ./cli mmap images/4096x4096   0 394600
19.8  4.8 ./cli mmap images/4096x4096   0 394636
20.1  4.8 ./cli mmap images/4096x4096   0 394628
  PID User     Command                         Swap      USS      PSS      RSS 
53682 codespace /usr/bin/python3 /usr/bin/s        0    12064    12309    14512 
50205 codespace ./cli mmap images/4096x4096        0   196708   236080   394628 
50203 codespace ./cli mmap images/4096x4096        0   196712   236081   394540 
50214 codespace ./cli mmap images/4096x4096        0   196708   236082   394536 
50208 codespace ./cli mmap images/4096x4096        0   196712   236085   394636 
50212 codespace ./cli mmap images/4096x4096        0   196712   236088   394600 
%CPU %MEM ARGS Wed Sep 30 21:09:51 UTC 2026
 0.0  0.0 grep --color=auto ./cli       1  2176
19.2  4.8 ./cli mmap images/4096x4096   1 394536
19.4  4.8 ./cli mmap images/4096x4096   0 394540
19.7  4.8 ./cli mmap images/4096x4096   0 394600
19.8  4.8 ./cli mmap images/4096x4096   0 394636
20.1  4.8 ./cli mmap images/4096x4096   0 394628
  PID User     Command                         Swap      USS      PSS      RSS 
53691 codespace /usr/bin/python3 /usr/bin/s        0    12064    12324    14548 
50214 codespace ./cli mmap images/4096x4096        0   196708   236082   394536 
50203 codespace ./cli mmap images/4096x4096        0   196712   236086   394540 
50205 codespace ./cli mmap images/4096x4096        0   196708   236087   394628 
50212 codespace ./cli mmap images/4096x4096        0   196712   236088   394600 
50208 codespace ./cli mmap images/4096x4096        0   196712   236091   394636 
%CPU %MEM ARGS Wed Sep 30 21:09:52 UTC 2026
 0.0  0.0 grep --color=auto ./cli       0  2248
19.2  4.8 ./cli mmap images/4096x4096   0 394536
19.4  4.8 ./cli mmap images/4096x4096   0 394540
19.7  4.8 ./cli mmap images/4096x4096   1 394600
19.7  4.8 ./cli mmap images/4096x4096   0 394636
20.1  4.8 ./cli mmap images/4096x4096   0 394628
  PID User     Command                         Swap      USS      PSS      RSS 
53696 codespace /usr/bin/python3 /usr/bin/s        0    12060    12324    14528 
50214 codespace ./cli mmap images/4096x4096        0   196708   236081   394536 
50203 codespace ./cli mmap images/4096x4096        0   196712   236085   394540 
50205 codespace ./cli mmap images/4096x4096        0   196708   236087   394628 
50212 codespace ./cli mmap images/4096x4096        0   196712   236088   394600 
50208 codespace ./cli mmap images/4096x4096        0   196712   236092   394636 
%CPU %MEM ARGS Wed Sep 30 21:09:53 UTC 2026
 0.0  0.0 grep --color=auto ./cli       0  2152
19.3  4.8 ./cli mmap images/4096x4096   0 394536
19.4  4.8 ./cli mmap images/4096x4096   1 394540
19.7  4.8 ./cli mmap images/4096x4096   1 394600
19.7  4.8 ./cli mmap images/4096x4096   1 394636
20.1  4.8 ./cli mmap images/4096x4096   1 394628
  PID User     Command                         Swap      USS      PSS      RSS 
53702 codespace /usr/bin/python3 /usr/bin/s        0    12064    12350    14624 
50203 codespace ./cli mmap images/4096x4096        0   196712   236080   394540 
50214 codespace ./cli mmap images/4096x4096        0   196708   236082   394536 
50205 codespace ./cli mmap images/4096x4096        0   196708   236083   394628 
50212 codespace ./cli mmap images/4096x4096        0   196712   236088   394600 
50208 codespace ./cli mmap images/4096x4096        0   196712   236092   394636 
%CPU %MEM ARGS Wed Sep 30 21:09:53 UTC 2026
 0.0  0.0 grep --color=auto ./cli       1  2208
19.3  4.8 ./cli mmap images/4096x4096   1 394536
19.4  4.8 ./cli mmap images/4096x4096   0 394540
19.6  4.8 ./cli mmap images/4096x4096   1 394600
19.7  4.8 ./cli mmap images/4096x4096   1 394636
20.1  4.8 ./cli mmap images/4096x4096   1 394628
  PID User     Command                         Swap      USS      PSS      RSS 
53714 codespace /usr/bin/python3 /usr/bin/s        0    12060    12306    14548 
50214 codespace ./cli mmap images/4096x4096        0   196708   236080   394536 
50203 codespace ./cli mmap images/4096x4096        0   196712   236086   394540 
50205 codespace ./cli mmap images/4096x4096        0   196708   236087   394628 
50212 codespace ./cli mmap images/4096x4096        0   196712   236088   394600 
50208 codespace ./cli mmap images/4096x4096        0   196712   236092   394636 
%CPU %MEM ARGS Wed Sep 30 21:09:55 UTC 2026
 0.0  0.0 grep --color=auto ./cli       0  2212
19.3  4.8 ./cli mmap images/4096x4096   0 394536
19.4  4.8 ./cli mmap images/4096x4096   0 394540
19.6  4.8 ./cli mmap images/4096x4096   0 394600
19.7  4.8 ./cli mmap images/4096x4096   0 394636
20.0  4.8 ./cli mmap images/4096x4096   1 394628
  PID User     Command                         Swap      USS      PSS      RSS 
53726 codespace /usr/bin/python3 /usr/bin/s        0    12060    12271    14540 
50214 codespace ./cli mmap images/4096x4096        0   196708   236077   394536 
50205 codespace ./cli mmap images/4096x4096        0   196708   236083   394628 
50203 codespace ./cli mmap images/4096x4096        0   196712   236086   394540 
50212 codespace ./cli mmap images/4096x4096        0   196712   236088   394600 
50208 codespace ./cli mmap images/4096x4096        0   196712   236091   394636 
%CPU %MEM ARGS Wed Sep 30 21:09:56 UTC 2026
 0.0  0.0 grep --color=auto ./cli       0  2152
19.3  4.8 ./cli mmap images/4096x4096   0 394536
19.4  4.8 ./cli mmap images/4096x4096   1 394540
19.6  4.8 ./cli mmap images/4096x4096   0 394600
19.7  4.8 ./cli mmap images/4096x4096   0 394636
20.0  4.8 ./cli mmap images/4096x4096   0 394628
  PID User     Command                         Swap      USS      PSS      RSS 
53738 codespace /usr/bin/python3 /usr/bin/s        0    12064    12341    14572 
50214 codespace ./cli mmap images/4096x4096        0   196708   236082   394536 
50203 codespace ./cli mmap images/4096x4096        0   196712   236086   394540 
50205 codespace ./cli mmap images/4096x4096        0   196708   236087   394628 
50212 codespace ./cli mmap images/4096x4096        0   196712   236088   394600 
50208 codespace ./cli mmap images/4096x4096        0   196712   236092   394636 
%CPU %MEM ARGS Wed Sep 30 21:09:57 UTC 2026
 0.0  0.0 grep --color=auto ./cli       0  2208
19.3  4.8 ./cli mmap images/4096x4096   1 394536
19.5  4.8 ./cli mmap images/4096x4096   1 394540
19.6  4.8 ./cli mmap images/4096x4096   1 394600
19.7  4.8 ./cli mmap images/4096x4096   1 394636
20.0  4.8 ./cli mmap images/4096x4096   1 394628
  PID User     Command                         Swap      USS      PSS      RSS 
53744 codespace /usr/bin/python3 /usr/bin/s        0    12068    12346    14516 
50214 codespace ./cli mmap images/4096x4096        0   196708   236082   394536 
50203 codespace ./cli mmap images/4096x4096        0   196712   236086   394540 
50205 codespace ./cli mmap images/4096x4096        0   196708   236087   394628 
50212 codespace ./cli mmap images/4096x4096        0   196712   236088   394600 
50208 codespace ./cli mmap images/4096x4096        0   196712   236091   394636 
%CPU %MEM ARGS Wed Sep 30 21:09:57 UTC 2026
 0.0  0.0 grep --color=auto ./cli       0  2344
19.3  4.8 ./cli mmap images/4096x4096   1 394536
19.4  4.8 ./cli mmap images/4096x4096   0 394540
19.6  4.8 ./cli mmap images/4096x4096   1 394600
19.7  4.8 ./cli mmap images/4096x4096   1 394636
20.0  4.8 ./cli mmap images/4096x4096   1 394628
  PID User     Command                         Swap      USS      PSS      RSS 
53750 codespace /usr/bin/python3 /usr/bin/s        0    12064    12320    14480 
50214 codespace ./cli mmap images/4096x4096        0   196708   236082   394536 
50203 codespace ./cli mmap images/4096x4096        0   196712   236086   394540 
50205 codespace ./cli mmap images/4096x4096        0   196708   236087   394628 
50212 codespace ./cli mmap images/4096x4096        0   196712   236088   394600 
50208 codespace ./cli mmap images/4096x4096        0   196712   236091   394636 
%CPU %MEM ARGS Wed Sep 30 21:09:59 UTC 2026
 0.0  0.0 grep --color=auto ./cli       1  2300
19.3  4.8 ./cli mmap images/4096x4096   1 394536
19.5  4.8 ./cli mmap images/4096x4096   1 394540
19.6  4.8 ./cli mmap images/4096x4096   0 394600
19.7  4.8 ./cli mmap images/4096x4096   1 394636
20.0  4.8 ./cli mmap images/4096x4096   1 394628
  PID User     Command                         Swap      USS      PSS      RSS 
53762 codespace /usr/bin/python3 /usr/bin/s        0    12068    12339    14516 
50214 codespace ./cli mmap images/4096x4096        0   196708   236082   394536 
50203 codespace ./cli mmap images/4096x4096        0   196712   236086   394540 
50205 codespace ./cli mmap images/4096x4096        0   196708   236087   394628 
50212 codespace ./cli mmap images/4096x4096        0   196712   236088   394600 
50208 codespace ./cli mmap images/4096x4096        0   196712   236092   394636 
%CPU %MEM ARGS Wed Sep 30 21:10:00 UTC 2026
 0.0  0.0 grep --color=auto ./cli       1  2204
19.3  4.8 ./cli mmap images/4096x4096   1 394536
19.5  4.8 ./cli mmap images/4096x4096   1 394540
19.7  4.8 ./cli mmap images/4096x4096   1 394600
19.7  4.8 ./cli mmap images/4096x4096   1 394636
20.0  4.8 ./cli mmap images/4096x4096   0 394628
  PID User     Command                         Swap      USS      PSS      RSS 
53768 codespace /usr/bin/python3 /usr/bin/s        0    12072    12347    14520 
50214 codespace ./cli mmap images/4096x4096        0   196708   236082   394536 
50203 codespace ./cli mmap images/4096x4096        0   196712   236086   394540 
50205 codespace ./cli mmap images/4096x4096        0   196708   236087   394628 
50212 codespace ./cli mmap images/4096x4096        0   196712   236088   394600 
50208 codespace ./cli mmap images/4096x4096        0   196712   236091   394636 
%CPU %MEM ARGS Wed Sep 30 21:10:01 UTC 2026
 0.0  0.0 grep --color=auto ./cli       1  2184
19.3  4.8 ./cli mmap images/4096x4096   0 394536
19.5  4.8 ./cli mmap images/4096x4096   0 394540
19.6  4.8 ./cli mmap images/4096x4096   0 394600
19.7  4.8 ./cli mmap images/4096x4096   1 394636
20.0  4.8 ./cli mmap images/4096x4096   0 394628
  PID User     Command                         Swap      USS      PSS      RSS 
53803 codespace /usr/bin/python3 /usr/bin/s        0    12064    12322    14540 
50214 codespace ./cli mmap images/4096x4096        0   196708   236082   394536 
50203 codespace ./cli mmap images/4096x4096        0   196712   236086   394540 
50205 codespace ./cli mmap images/4096x4096        0   196708   236087   394628 
50212 codespace ./cli mmap images/4096x4096        0   196712   236088   394600 
50208 codespace ./cli mmap images/4096x4096        0   196712   236091   394636 
%CPU %MEM ARGS Wed Sep 30 21:10:02 UTC 2026
 0.0  0.0 grep --color=auto ./cli       1  2160
19.3  4.8 ./cli mmap images/4096x4096   0 394536
19.5  4.8 ./cli mmap images/4096x4096   1 394540
19.6  4.8 ./cli mmap images/4096x4096   1 394600
19.7  4.8 ./cli mmap images/4096x4096   1 394636
20.0  4.8 ./cli mmap images/4096x4096   1 394628
  PID User     Command                         Swap      USS      PSS      RSS 
53809 codespace /usr/bin/python3 /usr/bin/s        0    12064    12323    14540 
50214 codespace ./cli mmap images/4096x4096        0   196708   236082   394536 
50203 codespace ./cli mmap images/4096x4096        0   196712   236086   394540 
50205 codespace ./cli mmap images/4096x4096        0   196708   236087   394628 
50212 codespace ./cli mmap images/4096x4096        0   196712   236088   394600 
50208 codespace ./cli mmap images/4096x4096        0   196712   236091   394636 
%CPU %MEM ARGS Wed Sep 30 21:10:02 UTC 2026
 0.0  0.0 grep --color=auto ./cli       0  2252
19.3  4.8 ./cli mmap images/4096x4096   1 394536
19.4  4.8 ./cli mmap images/4096x4096   1 394540
19.6  4.8 ./cli mmap images/4096x4096   1 394600
19.7  4.8 ./cli mmap images/4096x4096   1 394636
20.0  4.8 ./cli mmap images/4096x4096   1 394628
  PID User     Command                         Swap      USS      PSS      RSS 
53821 codespace /usr/bin/python3 /usr/bin/s        0    12060    12339    14568 
50214 codespace ./cli mmap images/4096x4096        0   196708   236081   394536 
50203 codespace ./cli mmap images/4096x4096        0   196712   236085   394540 
50205 codespace ./cli mmap images/4096x4096        0   196708   236087   394628 
50212 codespace ./cli mmap images/4096x4096        0   196712   236088   394600 
50208 codespace ./cli mmap images/4096x4096        0   196712   236092   394636 
%CPU %MEM ARGS Wed Sep 30 21:10:03 UTC 2026
 0.0  0.0 grep --color=auto ./cli       0  2340
19.3  4.8 ./cli mmap images/4096x4096   1 394536
19.4  4.8 ./cli mmap images/4096x4096   1 394540
19.6  4.8 ./cli mmap images/4096x4096   1 394600
19.7  4.8 ./cli mmap images/4096x4096   1 394636
20.0  4.8 ./cli mmap images/4096x4096   1 394628
  PID User     Command                         Swap      USS      PSS      RSS 
53827 codespace /usr/bin/python3 /usr/bin/s        0    12084    12373    14592 
50214 codespace ./cli mmap images/4096x4096        0   196708   236082   394536 
50203 codespace ./cli mmap images/4096x4096        0   196712   236086   394540 
50205 codespace ./cli mmap images/4096x4096        0   196708   236087   394628 
50212 codespace ./cli mmap images/4096x4096        0   196712   236088   394600 
50208 codespace ./cli mmap images/4096x4096        0   196712   236091   394636 
%CPU %MEM ARGS Wed Sep 30 21:10:04 UTC 2026
 0.0  0.0 grep --color=auto ./cli       1  2288
19.3  4.8 ./cli mmap images/4096x4096   1 394536
19.4  4.8 ./cli mmap images/4096x4096   1 394540
19.6  4.8 ./cli mmap images/4096x4096   1 394600
19.7  4.8 ./cli mmap images/4096x4096   0 394636
20.0  4.8 ./cli mmap images/4096x4096   1 394628
  PID User     Command                         Swap      USS      PSS      RSS 
53832 codespace /usr/bin/python3 /usr/bin/s        0    12064    12315    14480 
50214 codespace ./cli mmap images/4096x4096        0   196708   236082   394536 
50203 codespace ./cli mmap images/4096x4096        0   196712   236086   394540 
50205 codespace ./cli mmap images/4096x4096        0   196708   236086   394628 
50212 codespace ./cli mmap images/4096x4096        0   196712   236088   394600 
50208 codespace ./cli mmap images/4096x4096        0   196712   236091   394636 
%CPU %MEM ARGS Wed Sep 30 21:10:05 UTC 2026
 0.0  0.0 grep --color=auto ./cli       0  2172
19.3  4.8 ./cli mmap images/4096x4096   0 394536
19.4  4.8 ./cli mmap images/4096x4096   0 394540
19.6  4.8 ./cli mmap images/4096x4096   0 394600
19.7  4.8 ./cli mmap images/4096x4096   0 394636
20.0  4.8 ./cli mmap images/4096x4096   1 394628
  PID User     Command                         Swap      USS      PSS      RSS 
53842 codespace /usr/bin/python3 /usr/bin/s        0    12060    12307    14476 
50214 codespace ./cli mmap images/4096x4096        0   196708   236082   394536 
50203 codespace ./cli mmap images/4096x4096        0   196712   236086   394540 
50205 codespace ./cli mmap images/4096x4096        0   196708   236087   394628 
50212 codespace ./cli mmap images/4096x4096        0   196712   236088   394600 
50208 codespace ./cli mmap images/4096x4096        0   196712   236091   394636 
%CPU %MEM ARGS Wed Sep 30 21:10:06 UTC 2026
 0.0  0.0 grep --color=auto ./cli       0  2252
19.3  4.8 ./cli mmap images/4096x4096   0 394536
19.4  4.8 ./cli mmap images/4096x4096   0 394540
19.6  4.8 ./cli mmap images/4096x4096   0 394600
19.7  4.8 ./cli mmap images/4096x4096   0 394636
20.0  4.8 ./cli mmap images/4096x4096   0 394628
  PID User     Command                         Swap      USS      PSS      RSS 
53856 codespace /usr/bin/python3 /usr/bin/s        0    12068    12353    14628 
50214 codespace ./cli mmap images/4096x4096        0   196708   236082   394536 
50203 codespace ./cli mmap images/4096x4096        0   196712   236086   394540 
50205 codespace ./cli mmap images/4096x4096        0   196708   236087   394628 
50212 codespace ./cli mmap images/4096x4096        0   196712   236088   394600 
50208 codespace ./cli mmap images/4096x4096        0   196712   236092   394636 
%CPU %MEM ARGS Wed Sep 30 21:10:07 UTC 2026
 0.0  0.0 grep --color=auto ./cli       1  2160
19.2  4.8 ./cli mmap images/4096x4096   1 394536
19.4  4.8 ./cli mmap images/4096x4096   1 394540
19.6  4.8 ./cli mmap images/4096x4096   1 394600
19.7  4.8 ./cli mmap images/4096x4096   0 394636
20.0  4.8 ./cli mmap images/4096x4096   1 394628
  PID User     Command                         Swap      USS      PSS      RSS 
53865 codespace /usr/bin/python3 /usr/bin/s        0    12068    12338    14516 
50214 codespace ./cli mmap images/4096x4096        0   196708   236082   394536 
50203 codespace ./cli mmap images/4096x4096        0   196712   236086   394540 
50205 codespace ./cli mmap images/4096x4096        0   196708   236087   394628 
50212 codespace ./cli mmap images/4096x4096        0   196712   236088   394600 
50208 codespace ./cli mmap images/4096x4096        0   196712   236092   394636 
%CPU %MEM ARGS Wed Sep 30 21:10:08 UTC 2026
 0.0  0.0 grep --color=auto ./cli       1  2268
19.2  4.8 ./cli mmap images/4096x4096   1 394536
19.4  4.8 ./cli mmap images/4096x4096   1 394540
19.6  4.8 ./cli mmap images/4096x4096   1 394600
19.8  4.8 ./cli mmap images/4096x4096   0 394636
20.0  4.8 ./cli mmap images/4096x4096   1 394628
  PID User     Command                         Swap      USS      PSS      RSS 
53874 codespace /usr/bin/python3 /usr/bin/s        0    12056    12314    14524 
50214 codespace ./cli mmap images/4096x4096        0   196708   236082   394536 
50203 codespace ./cli mmap images/4096x4096        0   196712   236086   394540 
50205 codespace ./cli mmap images/4096x4096        0   196708   236087   394628 
50212 codespace ./cli mmap images/4096x4096        0   196712   236088   394600 
50208 codespace ./cli mmap images/4096x4096        0   196712   236091   394636 
%CPU %MEM ARGS Wed Sep 30 21:10:09 UTC 2026
 0.0  0.0 grep --color=auto ./cli       0  2156
19.2  4.8 ./cli mmap images/4096x4096   0 394536
19.4  4.8 ./cli mmap images/4096x4096   1 394540
19.6  4.8 ./cli mmap images/4096x4096   1 394600
19.8  4.8 ./cli mmap images/4096x4096   1 394636
20.0  4.8 ./cli mmap images/4096x4096   1 394628
  PID User     Command                         Swap      USS      PSS      RSS 
53880 codespace /usr/bin/python3 /usr/bin/s        0    12064    12319    14480 
50214 codespace ./cli mmap images/4096x4096        0   196708   236082   394536 
50208 codespace ./cli mmap images/4096x4096        0   196712   236084   394636 
50203 codespace ./cli mmap images/4096x4096        0   196712   236086   394540 
50205 codespace ./cli mmap images/4096x4096        0   196708   236086   394628 
50212 codespace ./cli mmap images/4096x4096        0   196712   236088   394600 
%CPU %MEM ARGS Wed Sep 30 21:10:10 UTC 2026
 0.0  0.0 grep --color=auto ./cli       1  2344
19.3  4.8 ./cli mmap images/4096x4096   1 394536
19.4  4.8 ./cli mmap images/4096x4096   1 394540
19.6  4.8 ./cli mmap images/4096x4096   1 394600
19.8  4.8 ./cli mmap images/4096x4096   1 394636
20.0  4.8 ./cli mmap images/4096x4096   1 394628
  PID User     Command                         Swap      USS      PSS      RSS 
53892 codespace /usr/bin/python3 /usr/bin/s        0    12068    12374    14516 
50214 codespace ./cli mmap images/4096x4096        0   196708   236082   394536 
50203 codespace ./cli mmap images/4096x4096        0   196712   236086   394540 
50205 codespace ./cli mmap images/4096x4096        0   196708   236087   394628 
50212 codespace ./cli mmap images/4096x4096        0   196712   236088   394600 
50208 codespace ./cli mmap images/4096x4096        0   196712   236091   394636 
%CPU %MEM ARGS Wed Sep 30 21:10:10 UTC 2026
 0.0  0.0 grep --color=auto ./cli       0  2176
19.3  4.8 ./cli mmap images/4096x4096   1 394536
19.4  4.8 ./cli mmap images/4096x4096   0 394540
19.6  4.8 ./cli mmap images/4096x4096   1 394600
19.8  4.8 ./cli mmap images/4096x4096   1 394636
20.0  4.8 ./cli mmap images/4096x4096   1 394628
  PID User     Command                         Swap      USS      PSS      RSS 
53898 codespace /usr/bin/python3 /usr/bin/s        0    12064    12321    14548 
50214 codespace ./cli mmap images/4096x4096        0   196708   236082   394536 
50205 codespace ./cli mmap images/4096x4096        0   196708   236085   394628 
50203 codespace ./cli mmap images/4096x4096        0   196712   236086   394540 
50212 codespace ./cli mmap images/4096x4096        0   196712   236088   394600 
50208 codespace ./cli mmap images/4096x4096        0   196712   236091   394636 
%CPU %MEM ARGS Wed Sep 30 21:10:11 UTC 2026
 0.0  0.0 grep --color=auto ./cli       1  2340
19.3  4.8 ./cli mmap images/4096x4096   0 394536
19.4  4.8 ./cli mmap images/4096x4096   1 394540
19.6  4.8 ./cli mmap images/4096x4096   1 394600
19.7  4.8 ./cli mmap images/4096x4096   1 394636
20.0  4.8 ./cli mmap images/4096x4096   0 394628
  PID User     Command                         Swap      USS      PSS      RSS 
53929 codespace /usr/bin/python3 /usr/bin/s        0    12064    12313    14480 
50214 codespace ./cli mmap images/4096x4096        0   196708   236081   394536 
50203 codespace ./cli mmap images/4096x4096        0   196712   236086   394540 
50205 codespace ./cli mmap images/4096x4096        0   196708   236086   394628 
50212 codespace ./cli mmap images/4096x4096        0   196712   236088   394600 
50208 codespace ./cli mmap images/4096x4096        0   196712   236091   394636 
%CPU %MEM ARGS Wed Sep 30 21:10:12 UTC 2026
 0.0  0.0 grep --color=auto ./cli       1  2248
19.3  4.8 ./cli mmap images/4096x4096   0 394536
19.4  4.8 ./cli mmap images/4096x4096   1 394540
19.6  4.8 ./cli mmap images/4096x4096   0 394600
19.7  4.8 ./cli mmap images/4096x4096   1 394636
20.0  4.8 ./cli mmap images/4096x4096   1 394628
  PID User     Command                         Swap      USS      PSS      RSS 
53941 codespace /usr/bin/python3 /usr/bin/s        0    12060    12322    14476 
50214 codespace ./cli mmap images/4096x4096        0   196708   236082   394536 
50203 codespace ./cli mmap images/4096x4096        0   196712   236085   394540 
50205 codespace ./cli mmap images/4096x4096        0   196708   236087   394628 
50212 codespace ./cli mmap images/4096x4096        0   196712   236088   394600 
50208 codespace ./cli mmap images/4096x4096        0   196712   236091   394636 
%CPU %MEM ARGS Wed Sep 30 21:10:14 UTC 2026
 0.0  0.0 grep --color=auto ./cli       0  2296
19.4  4.8 ./cli mmap images/4096x4096   0 394536
19.4  4.8 ./cli mmap images/4096x4096   1 394540
19.6  4.8 ./cli mmap images/4096x4096   1 394600
19.7  4.8 ./cli mmap images/4096x4096   1 394636
20.0  4.8 ./cli mmap images/4096x4096   1 394628
  PID User     Command                         Swap      USS      PSS      RSS 
53947 codespace /usr/bin/python3 /usr/bin/s        0    12060    12346    14620 
50214 codespace ./cli mmap images/4096x4096        0   196708   236082   394536 
50205 codespace ./cli mmap images/4096x4096        0   196708   236083   394628 
50203 codespace ./cli mmap images/4096x4096        0   196712   236087   394540 
50212 codespace ./cli mmap images/4096x4096        0   196712   236088   394600 
50208 codespace ./cli mmap images/4096x4096        0   196712   236092   394636 
%CPU %MEM ARGS Wed Sep 30 21:10:15 UTC 2026
 0.0  0.0 grep --color=auto ./cli       0  2344
19.3  4.8 ./cli mmap images/4096x4096   1 394540
19.4  4.8 ./cli mmap images/4096x4096   0 394536
19.6  4.8 ./cli mmap images/4096x4096   1 394600
19.7  4.8 ./cli mmap images/4096x4096   0 394636
19.9  4.8 ./cli mmap images/4096x4096   1 394628
  PID User     Command                         Swap      USS      PSS      RSS 
53959 codespace /usr/bin/python3 /usr/bin/s        0    12060    12321    14528 
50214 codespace ./cli mmap images/4096x4096        0   196708   236082   394536 
50203 codespace ./cli mmap images/4096x4096        0   196712   236086   394540 
50205 codespace ./cli mmap images/4096x4096        0   196708   236087   394628 
50212 codespace ./cli mmap images/4096x4096        0   196712   236088   394600 
50208 codespace ./cli mmap images/4096x4096        0   196712   236092   394636 
%CPU %MEM ARGS Wed Sep 30 21:10:16 UTC 2026
 0.0  0.0 grep --color=auto ./cli       1  2248
19.3  4.8 ./cli mmap images/4096x4096   0 394540
19.4  4.8 ./cli mmap images/4096x4096   0 394536
19.5  4.8 ./cli mmap images/4096x4096   0 394600
19.7  4.8 ./cli mmap images/4096x4096   0 394636
20.0  4.8 ./cli mmap images/4096x4096   1 394628
  PID User     Command                         Swap      USS      PSS      RSS 
53965 codespace /usr/bin/python3 /usr/bin/s        0    12064    12321    14540 
50214 codespace ./cli mmap images/4096x4096        0   196708   236082   394536 
50203 codespace ./cli mmap images/4096x4096        0   196712   236086   394540 
50205 codespace ./cli mmap images/4096x4096        0   196708   236087   394628 
50212 codespace ./cli mmap images/4096x4096        0   196712   236087   394600 
50208 codespace ./cli mmap images/4096x4096        0   196712   236089   394636 
%CPU %MEM ARGS Wed Sep 30 21:10:17 UTC 2026
 0.0  0.0 grep --color=auto ./cli       0  2156
19.3  4.8 ./cli mmap images/4096x4096   1 394540
19.4  4.8 ./cli mmap images/4096x4096   0 394536
19.5  4.8 ./cli mmap images/4096x4096   1 394600
19.7  4.8 ./cli mmap images/4096x4096   1 394636
20.0  4.8 ./cli mmap images/4096x4096   1 394628
  PID User     Command                         Swap      USS      PSS      RSS 
53983 codespace /usr/bin/python3 /usr/bin/s        0    12052    12331    14612 
50214 codespace ./cli mmap images/4096x4096        0   196708   236082   394536 
50203 codespace ./cli mmap images/4096x4096        0   196712   236086   394540 
50205 codespace ./cli mmap images/4096x4096        0   196708   236087   394628 
50212 codespace ./cli mmap images/4096x4096        0   196712   236088   394600 
50208 codespace ./cli mmap images/4096x4096        0   196712   236092   394636 
%CPU %MEM ARGS Wed Sep 30 21:10:18 UTC 2026
 0.0  0.0 grep --color=auto ./cli       1  2160
19.3  4.8 ./cli mmap images/4096x4096   0 394540
19.4  4.8 ./cli mmap images/4096x4096   1 394536
19.5  4.8 ./cli mmap images/4096x4096   1 394600
19.7  4.8 ./cli mmap images/4096x4096   1 394636
20.0  4.8 ./cli mmap images/4096x4096   0 394628
  PID User     Command                         Swap      USS      PSS      RSS 
53989 codespace /usr/bin/python3 /usr/bin/s        0    12060    12290    14476 
50214 codespace ./cli mmap images/4096x4096        0   196708   236076   394536 
50203 codespace ./cli mmap images/4096x4096        0   196712   236085   394540 
50205 codespace ./cli mmap images/4096x4096        0   196708   236085   394628 
50212 codespace ./cli mmap images/4096x4096        0   196712   236088   394600 
50208 codespace ./cli mmap images/4096x4096        0   196712   236091   394636 
%CPU %MEM ARGS Wed Sep 30 21:10:19 UTC 2026
 0.0  0.0 grep --color=auto ./cli       1  2176
19.3  4.8 ./cli mmap images/4096x4096   1 394540
19.4  4.8 ./cli mmap images/4096x4096   1 394536
19.5  4.8 ./cli mmap images/4096x4096   1 394600
19.7  4.8 ./cli mmap images/4096x4096   1 394636
20.0  4.8 ./cli mmap images/4096x4096   0 394628
  PID User     Command                         Swap      USS      PSS      RSS 
54001 codespace /usr/bin/python3 /usr/bin/s        0    12080    12354    14528 
50214 codespace ./cli mmap images/4096x4096        0   196708   236082   394536 
50203 codespace ./cli mmap images/4096x4096        0   196712   236086   394540 
50205 codespace ./cli mmap images/4096x4096        0   196708   236087   394628 
50212 codespace ./cli mmap images/4096x4096        0   196712   236088   394600 
50208 codespace ./cli mmap images/4096x4096        0   196712   236092   394636 
%CPU %MEM ARGS Wed Sep 30 21:10:20 UTC 2026
 0.0  0.0 grep --color=auto ./cli       1  2300
19.3  4.8 ./cli mmap images/4096x4096   1 394540
19.4  4.8 ./cli mmap images/4096x4096   0 394536
19.5  4.8 ./cli mmap images/4096x4096   0 394600
19.7  4.8 ./cli mmap images/4096x4096   0 394636
20.0  4.8 ./cli mmap images/4096x4096   0 394628
  PID User     Command                         Swap      USS      PSS      RSS 
54008 codespace /usr/bin/python3 /usr/bin/s        0    12068    12323    14484 
50214 codespace ./cli mmap images/4096x4096        0   196708   236082   394536 
50203 codespace ./cli mmap images/4096x4096        0   196712   236086   394540 
50205 codespace ./cli mmap images/4096x4096        0   196708   236086   394628 
50212 codespace ./cli mmap images/4096x4096        0   196712   236088   394600 
50208 codespace ./cli mmap images/4096x4096        0   196712   236091   394636 
%CPU %MEM ARGS Wed Sep 30 21:10:21 UTC 2026
 0.0  0.0 grep --color=auto ./cli       1  2172
19.3  4.8 ./cli mmap images/4096x4096   1 394540
19.4  4.8 ./cli mmap images/4096x4096   0 394536
19.5  4.8 ./cli mmap images/4096x4096   0 394600
19.7  4.8 ./cli mmap images/4096x4096   0 394636
20.0  4.8 ./cli mmap images/4096x4096   0 394628
  PID User     Command                         Swap      USS      PSS      RSS 
54013 codespace /usr/bin/python3 /usr/bin/s        0    12064    12324    14548 
50214 codespace ./cli mmap images/4096x4096        0   196708   236082   394536 
50203 codespace ./cli mmap images/4096x4096        0   196712   236085   394540 
50205 codespace ./cli mmap images/4096x4096        0   196708   236087   394628 
50212 codespace ./cli mmap images/4096x4096        0   196712   236088   394600 
50208 codespace ./cli mmap images/4096x4096        0   196712   236091   394636 
%CPU %MEM ARGS Wed Sep 30 21:10:22 UTC 2026
 0.0  0.0 grep --color=auto ./cli       1  2248
19.3  4.8 ./cli mmap images/4096x4096   0 394540
19.4  4.8 ./cli mmap images/4096x4096   0 394536
19.5  4.8 ./cli mmap images/4096x4096   0 394600
19.7  4.8 ./cli mmap images/4096x4096   1 394636
20.0  4.8 ./cli mmap images/4096x4096   0 394628
  PID User     Command                         Swap      USS      PSS      RSS 
54043 codespace /usr/bin/python3 /usr/bin/s        0    12060    12283    14544 
50214 codespace ./cli mmap images/4096x4096        0   196708   236080   394536 
50203 codespace ./cli mmap images/4096x4096        0   196712   236086   394540 
50205 codespace ./cli mmap images/4096x4096        0   196708   236086   394628 
50212 codespace ./cli mmap images/4096x4096        0   196712   236086   394600 
50208 codespace ./cli mmap images/4096x4096        0   196712   236089   394636 
%CPU %MEM ARGS Wed Sep 30 21:10:23 UTC 2026
 0.0  0.0 grep --color=auto ./cli       1  2172
19.3  4.8 ./cli mmap images/4096x4096   1 394540
19.3  4.8 ./cli mmap images/4096x4096   1 394536
19.5  4.8 ./cli mmap images/4096x4096   0 394600
19.7  4.8 ./cli mmap images/4096x4096   1 394636
20.0  4.8 ./cli mmap images/4096x4096   1 394628
  PID User     Command                         Swap      USS      PSS      RSS 
54055 codespace /usr/bin/python3 /usr/bin/s        0    12064    12343    14572 
50214 codespace ./cli mmap images/4096x4096        0   196708   236081   394536 
50203 codespace ./cli mmap images/4096x4096        0   196712   236085   394540 
50205 codespace ./cli mmap images/4096x4096        0   196708   236087   394628 
50212 codespace ./cli mmap images/4096x4096        0   196712   236088   394600 
50208 codespace ./cli mmap images/4096x4096        0   196712   236092   394636 
%CPU %MEM ARGS Wed Sep 30 21:10:24 UTC 2026
 0.0  0.0 grep --color=auto ./cli       0  2200
19.3  4.8 ./cli mmap images/4096x4096   1 394540
19.3  4.8 ./cli mmap images/4096x4096   1 394536
19.5  4.8 ./cli mmap images/4096x4096   1 394600
19.7  4.8 ./cli mmap images/4096x4096   1 394636
20.1  4.8 ./cli mmap images/4096x4096   0 394628
  PID User     Command                         Swap      USS      PSS      RSS 
54068 codespace /usr/bin/python3 /usr/bin/s        0    12068    12318    14484 
50214 codespace ./cli mmap images/4096x4096        0   196708   236082   394536 
50203 codespace ./cli mmap images/4096x4096        0   196712   236086   394540 
50205 codespace ./cli mmap images/4096x4096        0   196708   236087   394628 
50212 codespace ./cli mmap images/4096x4096        0   196712   236088   394600 
50208 codespace ./cli mmap images/4096x4096        0   196712   236091   394636 
%CPU %MEM ARGS Wed Sep 30 21:10:25 UTC 2026
 0.0  0.0 grep --color=auto ./cli       0  2160
19.3  4.8 ./cli mmap images/4096x4096   0 394540
19.3  4.8 ./cli mmap images/4096x4096   0 394536
19.5  4.8 ./cli mmap images/4096x4096   0 394600
19.7  4.8 ./cli mmap images/4096x4096   1 394636
20.0  4.8 ./cli mmap images/4096x4096   0 394628
  PID User     Command                         Swap      USS      PSS      RSS 
54073 codespace /usr/bin/python3 /usr/bin/s        0    12064    12280    14536 
50214 codespace ./cli mmap images/4096x4096        0   196708   236078   394536 
50205 codespace ./cli mmap images/4096x4096        0   196708   236083   394628 
50203 codespace ./cli mmap images/4096x4096        0   196712   236086   394540 
50212 codespace ./cli mmap images/4096x4096        0   196712   236088   394600 
50208 codespace ./cli mmap images/4096x4096        0   196712   236092   394636 
%CPU %MEM ARGS Wed Sep 30 21:10:26 UTC 2026
 0.0  0.0 grep --color=auto ./cli       1  2176
19.3  4.8 ./cli mmap images/4096x4096   0 394540
19.3  4.8 ./cli mmap images/4096x4096   0 394536
19.5  4.8 ./cli mmap images/4096x4096   1 394600
19.7  4.8 ./cli mmap images/4096x4096   1 394636
20.0  4.8 ./cli mmap images/4096x4096   0 394628
  PID User     Command                         Swap      USS      PSS      RSS 
54085 codespace /usr/bin/python3 /usr/bin/s        0    12064    12320    14544 
50214 codespace ./cli mmap images/4096x4096        0   196708   236082   394536 
50203 codespace ./cli mmap images/4096x4096        0   196712   236086   394540 
50205 codespace ./cli mmap images/4096x4096        0   196708   236086   394628 
50212 codespace ./cli mmap images/4096x4096        0   196712   236088   394600 
50208 codespace ./cli mmap images/4096x4096        0   196712   236091   394636 
%CPU %MEM ARGS Wed Sep 30 21:10:27 UTC 2026
 0.0  0.0 grep --color=auto ./cli       0  2128
19.3  4.8 ./cli mmap images/4096x4096   0 394540
19.3  4.8 ./cli mmap images/4096x4096   0 394536
19.5  4.8 ./cli mmap images/4096x4096   0 394600
19.7  4.8 ./cli mmap images/4096x4096   1 394636
20.0  4.8 ./cli mmap images/4096x4096   0 394628
  PID User     Command                         Swap      USS      PSS      RSS 
54092 codespace /usr/bin/python3 /usr/bin/s        0    12064    12314    14480 
50214 codespace ./cli mmap images/4096x4096        0   196708   236082   394536 
50203 codespace ./cli mmap images/4096x4096        0   196712   236086   394540 
50205 codespace ./cli mmap images/4096x4096        0   196708   236087   394628 
50212 codespace ./cli mmap images/4096x4096        0   196712   236088   394600 
50208 codespace ./cli mmap images/4096x4096        0   196712   236090   394636 
%CPU %MEM ARGS Wed Sep 30 21:10:29 UTC 2026
 0.0  0.0 grep --color=auto ./cli       0  2252
19.3  4.8 ./cli mmap images/4096x4096   1 394536
19.3  4.8 ./cli mmap images/4096x4096   0 394540
19.5  4.8 ./cli mmap images/4096x4096   1 394600
19.7  4.8 ./cli mmap images/4096x4096   1 394636
20.0  4.8 ./cli mmap images/4096x4096   1 394628
  PID User     Command                         Swap      USS      PSS      RSS 
54110 codespace /usr/bin/python3 /usr/bin/s        0    12036    12287    14452 
50214 codespace ./cli mmap images/4096x4096        0   196708   236082   394536 
50203 codespace ./cli mmap images/4096x4096        0   196712   236086   394540 
50205 codespace ./cli mmap images/4096x4096        0   196708   236087   394628 
50212 codespace ./cli mmap images/4096x4096        0   196712   236088   394600 
50208 codespace ./cli mmap images/4096x4096        0   196712   236091   394636 
%CPU %MEM ARGS Wed Sep 30 21:10:29 UTC 2026
 0.0  0.0 grep --color=auto ./cli       0  2340
19.3  4.8 ./cli mmap images/4096x4096   0 394536
19.3  4.8 ./cli mmap images/4096x4096   0 394540
19.5  4.8 ./cli mmap images/4096x4096   1 394600
19.7  4.8 ./cli mmap images/4096x4096   0 394636
20.0  4.8 ./cli mmap images/4096x4096   0 394628
  PID User     Command                         Swap      USS      PSS      RSS 
54115 codespace /usr/bin/python3 /usr/bin/s        0    12064    12316    14480 
50214 codespace ./cli mmap images/4096x4096        0   196708   236082   394536 
50203 codespace ./cli mmap images/4096x4096        0   196712   236086   394540 
50205 codespace ./cli mmap images/4096x4096        0   196708   236087   394628 
50212 codespace ./cli mmap images/4096x4096        0   196712   236088   394600 
50208 codespace ./cli mmap images/4096x4096        0   196712   236091   394636 
%CPU %MEM ARGS Wed Sep 30 21:10:30 UTC 2026
 0.0  0.0 grep --color=auto ./cli       0  2152
19.3  4.8 ./cli mmap images/4096x4096   1 394536
19.3  4.8 ./cli mmap images/4096x4096   1 394540
19.5  4.8 ./cli mmap images/4096x4096   0 394600
19.7  4.8 ./cli mmap images/4096x4096   0 394636
20.0  4.8 ./cli mmap images/4096x4096   0 394628
  PID User     Command                         Swap      USS      PSS      RSS 
54121 codespace /usr/bin/python3 /usr/bin/s        0    12064    12322    14548 
50214 codespace ./cli mmap images/4096x4096        0   196708   236082   394536 
50203 codespace ./cli mmap images/4096x4096        0   196712   236086   394540 
50205 codespace ./cli mmap images/4096x4096        0   196708   236086   394628 
50212 codespace ./cli mmap images/4096x4096        0   196712   236088   394600 
50208 codespace ./cli mmap images/4096x4096        0   196712   236091   394636 
%CPU %MEM ARGS Wed Sep 30 21:10:31 UTC 2026
 0.0  0.0 grep --color=auto ./cli       0  2252
19.3  4.8 ./cli mmap images/4096x4096   0 394540
19.3  4.8 ./cli mmap images/4096x4096   0 394536
19.5  4.8 ./cli mmap images/4096x4096   0 394600
19.7  4.8 ./cli mmap images/4096x4096   0 394636
20.0  4.8 ./cli mmap images/4096x4096   1 394628
  PID User     Command                         Swap      USS      PSS      RSS 
54133 codespace /usr/bin/python3 /usr/bin/s        0    12064    12325    14480 
50214 codespace ./cli mmap images/4096x4096        0   196708   236082   394536 
50203 codespace ./cli mmap images/4096x4096        0   196712   236086   394540 
50205 codespace ./cli mmap images/4096x4096        0   196708   236087   394628 
50212 codespace ./cli mmap images/4096x4096        0   196712   236088   394600 
50208 codespace ./cli mmap images/4096x4096        0   196712   236091   394636 
%CPU %MEM ARGS Wed Sep 30 21:10:32 UTC 2026
 0.0  0.0 grep --color=auto ./cli       0  2304
19.3  4.8 ./cli mmap images/4096x4096   1 394536
19.3  4.8 ./cli mmap images/4096x4096   1 394540
19.5  4.8 ./cli mmap images/4096x4096   0 394600
19.7  4.8 ./cli mmap images/4096x4096   1 394636
20.0  4.8 ./cli mmap images/4096x4096   1 394628
  PID User     Command                         Swap      USS      PSS      RSS 
54157 codespace /usr/bin/python3 /usr/bin/s        0    12064    12335    14480 
50205 codespace ./cli mmap images/4096x4096        0   196708   236080   394628 
50214 codespace ./cli mmap images/4096x4096        0   196708   236081   394536 
50203 codespace ./cli mmap images/4096x4096        0   196712   236086   394540 
50212 codespace ./cli mmap images/4096x4096        0   196712   236087   394600 
50208 codespace ./cli mmap images/4096x4096        0   196712   236091   394636 
%CPU %MEM ARGS Wed Sep 30 21:10:33 UTC 2026
 0.0  0.0 grep --color=auto ./cli       1  2292
19.3  4.8 ./cli mmap images/4096x4096   1 394536
19.3  4.8 ./cli mmap images/4096x4096   1 394540
19.5  4.8 ./cli mmap images/4096x4096   1 394600
19.7  4.8 ./cli mmap images/4096x4096   1 394636
20.0  4.8 ./cli mmap images/4096x4096   0 394628
  PID User     Command                         Swap      USS      PSS      RSS 
54169 codespace /usr/bin/python3 /usr/bin/s        0    12064    12299    14484 
50214 codespace ./cli mmap images/4096x4096        0   196708   236080   394536 
50203 codespace ./cli mmap images/4096x4096        0   196712   236085   394540 
50212 codespace ./cli mmap images/4096x4096        0   196712   236086   394600 
50205 codespace ./cli mmap images/4096x4096        0   196708   236087   394628 
50208 codespace ./cli mmap images/4096x4096        0   196712   236091   394636 
%CPU %MEM ARGS Wed Sep 30 21:10:35 UTC 2026
 0.0  0.0 grep --color=auto ./cli       1  2192
19.3  4.8 ./cli mmap images/4096x4096   1 394536
19.3  4.8 ./cli mmap images/4096x4096   1 394540
19.5  4.8 ./cli mmap images/4096x4096   1 394600
19.7  4.8 ./cli mmap images/4096x4096   1 394636
20.0  4.8 ./cli mmap images/4096x4096   0 394628
  PID User     Command                         Swap      USS      PSS      RSS 
54182 codespace /usr/bin/python3 /usr/bin/s        0    12064    12328    14548 
50214 codespace ./cli mmap images/4096x4096        0   196708   236082   394536 
50203 codespace ./cli mmap images/4096x4096        0   196712   236086   394540 
50205 codespace ./cli mmap images/4096x4096        0   196708   236086   394628 
50212 codespace ./cli mmap images/4096x4096        0   196712   236088   394600 
50208 codespace ./cli mmap images/4096x4096        0   196712   236091   394636 
%CPU %MEM ARGS Wed Sep 30 21:10:35 UTC 2026
 0.0  0.0 grep --color=auto ./cli       1  2212
19.3  4.8 ./cli mmap images/4096x4096   0 394536
19.3  4.8 ./cli mmap images/4096x4096   1 394540
19.5  4.8 ./cli mmap images/4096x4096   1 394600
19.7  4.8 ./cli mmap images/4096x4096   1 394636
20.1  4.8 ./cli mmap images/4096x4096   1 394628
  PID User     Command                         Swap      USS      PSS      RSS 
54193 codespace /usr/bin/python3 /usr/bin/s        0    12072    12345    14520 
50214 codespace ./cli mmap images/4096x4096        0   196708   236082   394536 
50203 codespace ./cli mmap images/4096x4096        0   196712   236086   394540 
50205 codespace ./cli mmap images/4096x4096        0   196708   236087   394628 
50212 codespace ./cli mmap images/4096x4096        0   196712   236088   394600 
50208 codespace ./cli mmap images/4096x4096        0   196712   236092   394636 
%CPU %MEM ARGS Wed Sep 30 21:10:36 UTC 2026
 0.0  0.0 grep --color=auto ./cli       1  2164
19.3  4.8 ./cli mmap images/4096x4096   1 394540
19.3  4.8 ./cli mmap images/4096x4096   1 394536
19.5  4.8 ./cli mmap images/4096x4096   1 394600
19.7  4.8 ./cli mmap images/4096x4096   0 394636
20.0  4.8 ./cli mmap images/4096x4096   1 394628
  PID User     Command                         Swap      USS      PSS      RSS 
54199 codespace /usr/bin/python3 /usr/bin/s        0    12064    12320    14548 
50214 codespace ./cli mmap images/4096x4096        0   196708   236082   394536 
50203 codespace ./cli mmap images/4096x4096        0   196712   236086   394540 
50205 codespace ./cli mmap images/4096x4096        0   196708   236087   394628 
50212 codespace ./cli mmap images/4096x4096        0   196712   236088   394600 
50208 codespace ./cli mmap images/4096x4096        0   196712   236091   394636 
%CPU %MEM ARGS Wed Sep 30 21:10:38 UTC 2026
 0.0  0.0 grep --color=auto ./cli       1  2344
19.3  4.8 ./cli mmap images/4096x4096   1 394540
19.3  4.8 ./cli mmap images/4096x4096   1 394536
19.5  4.8 ./cli mmap images/4096x4096   0 394600
19.7  4.8 ./cli mmap images/4096x4096   1 394636
20.0  4.8 ./cli mmap images/4096x4096   1 394628
  PID User     Command                         Swap      USS      PSS      RSS 
54212 codespace /usr/bin/python3 /usr/bin/s        0    12068    12315    14484 
50214 codespace ./cli mmap images/4096x4096        0   196708   236082   394536 
50203 codespace ./cli mmap images/4096x4096        0   196712   236086   394540 
50205 codespace ./cli mmap images/4096x4096        0   196708   236087   394628 
50212 codespace ./cli mmap images/4096x4096        0   196712   236088   394600 
50208 codespace ./cli mmap images/4096x4096        0   196712   236091   394636 
%CPU %MEM ARGS Wed Sep 30 21:10:39 UTC 2026
 0.0  0.0 grep --color=auto ./cli       1  2172
19.3  4.8 ./cli mmap images/4096x4096   1 394540
19.3  4.8 ./cli mmap images/4096x4096   1 394536
19.5  4.8 ./cli mmap images/4096x4096   1 394600
19.7  4.8 ./cli mmap images/4096x4096   1 394636
20.0  4.8 ./cli mmap images/4096x4096   0 394628
  PID User     Command                         Swap      USS      PSS      RSS 
54218 codespace /usr/bin/python3 /usr/bin/s        0    12076    12361    14524 
50214 codespace ./cli mmap images/4096x4096        0   196708   236082   394536 
50203 codespace ./cli mmap images/4096x4096        0   196712   236086   394540 
50205 codespace ./cli mmap images/4096x4096        0   196708   236087   394628 
50212 codespace ./cli mmap images/4096x4096        0   196712   236088   394600 
50208 codespace ./cli mmap images/4096x4096        0   196712   236091   394636 
%CPU %MEM ARGS Wed Sep 30 21:10:40 UTC 2026
 0.0  0.0 grep --color=auto ./cli       0  2204
19.2  4.8 ./cli mmap images/4096x4096   1 394540
19.3  4.8 ./cli mmap images/4096x4096   1 394536
19.5  4.8 ./cli mmap images/4096x4096   1 394600
19.7  4.8 ./cli mmap images/4096x4096   0 394636
20.1  4.8 ./cli mmap images/4096x4096   0 394628
  PID User     Command                         Swap      USS      PSS      RSS 
54235 codespace /usr/bin/python3 /usr/bin/s        0    12076    12348    14532 
50214 codespace ./cli mmap images/4096x4096        0   196708   236082   394536 
50203 codespace ./cli mmap images/4096x4096        0   196712   236086   394540 
50205 codespace ./cli mmap images/4096x4096        0   196708   236087   394628 
50212 codespace ./cli mmap images/4096x4096        0   196712   236088   394600 
50208 codespace ./cli mmap images/4096x4096        0   196712   236092   394636 
%CPU %MEM ARGS Wed Sep 30 21:10:41 UTC 2026
 0.0  0.0 grep --color=auto ./cli       0  2320
19.2  4.8 ./cli mmap images/4096x4096   0 394540
19.3  4.8 ./cli mmap images/4096x4096   0 394536
19.5  4.8 ./cli mmap images/4096x4096   0 394600
19.7  4.8 ./cli mmap images/4096x4096   0 394636
20.1  4.8 ./cli mmap images/4096x4096   1 394628
  PID User     Command                         Swap      USS      PSS      RSS 
54243 codespace /usr/bin/python3 /usr/bin/s        0    12072    12348    14520 
50214 codespace ./cli mmap images/4096x4096        0   196708   236082   394536 
50203 codespace ./cli mmap images/4096x4096        0   196712   236086   394540 
50205 codespace ./cli mmap images/4096x4096        0   196708   236087   394628 
50212 codespace ./cli mmap images/4096x4096        0   196712   236088   394600 
50208 codespace ./cli mmap images/4096x4096        0   196712   236092   394636 
%CPU %MEM ARGS Wed Sep 30 21:10:42 UTC 2026
 0.0  0.0 grep --color=auto ./cli       1  2172
19.2  4.8 ./cli mmap images/4096x4096   0 394540
19.3  4.8 ./cli mmap images/4096x4096   0 394536
19.5  4.8 ./cli mmap images/4096x4096   1 394600
19.7  4.8 ./cli mmap images/4096x4096   0 394636
20.1  4.8 ./cli mmap images/4096x4096   0 394628
  PID User     Command                         Swap      USS      PSS      RSS 
54249 codespace /usr/bin/python3 /usr/bin/s        0    12064    12349    14624 
50214 codespace ./cli mmap images/4096x4096        0   196708   236081   394536 
50203 codespace ./cli mmap images/4096x4096        0   196712   236086   394540 
50205 codespace ./cli mmap images/4096x4096        0   196708   236087   394628 
50212 codespace ./cli mmap images/4096x4096        0   196712   236088   394600 
50208 codespace ./cli mmap images/4096x4096        0   196712   236090   394636 
%CPU %MEM ARGS Wed Sep 30 21:10:43 UTC 2026
 0.0  0.0 grep --color=auto ./cli       0  2132
19.2  4.8 ./cli mmap images/4096x4096   1 394540
19.2  4.8 ./cli mmap images/4096x4096   0 394536
19.5  4.8 ./cli mmap images/4096x4096   0 394600
19.7  4.8 ./cli mmap images/4096x4096   0 394636
20.1  4.8 ./cli mmap images/4096x4096   0 394628
  PID User     Command                         Swap      USS      PSS      RSS 
54278 codespace /usr/bin/python3 /usr/bin/s        0    12060    12321    14528 
50214 codespace ./cli mmap images/4096x4096        0   196708   236081   394536 
50203 codespace ./cli mmap images/4096x4096        0   196712   236085   394540 
50205 codespace ./cli mmap images/4096x4096        0   196708   236087   394628 
50212 codespace ./cli mmap images/4096x4096        0   196712   236088   394600 
50208 codespace ./cli mmap images/4096x4096        0   196712   236092   394636 
%CPU %MEM ARGS Wed Sep 30 21:10:44 UTC 2026
 0.0  0.0 grep --color=auto ./cli       1  2172
19.2  4.8 ./cli mmap images/4096x4096   0 394536
19.3  4.8 ./cli mmap images/4096x4096   0 394540
19.5  4.8 ./cli mmap images/4096x4096   0 394600
19.7  4.8 ./cli mmap images/4096x4096   0 394636
20.0  4.8 ./cli mmap images/4096x4096   0 394628
  PID User     Command                         Swap      USS      PSS      RSS 
54284 codespace /usr/bin/python3 /usr/bin/s        0    12064    12316    14480 
50205 codespace ./cli mmap images/4096x4096        0   196708   236080   394628 
50214 codespace ./cli mmap images/4096x4096        0   196708   236081   394536 
50212 codespace ./cli mmap images/4096x4096        0   196712   236082   394600 
50203 codespace ./cli mmap images/4096x4096        0   196712   236084   394540 
50208 codespace ./cli mmap images/4096x4096        0   196712   236084   394636 
%CPU %MEM ARGS Wed Sep 30 21:10:45 UTC 2026
 0.0  0.0 grep --color=auto ./cli       0  2296
19.2  4.8 ./cli mmap images/4096x4096   0 394536
19.3  4.8 ./cli mmap images/4096x4096   1 394540
19.5  4.8 ./cli mmap images/4096x4096   0 394600
19.6  4.8 ./cli mmap images/4096x4096   0 394636
20.0  4.8 ./cli mmap images/4096x4096   0 394628
  PID User     Command                         Swap      USS      PSS      RSS 
54296 codespace /usr/bin/python3 /usr/bin/s        0    12060    12314    14624 
50214 codespace ./cli mmap images/4096x4096        0   196708   236081   394536 
50203 codespace ./cli mmap images/4096x4096        0   196712   236086   394540 
50212 codespace ./cli mmap images/4096x4096        0   196712   236086   394600 
50205 codespace ./cli mmap images/4096x4096        0   196708   236087   394628 
50208 codespace ./cli mmap images/4096x4096        0   196712   236092   394636 
%CPU %MEM ARGS Wed Sep 30 21:10:46 UTC 2026
 0.0  0.0 grep --color=auto ./cli       1  2184
19.2  4.8 ./cli mmap images/4096x4096   0 394536
19.3  4.8 ./cli mmap images/4096x4096   0 394540
19.5  4.8 ./cli mmap images/4096x4096   0 394600
19.6  4.8 ./cli mmap images/4096x4096   0 394636
20.0  4.8 ./cli mmap images/4096x4096   1 394628
  PID User     Command                         Swap      USS      PSS      RSS 
54308 codespace /usr/bin/python3 /usr/bin/s        0    12064    12301    14548 
50214 codespace ./cli mmap images/4096x4096        0   196708   236076   394536 
50203 codespace ./cli mmap images/4096x4096        0   196712   236085   394540 
50205 codespace ./cli mmap images/4096x4096        0   196708   236087   394628 
50212 codespace ./cli mmap images/4096x4096        0   196712   236088   394600 
50208 codespace ./cli mmap images/4096x4096        0   196712   236091   394636 
%CPU %MEM ARGS Wed Sep 30 21:10:47 UTC 2026
 0.0  0.0 grep --color=auto ./cli       0  2160
19.3  4.8 ./cli mmap images/4096x4096   1 394536
19.3  4.8 ./cli mmap images/4096x4096   0 394540
19.5  4.8 ./cli mmap images/4096x4096   0 394600
19.6  4.8 ./cli mmap images/4096x4096   0 394636
20.0  4.8 ./cli mmap images/4096x4096   0 394628
  PID User     Command                         Swap      USS      PSS      RSS 
54320 codespace /usr/bin/python3 /usr/bin/s        0    12060    12308    14484 
50214 codespace ./cli mmap images/4096x4096        0   196708   236081   394536 
50203 codespace ./cli mmap images/4096x4096        0   196712   236085   394540 
50205 codespace ./cli mmap images/4096x4096        0   196708   236087   394628 
50212 codespace ./cli mmap images/4096x4096        0   196712   236088   394600 
50208 codespace ./cli mmap images/4096x4096        0   196712   236092   394636 
%CPU %MEM ARGS Wed Sep 30 21:10:48 UTC 2026
 0.0  0.0 grep --color=auto ./cli       0  2304
19.3  4.8 ./cli mmap images/4096x4096   1 394536
19.3  4.8 ./cli mmap images/4096x4096   1 394540
19.5  4.8 ./cli mmap images/4096x4096   1 394600
19.6  4.8 ./cli mmap images/4096x4096   1 394636
20.0  4.8 ./cli mmap images/4096x4096   1 394628
  PID User     Command                         Swap      USS      PSS      RSS 
54326 codespace /usr/bin/python3 /usr/bin/s        0    12084    12377    14592 
50214 codespace ./cli mmap images/4096x4096        0   196708   236081   394536 
50203 codespace ./cli mmap images/4096x4096        0   196712   236085   394540 
50205 codespace ./cli mmap images/4096x4096        0   196708   236087   394628 
50212 codespace ./cli mmap images/4096x4096        0   196712   236088   394600 
50208 codespace ./cli mmap images/4096x4096        0   196712   236092   394636 
%CPU %MEM ARGS Wed Sep 30 21:10:49 UTC 2026
 0.0  0.0 grep --color=auto ./cli       1  2304
19.3  4.8 ./cli mmap images/4096x4096   1 394536
19.3  4.8 ./cli mmap images/4096x4096   0 394540
19.5  4.8 ./cli mmap images/4096x4096   1 394600
19.6  4.8 ./cli mmap images/4096x4096   1 394636
20.0  4.8 ./cli mmap images/4096x4096   1 394628
  PID User     Command                         Swap      USS      PSS      RSS 
54331 codespace /usr/bin/python3 /usr/bin/s        0    12000    12216    14472 
50214 codespace ./cli mmap images/4096x4096        0   196708   236076   394536 
50212 codespace ./cli mmap images/4096x4096        0   196712   236085   394600 
50203 codespace ./cli mmap images/4096x4096        0   196712   236086   394540 
50205 codespace ./cli mmap images/4096x4096        0   196708   236087   394628 
50208 codespace ./cli mmap images/4096x4096        0   196712   236091   394636 
%CPU %MEM ARGS Wed Sep 30 21:10:50 UTC 2026
 0.0  0.0 grep --color=auto ./cli       1  2164
19.3  4.8 ./cli mmap images/4096x4096   1 394536
19.3  4.8 ./cli mmap images/4096x4096   1 394540
19.5  4.8 ./cli mmap images/4096x4096   1 394600
19.6  4.8 ./cli mmap images/4096x4096   0 394636
20.0  4.8 ./cli mmap images/4096x4096   1 394628
  PID User     Command                         Swap      USS      PSS      RSS 
54343 codespace /usr/bin/python3 /usr/bin/s        0    12060    12318    14528 
50214 codespace ./cli mmap images/4096x4096        0   196708   236082   394536 
50203 codespace ./cli mmap images/4096x4096        0   196712   236086   394540 
50205 codespace ./cli mmap images/4096x4096        0   196708   236087   394628 
50212 codespace ./cli mmap images/4096x4096        0   196712   236088   394600 
50208 codespace ./cli mmap images/4096x4096        0   196712   236091   394636 
%CPU %MEM ARGS Wed Sep 30 21:10:51 UTC 2026
 0.0  0.0 grep --color=auto ./cli       1  2160
19.2  4.8 ./cli mmap images/4096x4096   1 394536
19.3  4.8 ./cli mmap images/4096x4096   1 394540
19.5  4.8 ./cli mmap images/4096x4096   1 394600
19.6  4.8 ./cli mmap images/4096x4096   0 394636
20.0  4.8 ./cli mmap images/4096x4096   1 394628
  PID User     Command                         Swap      USS      PSS      RSS 
54354 codespace /usr/bin/python3 /usr/bin/s        0    12060    12312    14552 
50214 codespace ./cli mmap images/4096x4096        0   196708   236081   394536 
50203 codespace ./cli mmap images/4096x4096        0   196712   236084   394540 
50205 codespace ./cli mmap images/4096x4096        0   196708   236086   394628 
50212 codespace ./cli mmap images/4096x4096        0   196712   236088   394600 
50208 codespace ./cli mmap images/4096x4096        0   196712   236090   394636 
%CPU %MEM ARGS Wed Sep 30 21:10:52 UTC 2026
 0.0  0.0 grep --color=auto ./cli       1  2180
19.2  4.8 ./cli mmap images/4096x4096   0 394536
19.3  4.8 ./cli mmap images/4096x4096   0 394540
19.5  4.8 ./cli mmap images/4096x4096   0 394600
19.6  4.8 ./cli mmap images/4096x4096   0 394636
20.0  4.8 ./cli mmap images/4096x4096   0 394628
  PID User     Command                         Swap      USS      PSS      RSS 
54374 codespace /usr/bin/python3 /usr/bin/s        0    12064    12324    14532 
50214 codespace ./cli mmap images/4096x4096        0   196708   236082   394536 
50203 codespace ./cli mmap images/4096x4096        0   196712   236086   394540 
50205 codespace ./cli mmap images/4096x4096        0   196708   236087   394628 
50212 codespace ./cli mmap images/4096x4096        0   196712   236088   394600 
50208 codespace ./cli mmap images/4096x4096        0   196712   236092   394636 
%CPU %MEM ARGS Wed Sep 30 21:10:53 UTC 2026
 0.0  0.0 grep --color=auto ./cli       0  2168
19.3  4.8 ./cli mmap images/4096x4096   0 394536
19.3  4.8 ./cli mmap images/4096x4096   1 394540
19.5  4.8 ./cli mmap images/4096x4096   0 394600
19.6  4.8 ./cli mmap images/4096x4096   0 394636
20.0  4.8 ./cli mmap images/4096x4096   0 394628
  PID User     Command                         Swap      USS      PSS      RSS 
54386 codespace /usr/bin/python3 /usr/bin/s        0    12008    12267    14460 
50214 codespace ./cli mmap images/4096x4096        0   196708   236082   394536 
50203 codespace ./cli mmap images/4096x4096        0   196712   236086   394540 
50205 codespace ./cli mmap images/4096x4096        0   196708   236087   394628 
50212 codespace ./cli mmap images/4096x4096        0   196712   236088   394600 
50208 codespace ./cli mmap images/4096x4096        0   196712   236091   394636 
%CPU %MEM ARGS Wed Sep 30 21:10:54 UTC 2026
 0.0  0.0 grep --color=auto ./cli       0  2340
19.2  4.8 ./cli mmap images/4096x4096   0 394536
19.3  4.8 ./cli mmap images/4096x4096   0 394540
19.5  4.8 ./cli mmap images/4096x4096   0 394600
19.6  4.8 ./cli mmap images/4096x4096   0 394636
19.9  4.8 ./cli mmap images/4096x4096   0 394628
  PID User     Command                         Swap      USS      PSS      RSS 
54410 codespace /usr/bin/python3 /usr/bin/s        0    12064    12338    14572 
50214 codespace ./cli mmap images/4096x4096        0   196708   236081   394536 
50203 codespace ./cli mmap images/4096x4096        0   196712   236085   394540 
50205 codespace ./cli mmap images/4096x4096        0   196708   236087   394628 
50212 codespace ./cli mmap images/4096x4096        0   196712   236088   394600 
50208 codespace ./cli mmap images/4096x4096        0   196712   236091   394636 
%CPU %MEM ARGS Wed Sep 30 21:10:55 UTC 2026
 0.0  0.0 grep --color=auto ./cli       0  2300
19.2  4.8 ./cli mmap images/4096x4096   0 394536
19.3  4.8 ./cli mmap images/4096x4096   1 394540
19.5  4.8 ./cli mmap images/4096x4096   0 394600
19.6  4.8 ./cli mmap images/4096x4096   0 394636
19.9  4.8 ./cli mmap images/4096x4096   0 394628
  PID User     Command                         Swap      USS      PSS      RSS 
54415 codespace /usr/bin/python3 /usr/bin/s        0    12064    12346    14592 
50214 codespace ./cli mmap images/4096x4096        0   196708   236082   394536 
50203 codespace ./cli mmap images/4096x4096        0   196712   236086   394540 
50205 codespace ./cli mmap images/4096x4096        0   196708   236087   394628 
50212 codespace ./cli mmap images/4096x4096        0   196712   236088   394600 
50208 codespace ./cli mmap images/4096x4096        0   196712   236092   394636 
%CPU %MEM ARGS Wed Sep 30 21:10:55 UTC 2026
 0.0  0.0 grep --color=auto ./cli       0  2252
19.3  4.8 ./cli mmap images/4096x4096   1 394536
19.3  4.8 ./cli mmap images/4096x4096   0 394540
19.5  4.8 ./cli mmap images/4096x4096   0 394600
19.6  4.8 ./cli mmap images/4096x4096   0 394636
19.9  4.8 ./cli mmap images/4096x4096   0 394628
  PID User     Command                         Swap      USS      PSS      RSS 
54421 codespace /usr/bin/python3 /usr/bin/s        0    12060    12324    14512 
50214 codespace ./cli mmap images/4096x4096        0   196708   236081   394536 
50203 codespace ./cli mmap images/4096x4096        0   196712   236085   394540 
50205 codespace ./cli mmap images/4096x4096        0   196708   236087   394628 
50212 codespace ./cli mmap images/4096x4096        0   196712   236088   394600 
50208 codespace ./cli mmap images/4096x4096        0   196712   236092   394636 
%CPU %MEM ARGS Wed Sep 30 21:10:56 UTC 2026
 0.0  0.0 grep --color=auto ./cli       0  2160
19.3  4.8 ./cli mmap images/4096x4096   0 394536
19.3  4.8 ./cli mmap images/4096x4096   0 394540
19.5  4.8 ./cli mmap images/4096x4096   0 394600
19.6  4.8 ./cli mmap images/4096x4096   1 394636
19.9  4.8 ./cli mmap images/4096x4096   0 394628
  PID User     Command                         Swap      USS      PSS      RSS 
54427 codespace /usr/bin/python3 /usr/bin/s        0    12064    12321    14548 
50214 codespace ./cli mmap images/4096x4096        0   196708   236082   394536 
50203 codespace ./cli mmap images/4096x4096        0   196712   236086   394540 
50205 codespace ./cli mmap images/4096x4096        0   196708   236086   394628 
50212 codespace ./cli mmap images/4096x4096        0   196712   236088   394600 
50208 codespace ./cli mmap images/4096x4096        0   196712   236091   394636 
%CPU %MEM ARGS Wed Sep 30 21:10:57 UTC 2026
 0.0  0.0 grep --color=auto ./cli       0  2184
19.2  4.8 ./cli mmap images/4096x4096   1 394536
19.2  4.8 ./cli mmap images/4096x4096   0 394540
19.5  4.8 ./cli mmap images/4096x4096   0 394600
19.6  4.8 ./cli mmap images/4096x4096   0 394636
19.9  4.8 ./cli mmap images/4096x4096   0 394628
  PID User     Command                         Swap      USS      PSS      RSS 
54451 codespace /usr/bin/python3 /usr/bin/s        0    12064    12343    14572 
50214 codespace ./cli mmap images/4096x4096        0   196708   236081   394536 
50203 codespace ./cli mmap images/4096x4096        0   196712   236085   394540 
50205 codespace ./cli mmap images/4096x4096        0   196708   236087   394628 
50212 codespace ./cli mmap images/4096x4096        0   196712   236088   394600 
50208 codespace ./cli mmap images/4096x4096        0   196712   236092   394636 
%CPU %MEM ARGS Wed Sep 30 21:10:58 UTC 2026
 0.0  0.0 grep --color=auto ./cli       0  2156
19.2  4.8 ./cli mmap images/4096x4096   0 394536
19.2  4.8 ./cli mmap images/4096x4096   0 394540
19.5  4.8 ./cli mmap images/4096x4096   0 394600
19.6  4.8 ./cli mmap images/4096x4096   1 394636
19.9  4.8 ./cli mmap images/4096x4096   0 394628
  PID User     Command                         Swap      USS      PSS      RSS 
54456 codespace /usr/bin/python3 /usr/bin/s        0    12068    12321    14548 
50214 codespace ./cli mmap images/4096x4096        0   196708   236082   394536 
50203 codespace ./cli mmap images/4096x4096        0   196712   236086   394540 
50205 codespace ./cli mmap images/4096x4096        0   196708   236086   394628 
50212 codespace ./cli mmap images/4096x4096        0   196712   236088   394600 
50208 codespace ./cli mmap images/4096x4096        0   196712   236091   394636 
%CPU %MEM ARGS Wed Sep 30 21:10:59 UTC 2026
 0.0  0.0 grep --color=auto ./cli       0  2164
19.2  4.8 ./cli mmap images/4096x4096   1 394536
19.2  4.8 ./cli mmap images/4096x4096   1 394540
19.5  4.8 ./cli mmap images/4096x4096   0 394600
19.6  4.8 ./cli mmap images/4096x4096   1 394636
19.9  4.8 ./cli mmap images/4096x4096   1 394628
  PID User     Command                         Swap      USS      PSS      RSS 
54468 codespace /usr/bin/python3 /usr/bin/s        0    12060    12324    14528 
50214 codespace ./cli mmap images/4096x4096        0   196708   236081   394536 
50203 codespace ./cli mmap images/4096x4096        0   196712   236085   394540 
50205 codespace ./cli mmap images/4096x4096        0   196708   236087   394628 
50212 codespace ./cli mmap images/4096x4096        0   196712   236088   394600 
50208 codespace ./cli mmap images/4096x4096        0   196712   236092   394636 
%CPU %MEM ARGS Wed Sep 30 21:11:00 UTC 2026
 0.0  0.0 grep --color=auto ./cli       1  2176
19.2  4.8 ./cli mmap images/4096x4096   0 394540
19.3  4.8 ./cli mmap images/4096x4096   1 394536
19.5  4.8 ./cli mmap images/4096x4096   0 394600
19.6  4.8 ./cli mmap images/4096x4096   0 394636
19.9  4.8 ./cli mmap images/4096x4096   1 394628
  PID User     Command                         Swap      USS      PSS      RSS 
54475 codespace /usr/bin/python3 /usr/bin/s        0    12060    12307    14476 
50214 codespace ./cli mmap images/4096x4096        0   196708   236082   394536 
50203 codespace ./cli mmap images/4096x4096        0   196712   236086   394540 
50205 codespace ./cli mmap images/4096x4096        0   196708   236086   394628 
50212 codespace ./cli mmap images/4096x4096        0   196712   236088   394600 
50208 codespace ./cli mmap images/4096x4096        0   196712   236091   394636 
%CPU %MEM ARGS Wed Sep 30 21:11:01 UTC 2026
 0.0  0.0 grep --color=auto ./cli       1  2288
19.3  4.8 ./cli mmap images/4096x4096   1 394536
19.3  4.8 ./cli mmap images/4096x4096   1 394540
19.5  4.8 ./cli mmap images/4096x4096   1 394600
19.6  4.8 ./cli mmap images/4096x4096   0 394636
19.9  4.8 ./cli mmap images/4096x4096   1 394628
  PID User     Command                         Swap      USS      PSS      RSS 
54484 codespace /usr/bin/python3 /usr/bin/s        0    12020    12274    14500 
50214 codespace ./cli mmap images/4096x4096        0   196708   236082   394536 
50203 codespace ./cli mmap images/4096x4096        0   196712   236086   394540 
50205 codespace ./cli mmap images/4096x4096        0   196708   236087   394628 
50212 codespace ./cli mmap images/4096x4096        0   196712   236088   394600 
50208 codespace ./cli mmap images/4096x4096        0   196712   236091   394636 
%CPU %MEM ARGS Wed Sep 30 21:11:02 UTC 2026
 0.0  0.0 grep --color=auto ./cli       1  2160
19.3  4.8 ./cli mmap images/4096x4096   1 394536
19.3  4.8 ./cli mmap images/4096x4096   0 394540
19.5  4.8 ./cli mmap images/4096x4096   1 394600
19.6  4.8 ./cli mmap images/4096x4096   1 394636
19.9  4.8 ./cli mmap images/4096x4096   1 394628
  PID User     Command                         Swap      USS      PSS      RSS 
54493 codespace /usr/bin/python3 /usr/bin/s        0    12064    12328    14480 
50214 codespace ./cli mmap images/4096x4096        0   196708   236082   394536 
50203 codespace ./cli mmap images/4096x4096        0   196712   236085   394540 
50205 codespace ./cli mmap images/4096x4096        0   196708   236085   394628 
50212 codespace ./cli mmap images/4096x4096        0   196712   236088   394600 
50208 codespace ./cli mmap images/4096x4096        0   196712   236091   394636 
%CPU %MEM ARGS Wed Sep 30 21:11:03 UTC 2026
 0.0  0.0 grep --color=auto ./cli       0  2220
19.2  4.8 ./cli mmap images/4096x4096   1 394536
19.3  4.8 ./cli mmap images/4096x4096   1 394540
19.4  4.8 ./cli mmap images/4096x4096   1 394600
19.6  4.8 ./cli mmap images/4096x4096   0 394636
19.9  4.8 ./cli mmap images/4096x4096   1 394628
  PID User     Command                         Swap      USS      PSS      RSS 
54505 codespace /usr/bin/python3 /usr/bin/s        0    12064    12320    14548 
50214 codespace ./cli mmap images/4096x4096        0   196708   236082   394536 
50203 codespace ./cli mmap images/4096x4096        0   196712   236086   394540 
50205 codespace ./cli mmap images/4096x4096        0   196708   236087   394628 
50212 codespace ./cli mmap images/4096x4096        0   196712   236088   394600 
50208 codespace ./cli mmap images/4096x4096        0   196712   236091   394636 
%CPU %MEM ARGS Wed Sep 30 21:11:04 UTC 2026
 0.0  0.0 grep --color=auto ./cli       1  2180
19.2  4.8 ./cli mmap images/4096x4096   0 394536
19.3  4.8 ./cli mmap images/4096x4096   0 394540
19.4  4.8 ./cli mmap images/4096x4096   0 394600
19.6  4.8 ./cli mmap images/4096x4096   0 394636
19.9  4.8 ./cli mmap images/4096x4096   1 394628
  PID User     Command                         Swap      USS      PSS      RSS 
54535 codespace /usr/bin/python3 /usr/bin/s        0    12064    12316    14480 
50214 codespace ./cli mmap images/4096x4096        0   196708   236082   394536 
50203 codespace ./cli mmap images/4096x4096        0   196712   236086   394540 
50205 codespace ./cli mmap images/4096x4096        0   196708   236087   394628 
50212 codespace ./cli mmap images/4096x4096        0   196712   236088   394600 
50208 codespace ./cli mmap images/4096x4096        0   196712   236091   394636 
%CPU %MEM ARGS Wed Sep 30 21:11:05 UTC 2026
 0.0  0.0 grep --color=auto ./cli       0  2164
19.2  4.8 ./cli mmap images/4096x4096   0 394536
19.3  4.8 ./cli mmap images/4096x4096   0 394540
19.4  4.8 ./cli mmap images/4096x4096   0 394600
19.6  4.8 ./cli mmap images/4096x4096   0 394636
19.9  4.8 ./cli mmap images/4096x4096   1 394628
  PID User     Command                         Swap      USS      PSS      RSS 
54541 codespace /usr/bin/python3 /usr/bin/s        0    12012    12270    14488 
50203 codespace ./cli mmap images/4096x4096        0   196712   236080   394540 
50214 codespace ./cli mmap images/4096x4096        0   196708   236082   394536 
50205 codespace ./cli mmap images/4096x4096        0   196708   236087   394628 
50212 codespace ./cli mmap images/4096x4096        0   196712   236088   394600 
50208 codespace ./cli mmap images/4096x4096        0   196712   236093   394636 
%CPU %MEM ARGS Wed Sep 30 21:11:06 UTC 2026
 0.0  0.0 grep --color=auto ./cli       1  2296
19.2  4.8 ./cli mmap images/4096x4096   0 394536
19.3  4.8 ./cli mmap images/4096x4096   0 394540
19.4  4.8 ./cli mmap images/4096x4096   0 394600
19.6  4.8 ./cli mmap images/4096x4096   1 394636
19.9  4.8 ./cli mmap images/4096x4096   0 394628
  PID User     Command                         Swap      USS      PSS      RSS 
54553 codespace /usr/bin/python3 /usr/bin/s        0    12064    12327    14516 
50214 codespace ./cli mmap images/4096x4096        0   196708   236082   394536 
50203 codespace ./cli mmap images/4096x4096        0   196712   236086   394540 
50205 codespace ./cli mmap images/4096x4096        0   196708   236087   394628 
50212 codespace ./cli mmap images/4096x4096        0   196712   236088   394600 
50208 codespace ./cli mmap images/4096x4096        0   196712   236092   394636 
%CPU %MEM ARGS Wed Sep 30 21:11:07 UTC 2026
 0.0  0.0 grep --color=auto ./cli       0  2152
19.2  4.8 ./cli mmap images/4096x4096   0 394536
19.3  4.8 ./cli mmap images/4096x4096   0 394540
19.4  4.8 ./cli mmap images/4096x4096   1 394600
19.6  4.8 ./cli mmap images/4096x4096   0 394636
19.9  4.8 ./cli mmap images/4096x4096   0 394628
  PID User     Command                         Swap      USS      PSS      RSS 
54559 codespace /usr/bin/python3 /usr/bin/s        0    12072    12313    14524 
50214 codespace ./cli mmap images/4096x4096        0   196708   236081   394536 
50208 codespace ./cli mmap images/4096x4096        0   196712   236085   394636 
50203 codespace ./cli mmap images/4096x4096        0   196712   236086   394540 
50205 codespace ./cli mmap images/4096x4096        0   196708   236086   394628 
50212 codespace ./cli mmap images/4096x4096        0   196712   236086   394600 
%CPU %MEM ARGS Wed Sep 30 21:11:09 UTC 2026
 0.0  0.0 grep --color=auto ./cli       1  2180
19.2  4.8 ./cli mmap images/4096x4096   1 394536
19.3  4.8 ./cli mmap images/4096x4096   0 394540
19.4  4.8 ./cli mmap images/4096x4096   0 394600
19.6  4.8 ./cli mmap images/4096x4096   0 394636
19.9  4.8 ./cli mmap images/4096x4096   0 394628
  PID User     Command                         Swap      USS      PSS      RSS 
54577 codespace /usr/bin/python3 /usr/bin/s        0    12060    12307    14476 
50214 codespace ./cli mmap images/4096x4096        0   196708   236082   394536 
50203 codespace ./cli mmap images/4096x4096        0   196712   236086   394540 
50205 codespace ./cli mmap images/4096x4096        0   196708   236086   394628 
50212 codespace ./cli mmap images/4096x4096        0   196712   236088   394600 
50208 codespace ./cli mmap images/4096x4096        0   196712   236091   394636 
%CPU %MEM ARGS Wed Sep 30 21:11:10 UTC 2026
 0.0  0.0 grep --color=auto ./cli       0  2196
19.2  4.8 ./cli mmap images/4096x4096   1 394536
19.3  4.8 ./cli mmap images/4096x4096   0 394540
19.4  4.8 ./cli mmap images/4096x4096   0 394600
19.6  4.8 ./cli mmap images/4096x4096   0 394636
19.9  4.8 ./cli mmap images/4096x4096   0 394628
  PID User     Command                         Swap      USS      PSS      RSS 
54583 codespace /usr/bin/python3 /usr/bin/s        0    12064    12334    14480 
50214 codespace ./cli mmap images/4096x4096        0   196708   236082   394536 
50203 codespace ./cli mmap images/4096x4096        0   196712   236086   394540 
50205 codespace ./cli mmap images/4096x4096        0   196708   236086   394628 
50208 codespace ./cli mmap images/4096x4096        0   196712   236087   394636 
50212 codespace ./cli mmap images/4096x4096        0   196712   236088   394600 
%CPU %MEM ARGS Wed Sep 30 21:11:11 UTC 2026
 0.0  0.0 grep --color=auto ./cli       0  2180
19.3  4.8 ./cli mmap images/4096x4096   0 394540
19.3  4.8 ./cli mmap images/4096x4096   0 394536
19.4  4.8 ./cli mmap images/4096x4096   0 394600
19.6  4.8 ./cli mmap images/4096x4096   0 394636
19.9  4.8 ./cli mmap images/4096x4096   0 394628
  PID User     Command                         Swap      USS      PSS      RSS 
54595 codespace /usr/bin/python3 /usr/bin/s        0    12072    12351    14580 
50214 codespace ./cli mmap images/4096x4096        0   196708   236081   394536 
50203 codespace ./cli mmap images/4096x4096        0   196712   236085   394540 
50205 codespace ./cli mmap images/4096x4096        0   196708   236087   394628 
50212 codespace ./cli mmap images/4096x4096        0   196712   236088   394600 
50208 codespace ./cli mmap images/4096x4096        0   196712   236092   394636 
%CPU %MEM ARGS Wed Sep 30 21:11:12 UTC 2026
 0.0  0.0 grep --color=auto ./cli       0  2304
19.2  4.8 ./cli mmap images/4096x4096   0 394540
19.3  4.8 ./cli mmap images/4096x4096   0 394536
19.4  4.8 ./cli mmap images/4096x4096   0 394600
19.6  4.8 ./cli mmap images/4096x4096   1 394636
19.9  4.8 ./cli mmap images/4096x4096   0 394628
  PID User     Command                         Swap      USS      PSS      RSS 
54602 codespace /usr/bin/python3 /usr/bin/s        0    12088    12374    14592 
50203 codespace ./cli mmap images/4096x4096        0   196712   236080   394540 
50214 codespace ./cli mmap images/4096x4096        0   196708   236082   394536 
50205 codespace ./cli mmap images/4096x4096        0   196708   236087   394628 
50212 codespace ./cli mmap images/4096x4096        0   196712   236088   394600 
50208 codespace ./cli mmap images/4096x4096        0   196712   236090   394636 
%CPU %MEM ARGS Wed Sep 30 21:11:13 UTC 2026
 0.0  0.0 grep --color=auto ./cli       0  2176
19.2  4.8 ./cli mmap images/4096x4096   0 394536
19.2  4.8 ./cli mmap images/4096x4096   0 394540
19.4  4.8 ./cli mmap images/4096x4096   0 394600
19.7  4.8 ./cli mmap images/4096x4096   1 394636
19.9  4.8 ./cli mmap images/4096x4096   0 394628
  PID User     Command                         Swap      USS      PSS      RSS 
54614 codespace /usr/bin/python3 /usr/bin/s        0    12068    12315    14520 
50214 codespace ./cli mmap images/4096x4096        0   196708   236080   394536 
50203 codespace ./cli mmap images/4096x4096        0   196712   236086   394540 
50212 codespace ./cli mmap images/4096x4096        0   196712   236086   394600 
50205 codespace ./cli mmap images/4096x4096        0   196708   236087   394628 
50208 codespace ./cli mmap images/4096x4096        0   196712   236090   394636 
%CPU %MEM ARGS Wed Sep 30 21:11:14 UTC 2026
 0.0  0.0 grep --color=auto ./cli       0  2160
19.2  4.8 ./cli mmap images/4096x4096   0 394540
19.2  4.8 ./cli mmap images/4096x4096   0 394536
19.4  4.8 ./cli mmap images/4096x4096   0 394600
19.7  4.8 ./cli mmap images/4096x4096   1 394636
19.9  4.8 ./cli mmap images/4096x4096   0 394628
  PID User     Command                         Swap      USS      PSS      RSS 
54644 codespace /usr/bin/python3 /usr/bin/s        0    12064    12329    14516 
50214 codespace ./cli mmap images/4096x4096        0   196708   236081   394536 
50212 codespace ./cli mmap images/4096x4096        0   196712   236082   394600 
50203 codespace ./cli mmap images/4096x4096        0   196712   236085   394540 
50205 codespace ./cli mmap images/4096x4096        0   196708   236087   394628 
50208 codespace ./cli mmap images/4096x4096        0   196712   236092   394636 
%CPU %MEM ARGS Wed Sep 30 21:11:16 UTC 2026
 0.0  0.0 grep --color=auto ./cli       1  2340
19.2  4.8 ./cli mmap images/4096x4096   1 394540
19.2  4.8 ./cli mmap images/4096x4096   1 394536
19.4  4.8 ./cli mmap images/4096x4096   0 394600
19.6  4.8 ./cli mmap images/4096x4096   1 394636
19.9  4.8 ./cli mmap images/4096x4096   1 394628
  PID User     Command                         Swap      USS      PSS      RSS 
54656 codespace /usr/bin/python3 /usr/bin/s        0    12064    12346    14592 
50214 codespace ./cli mmap images/4096x4096        0   196708   236082   394536 
50203 codespace ./cli mmap images/4096x4096        0   196712   236086   394540 
50212 codespace ./cli mmap images/4096x4096        0   196712   236088   394600 
50205 codespace ./cli mmap images/4096x4096        0   196708   236090   394628 
50208 codespace ./cli mmap images/4096x4096        0   196712   236092   394636 
%CPU %MEM ARGS Wed Sep 30 21:11:17 UTC 2026
 0.0  0.0 grep --color=auto ./cli       0  2196
19.2  4.8 ./cli mmap images/4096x4096   1 394540
19.2  4.8 ./cli mmap images/4096x4096   0 394536
19.4  4.8 ./cli mmap images/4096x4096   1 394600
19.6  4.8 ./cli mmap images/4096x4096   1 394636
19.9  4.8 ./cli mmap images/4096x4096   1 394628
  PID User     Command                         Swap      USS      PSS      RSS 
54662 codespace /usr/bin/python3 /usr/bin/s        0    12064    12309    14480 
50214 codespace ./cli mmap images/4096x4096        0   196708   236082   394536 
50203 codespace ./cli mmap images/4096x4096        0   196712   236086   394540 
50205 codespace ./cli mmap images/4096x4096        0   196708   236087   394628 
50212 codespace ./cli mmap images/4096x4096        0   196712   236088   394600 
50208 codespace ./cli mmap images/4096x4096        0   196712   236091   394636 
%CPU %MEM ARGS Wed Sep 30 21:11:17 UTC 2026
 0.0  0.0 grep --color=auto ./cli       1  2192
19.2  4.8 ./cli mmap images/4096x4096   1 394540
19.2  4.8 ./cli mmap images/4096x4096   1 394536
19.4  4.8 ./cli mmap images/4096x4096   0 394600
19.6  4.8 ./cli mmap images/4096x4096   1 394636
19.9  4.8 ./cli mmap images/4096x4096   1 394628
  PID User     Command                         Swap      USS      PSS      RSS 
54668 codespace /usr/bin/python3 /usr/bin/s        0    12064    12313    14480 
50205 codespace ./cli mmap images/4096x4096        0   196708   236080   394628 
50203 codespace ./cli mmap images/4096x4096        0   196712   236081   394540 
50214 codespace ./cli mmap images/4096x4096        0   196708   236082   394536 
50208 codespace ./cli mmap images/4096x4096        0   196712   236087   394636 
50212 codespace ./cli mmap images/4096x4096        0   196712   236088   394600 
%CPU %MEM ARGS Wed Sep 30 21:11:18 UTC 2026
 0.0  0.0 grep --color=auto ./cli       1  2192
19.2  4.8 ./cli mmap images/4096x4096   1 394540
19.2  4.8 ./cli mmap images/4096x4096   1 394536
19.4  4.8 ./cli mmap images/4096x4096   0 394600
19.6  4.8 ./cli mmap images/4096x4096   0 394636
19.9  4.8 ./cli mmap images/4096x4096   0 394628
  PID User     Command                         Swap      USS      PSS      RSS 
54679 codespace /usr/bin/python3 /usr/bin/s        0    12064    12318    14480 
50214 codespace ./cli mmap images/4096x4096        0   196708   236082   394536 
50203 codespace ./cli mmap images/4096x4096        0   196712   236086   394540 
50205 codespace ./cli mmap images/4096x4096        0   196708   236086   394628 
50212 codespace ./cli mmap images/4096x4096        0   196712   236088   394600 
50208 codespace ./cli mmap images/4096x4096        0   196712   236091   394636 
%CPU %MEM ARGS Wed Sep 30 21:11:19 UTC 2026
 0.0  0.0 grep --color=auto ./cli       0  2156
19.2  4.8 ./cli mmap images/4096x4096   1 394540
19.2  4.8 ./cli mmap images/4096x4096   0 394536
19.5  4.8 ./cli mmap images/4096x4096   1 394600
19.6  4.8 ./cli mmap images/4096x4096   1 394636
19.9  4.8 ./cli mmap images/4096x4096   1 394628
  PID User     Command                         Swap      USS      PSS      RSS 
54685 codespace /usr/bin/python3 /usr/bin/s        0    12060    12268    14552 
50214 codespace ./cli mmap images/4096x4096        0   196708   236075   394536 
50205 codespace ./cli mmap images/4096x4096        0   196708   236081   394628 
50203 codespace ./cli mmap images/4096x4096        0   196712   236086   394540 
50212 codespace ./cli mmap images/4096x4096        0   196712   236086   394600 
50208 codespace ./cli mmap images/4096x4096        0   196712   236090   394636 
%CPU %MEM ARGS Wed Sep 30 21:11:20 UTC 2026
 0.0  0.0 grep --color=auto ./cli       1  2308
19.2  4.8 ./cli mmap images/4096x4096   0 394540
19.3  4.8 ./cli mmap images/4096x4096   1 394536
19.4  4.8 ./cli mmap images/4096x4096   1 394600
19.6  4.8 ./cli mmap images/4096x4096   0 394636
19.8  4.8 ./cli mmap images/4096x4096   0 394628
  PID User     Command                         Swap      USS      PSS      RSS 
54704 codespace /usr/bin/python3 /usr/bin/s        0    12068    12324    14548 
50214 codespace ./cli mmap images/4096x4096        0   196708   236082   394536 
50203 codespace ./cli mmap images/4096x4096        0   196712   236086   394540 
50205 codespace ./cli mmap images/4096x4096        0   196708   236086   394628 
50212 codespace ./cli mmap images/4096x4096        0   196712   236088   394600 
50208 codespace ./cli mmap images/4096x4096        0   196712   236091   394636 
%CPU %MEM ARGS Wed Sep 30 21:11:21 UTC 2026
 0.0  0.0 grep --color=auto ./cli       0  2156
19.2  4.8 ./cli mmap images/4096x4096   0 394540
19.3  4.8 ./cli mmap images/4096x4096   0 394536
19.5  4.8 ./cli mmap images/4096x4096   1 394600
19.6  4.8 ./cli mmap images/4096x4096   0 394636
19.8  4.8 ./cli mmap images/4096x4096   0 394628
  PID User     Command                         Swap      USS      PSS      RSS 
54710 codespace /usr/bin/python3 /usr/bin/s        0    12064    12313    14480 
50205 codespace ./cli mmap images/4096x4096        0   196708   236080   394628 
50214 codespace ./cli mmap images/4096x4096        0   196708   236081   394536 
50212 codespace ./cli mmap images/4096x4096        0   196712   236083   394600 
50203 codespace ./cli mmap images/4096x4096        0   196712   236086   394540 
50208 codespace ./cli mmap images/4096x4096        0   196712   236091   394636 
%CPU %MEM ARGS Wed Sep 30 21:11:23 UTC 2026
 0.0  0.0 grep --color=auto ./cli       1  2292
19.2  4.8 ./cli mmap images/4096x4096   0 394540
19.3  4.8 ./cli mmap images/4096x4096   0 394536
19.5  4.8 ./cli mmap images/4096x4096   1 394600
19.6  4.8 ./cli mmap images/4096x4096   0 394636
19.8  4.8 ./cli mmap images/4096x4096   0 394628
  PID User     Command                         Swap      USS      PSS      RSS 
54722 codespace /usr/bin/python3 /usr/bin/s        0    12068    12323    14548 
50214 codespace ./cli mmap images/4096x4096        0   196708   236082   394536 
50203 codespace ./cli mmap images/4096x4096        0   196712   236085   394540 
50205 codespace ./cli mmap images/4096x4096        0   196708   236087   394628 
50208 codespace ./cli mmap images/4096x4096        0   196712   236091   394636 
50212 codespace ./cli mmap images/4096x4096        0   196712   236091   394600 
%CPU %MEM ARGS Wed Sep 30 21:11:24 UTC 2026
 0.0  0.0 grep --color=auto ./cli       0  2304
19.2  4.8 ./cli mmap images/4096x4096   0 394540
19.2  4.8 ./cli mmap images/4096x4096   0 394536
19.5  4.8 ./cli mmap images/4096x4096   0 394600
19.6  4.8 ./cli mmap images/4096x4096   1 394636
19.8  4.8 ./cli mmap images/4096x4096   0 394628
  PID User     Command                         Swap      USS      PSS      RSS 
54728 codespace /usr/bin/python3 /usr/bin/s        0    12068    12328    14552 
50214 codespace ./cli mmap images/4096x4096        0   196708   236081   394536 
50203 codespace ./cli mmap images/4096x4096        0   196712   236086   394540 
50205 codespace ./cli mmap images/4096x4096        0   196708   236087   394628 
50212 codespace ./cli mmap images/4096x4096        0   196712   236088   394600 
50208 codespace ./cli mmap images/4096x4096        0   196712   236091   394636 
%CPU %MEM ARGS Wed Sep 30 21:11:25 UTC 2026
 0.0  0.0 grep --color=auto ./cli       0  2168
19.2  4.8 ./cli mmap images/4096x4096   0 394540
19.2  4.8 ./cli mmap images/4096x4096   0 394536
19.5  4.8 ./cli mmap images/4096x4096   0 394600
19.6  4.8 ./cli mmap images/4096x4096   0 394636
19.8  4.8 ./cli mmap images/4096x4096   0 394628
  PID User     Command                         Swap      USS      PSS      RSS 
54746 codespace /usr/bin/python3 /usr/bin/s        0    12056    12285    14536 
50214 codespace ./cli mmap images/4096x4096        0   196708   236080   394536 
50203 codespace ./cli mmap images/4096x4096        0   196712   236085   394540 
50212 codespace ./cli mmap images/4096x4096        0   196712   236086   394600 
50205 codespace ./cli mmap images/4096x4096        0   196708   236087   394628 
50208 codespace ./cli mmap images/4096x4096        0   196712   236091   394636 
%CPU %MEM ARGS Wed Sep 30 21:11:26 UTC 2026
 0.0  0.0 grep --color=auto ./cli       0  2248
19.2  4.8 ./cli mmap images/4096x4096   0 394540
19.2  4.8 ./cli mmap images/4096x4096   0 394536
19.5  4.8 ./cli mmap images/4096x4096   0 394600
19.7  4.8 ./cli mmap images/4096x4096   0 394636
19.8  4.8 ./cli mmap images/4096x4096   1 394628
  PID User     Command                         Swap      USS      PSS      RSS 
54769 codespace /usr/bin/python3 /usr/bin/s        0    12064    12324    14516 
50214 codespace ./cli mmap images/4096x4096        0   196708   236081   394536 
50203 codespace ./cli mmap images/4096x4096        0   196712   236085   394540 
50205 codespace ./cli mmap images/4096x4096        0   196708   236087   394628 
50212 codespace ./cli mmap images/4096x4096        0   196712   236088   394600 
50208 codespace ./cli mmap images/4096x4096        0   196712   236091   394636 
%CPU %MEM ARGS Wed Sep 30 21:11:27 UTC 2026
 0.0  0.0 grep --color=auto ./cli       1  2176
19.1  4.8 ./cli mmap images/4096x4096   1 394540
19.2  4.8 ./cli mmap images/4096x4096   0 394536
19.5  4.8 ./cli mmap images/4096x4096   1 394600
19.7  4.8 ./cli mmap images/4096x4096   1 394636
19.8  4.8 ./cli mmap images/4096x4096   1 394628
  PID User     Command                         Swap      USS      PSS      RSS 
54781 codespace /usr/bin/python3 /usr/bin/s        0    12060    12322    14528 
50214 codespace ./cli mmap images/4096x4096        0   196708   236082   394536 
50203 codespace ./cli mmap images/4096x4096        0   196712   236086   394540 
50205 codespace ./cli mmap images/4096x4096        0   196708   236087   394628 
50212 codespace ./cli mmap images/4096x4096        0   196712   236088   394600 
50208 codespace ./cli mmap images/4096x4096        0   196712   236092   394636 
%CPU %MEM ARGS Wed Sep 30 21:11:28 UTC 2026
 0.0  0.0 grep --color=auto ./cli       0  2184
19.1  4.8 ./cli mmap images/4096x4096   1 394540
19.3  4.8 ./cli mmap images/4096x4096   1 394536
19.5  4.8 ./cli mmap images/4096x4096   1 394600
19.7  4.8 ./cli mmap images/4096x4096   0 394636
19.8  4.8 ./cli mmap images/4096x4096   1 394628
  PID User     Command                         Swap      USS      PSS      RSS 
54787 codespace /usr/bin/python3 /usr/bin/s        0    12084    12334    14500 
50214 codespace ./cli mmap images/4096x4096        0   196708   236082   394536 
50203 codespace ./cli mmap images/4096x4096        0   196712   236086   394540 
50205 codespace ./cli mmap images/4096x4096        0   196708   236087   394628 
50212 codespace ./cli mmap images/4096x4096        0   196712   236088   394600 
50208 codespace ./cli mmap images/4096x4096        0   196712   236091   394636 
%CPU %MEM ARGS Wed Sep 30 21:11:29 UTC 2026
 0.0  0.0 grep --color=auto ./cli       1  2208
19.1  4.8 ./cli mmap images/4096x4096   1 394540
19.3  4.8 ./cli mmap images/4096x4096   1 394536
19.5  4.8 ./cli mmap images/4096x4096   0 394600
19.7  4.8 ./cli mmap images/4096x4096   1 394636
19.8  4.8 ./cli mmap images/4096x4096   1 394628
  PID User     Command                         Swap      USS      PSS      RSS 
54796 codespace /usr/bin/python3 /usr/bin/s        0    12044    12303    14528 
50214 codespace ./cli mmap images/4096x4096        0   196708   236082   394536 
50203 codespace ./cli mmap images/4096x4096        0   196712   236086   394540 
50205 codespace ./cli mmap images/4096x4096        0   196708   236087   394628 
50212 codespace ./cli mmap images/4096x4096        0   196712   236088   394600 
50208 codespace ./cli mmap images/4096x4096        0   196712   236091   394636 
%CPU %MEM ARGS Wed Sep 30 21:11:30 UTC 2026
 0.0  0.0 grep --color=auto ./cli       1  2308
19.1  4.8 ./cli mmap images/4096x4096   0 394540
19.3  4.8 ./cli mmap images/4096x4096   1 394536
19.5  4.8 ./cli mmap images/4096x4096   1 394600
19.7  4.8 ./cli mmap images/4096x4096   1 394636
19.8  4.8 ./cli mmap images/4096x4096   1 394628
  PID User     Command                         Swap      USS      PSS      RSS 
54805 codespace /usr/bin/python3 /usr/bin/s        0    12068    12315    14484 
50214 codespace ./cli mmap images/4096x4096        0   196708   236082   394536 
50203 codespace ./cli mmap images/4096x4096        0   196712   236086   394540 
50205 codespace ./cli mmap images/4096x4096        0   196708   236087   394628 
50212 codespace ./cli mmap images/4096x4096        0   196712   236088   394600 
50208 codespace ./cli mmap images/4096x4096        0   196712   236091   394636 
%CPU %MEM ARGS Wed Sep 30 21:11:31 UTC 2026
 0.0  0.0 grep --color=auto ./cli       0  2176
19.2  4.8 ./cli mmap images/4096x4096   0 394540
19.3  4.8 ./cli mmap images/4096x4096   1 394536
19.5  4.8 ./cli mmap images/4096x4096   1 394600
19.7  4.8 ./cli mmap images/4096x4096   1 394636
19.8  4.8 ./cli mmap images/4096x4096   1 394628
  PID User     Command                         Swap      USS      PSS      RSS 
54811 codespace /usr/bin/python3 /usr/bin/s        0    12064    12322    14544 
50214 codespace ./cli mmap images/4096x4096        0   196708   236081   394536 
50212 codespace ./cli mmap images/4096x4096        0   196712   236082   394600 
50203 codespace ./cli mmap images/4096x4096        0   196712   236085   394540 
50205 codespace ./cli mmap images/4096x4096        0   196708   236087   394628 
50208 codespace ./cli mmap images/4096x4096        0   196712   236090   394636 
%CPU %MEM ARGS Wed Sep 30 21:11:32 UTC 2026
 0.0  0.0 grep --color=auto ./cli       0  2172
19.2  4.8 ./cli mmap images/4096x4096   1 394540
19.2  4.8 ./cli mmap images/4096x4096   0 394536
19.5  4.8 ./cli mmap images/4096x4096   1 394600
19.7  4.8 ./cli mmap images/4096x4096   1 394636
19.8  4.8 ./cli mmap images/4096x4096   1 394628
  PID User     Command                         Swap      USS      PSS      RSS 
54829 codespace /usr/bin/python3 /usr/bin/s        0    12072    12326    14552 
50214 codespace ./cli mmap images/4096x4096        0   196708   236082   394536 
50203 codespace ./cli mmap images/4096x4096        0   196712   236086   394540 
50205 codespace ./cli mmap images/4096x4096        0   196708   236087   394628 
50212 codespace ./cli mmap images/4096x4096        0   196712   236088   394600 
50208 codespace ./cli mmap images/4096x4096        0   196712   236091   394636 
%CPU %MEM ARGS Wed Sep 30 21:11:33 UTC 2026
 0.0  0.0 grep --color=auto ./cli       1  2300
19.2  4.8 ./cli mmap images/4096x4096   1 394540
19.3  4.8 ./cli mmap images/4096x4096   0 394536
19.5  4.8 ./cli mmap images/4096x4096   1 394600
19.7  4.8 ./cli mmap images/4096x4096   1 394636
19.7  4.8 ./cli mmap images/4096x4096   1 394628
  PID User     Command                         Swap      USS      PSS      RSS 
54835 codespace /usr/bin/python3 /usr/bin/s        0    12076    12320    14592 
50214 codespace ./cli mmap images/4096x4096        0   196708   236076   394536 
50205 codespace ./cli mmap images/4096x4096        0   196708   236081   394628 
50203 codespace ./cli mmap images/4096x4096        0   196712   236086   394540 
50212 codespace ./cli mmap images/4096x4096        0   196712   236088   394600 
50208 codespace ./cli mmap images/4096x4096        0   196712   236092   394636 
%CPU %MEM ARGS Wed Sep 30 21:11:34 UTC 2026
 0.0  0.0 grep --color=auto ./cli       0  2292
19.2  4.8 ./cli mmap images/4096x4096   1 394540
19.3  4.8 ./cli mmap images/4096x4096   1 394536
19.5  4.8 ./cli mmap images/4096x4096   1 394600
19.7  4.8 ./cli mmap images/4096x4096   0 394636
19.7  4.8 ./cli mmap images/4096x4096   1 394628
  PID User     Command                         Swap      USS      PSS      RSS 
54847 codespace /usr/bin/python3 /usr/bin/s        0    12064    12349    14624 
50214 codespace ./cli mmap images/4096x4096        0   196708   236082   394536 
50203 codespace ./cli mmap images/4096x4096        0   196712   236086   394540 
50205 codespace ./cli mmap images/4096x4096        0   196708   236087   394628 
50212 codespace ./cli mmap images/4096x4096        0   196712   236088   394600 
50208 codespace ./cli mmap images/4096x4096        0   196712   236092   394636 
%CPU %MEM ARGS Wed Sep 30 21:11:35 UTC 2026
 0.0  0.0 grep --color=auto ./cli       1  2344
19.2  4.8 ./cli mmap images/4096x4096   0 394540
19.3  4.8 ./cli mmap images/4096x4096   1 394536
19.4  4.8 ./cli mmap images/4096x4096   1 394600
19.7  4.8 ./cli mmap images/4096x4096   0 394636
19.7  4.8 ./cli mmap images/4096x4096   1 394628
  PID User     Command                         Swap      USS      PSS      RSS 
54869 codespace /usr/bin/python3 /usr/bin/s        0    12064    12306    14572 
50214 codespace ./cli mmap images/4096x4096        0   196708   236080   394536 
50203 codespace ./cli mmap images/4096x4096        0   196712   236086   394540 
50205 codespace ./cli mmap images/4096x4096        0   196708   236087   394628 
50212 codespace ./cli mmap images/4096x4096        0   196712   236088   394600 
50208 codespace ./cli mmap images/4096x4096        0   196712   236091   394636 
%CPU %MEM ARGS Wed Sep 30 21:11:37 UTC 2026
 0.0  0.0 grep --color=auto ./cli       1  2156
19.2  4.8 ./cli mmap images/4096x4096   1 394540
19.3  4.8 ./cli mmap images/4096x4096   0 394536
19.4  4.8 ./cli mmap images/4096x4096   0 394600
19.7  4.8 ./cli mmap images/4096x4096   1 394636
19.7  4.8 ./cli mmap images/4096x4096   0 394628
  PID User     Command                         Swap      USS      PSS      RSS 
54883 codespace /usr/bin/python3 /usr/bin/s        0    12064    12326    14532 
50214 codespace ./cli mmap images/4096x4096        0   196708   236082   394536 
50203 codespace ./cli mmap images/4096x4096        0   196712   236086   394540 
50205 codespace ./cli mmap images/4096x4096        0   196708   236087   394628 
50212 codespace ./cli mmap images/4096x4096        0   196712   236088   394600 
50208 codespace ./cli mmap images/4096x4096        0   196712   236092   394636 
%CPU %MEM ARGS Wed Sep 30 21:11:38 UTC 2026
 0.0  0.0 grep --color=auto ./cli       1  2252
19.2  4.8 ./cli mmap images/4096x4096   1 394540
19.3  4.8 ./cli mmap images/4096x4096   1 394536
19.4  4.8 ./cli mmap images/4096x4096   1 394600
19.7  4.8 ./cli mmap images/4096x4096   1 394636
19.7  4.8 ./cli mmap images/4096x4096   1 394628
  PID User     Command                         Swap      USS      PSS      RSS 
54895 codespace /usr/bin/python3 /usr/bin/s        0    12084    12374    14592 
50214 codespace ./cli mmap images/4096x4096        0   196708   236082   394536 
50203 codespace ./cli mmap images/4096x4096        0   196712   236086   394540 
50205 codespace ./cli mmap images/4096x4096        0   196708   236087   394628 
50212 codespace ./cli mmap images/4096x4096        0   196712   236088   394600 
50208 codespace ./cli mmap images/4096x4096        0   196712   236092   394636 
%CPU %MEM ARGS Wed Sep 30 21:11:39 UTC 2026
 0.0  0.0 grep --color=auto ./cli       1  2208
19.1  4.8 ./cli mmap images/4096x4096   1 394540
19.3  4.8 ./cli mmap images/4096x4096   1 394536
19.4  4.8 ./cli mmap images/4096x4096   1 394600
19.7  4.8 ./cli mmap images/4096x4096   1 394636
19.7  4.8 ./cli mmap images/4096x4096   1 394628
  PID User     Command                         Swap      USS      PSS      RSS 
54907 codespace /usr/bin/python3 /usr/bin/s        0    12068    12337    14516 
50214 codespace ./cli mmap images/4096x4096        0   196708   236082   394536 
50203 codespace ./cli mmap images/4096x4096        0   196712   236086   394540 
50205 codespace ./cli mmap images/4096x4096        0   196708   236087   394628 
50212 codespace ./cli mmap images/4096x4096        0   196712   236088   394600 
50208 codespace ./cli mmap images/4096x4096        0   196712   236092   394636 
%CPU %MEM ARGS Wed Sep 30 21:11:40 UTC 2026
 0.0  0.0 grep --color=auto ./cli       1  2208
19.1  4.8 ./cli mmap images/4096x4096   0 394540
19.3  4.8 ./cli mmap images/4096x4096   0 394536
19.4  4.8 ./cli mmap images/4096x4096   0 394600
19.7  4.8 ./cli mmap images/4096x4096   0 394636
19.7  4.8 ./cli mmap images/4096x4096   0 394628
  PID User     Command                         Swap      USS      PSS      RSS 
54913 codespace /usr/bin/python3 /usr/bin/s        0    12064    12349    14624 
50214 codespace ./cli mmap images/4096x4096        0   196708   236082   394536 
50203 codespace ./cli mmap images/4096x4096        0   196712   236086   394540 
50205 codespace ./cli mmap images/4096x4096        0   196708   236087   394628 
50212 codespace ./cli mmap images/4096x4096        0   196712   236088   394600 
50208 codespace ./cli mmap images/4096x4096        0   196712   236092   394636 
%CPU %MEM ARGS Wed Sep 30 21:11:40 UTC 2026
 0.0  0.0 grep --color=auto ./cli       0  2204
19.1  4.8 ./cli mmap images/4096x4096   0 394540
19.3  4.8 ./cli mmap images/4096x4096   0 394536
19.4  4.8 ./cli mmap images/4096x4096   0 394600
19.7  4.8 ./cli mmap images/4096x4096   0 394636
19.7  4.8 ./cli mmap images/4096x4096   1 394628
  PID User     Command                         Swap      USS      PSS      RSS 
54918 codespace /usr/bin/python3 /usr/bin/s        0    12068    12331    14520 
50214 codespace ./cli mmap images/4096x4096        0   196708   236082   394536 
50203 codespace ./cli mmap images/4096x4096        0   196712   236086   394540 
50205 codespace ./cli mmap images/4096x4096        0   196708   236087   394628 
50212 codespace ./cli mmap images/4096x4096        0   196712   236088   394600 
50208 codespace ./cli mmap images/4096x4096        0   196712   236091   394636 
%CPU %MEM ARGS Wed Sep 30 21:11:41 UTC 2026
 0.0  0.0 grep --color=auto ./cli       1  2164
19.1  4.8 ./cli mmap images/4096x4096   1 394540
19.3  4.8 ./cli mmap images/4096x4096   1 394536
19.4  4.8 ./cli mmap images/4096x4096   1 394600
19.7  4.8 ./cli mmap images/4096x4096   1 394636
19.7  4.8 ./cli mmap images/4096x4096   0 394628
  PID User     Command                         Swap      USS      PSS      RSS 
54936 codespace /usr/bin/python3 /usr/bin/s        0    12068    12313    14516 
50214 codespace ./cli mmap images/4096x4096        0   196708   236082   394536 
50203 codespace ./cli mmap images/4096x4096        0   196712   236086   394540 
50205 codespace ./cli mmap images/4096x4096        0   196708   236087   394628 
50212 codespace ./cli mmap images/4096x4096        0   196712   236088   394600 
50208 codespace ./cli mmap images/4096x4096        0   196712   236091   394636 
%CPU %MEM ARGS Wed Sep 30 21:11:42 UTC 2026
 0.0  0.0 grep --color=auto ./cli       1  2152
19.2  4.8 ./cli mmap images/4096x4096   0 394540
19.3  4.8 ./cli mmap images/4096x4096   0 394536
19.4  4.8 ./cli mmap images/4096x4096   0 394600
19.7  4.8 ./cli mmap images/4096x4096   0 394636
19.7  4.8 ./cli mmap images/4096x4096   0 394628
  PID User     Command                         Swap      USS      PSS      RSS 
54942 codespace /usr/bin/python3 /usr/bin/s        0    12068    12346    14516 
50214 codespace ./cli mmap images/4096x4096        0   196708   236082   394536 
50203 codespace ./cli mmap images/4096x4096        0   196712   236086   394540 
50205 codespace ./cli mmap images/4096x4096        0   196708   236087   394628 
50212 codespace ./cli mmap images/4096x4096        0   196712   236088   394600 
50208 codespace ./cli mmap images/4096x4096        0   196712   236092   394636 
%CPU %MEM ARGS Wed Sep 30 21:11:43 UTC 2026
 0.0  0.0 grep --color=auto ./cli       0  2304
19.2  4.8 ./cli mmap images/4096x4096   0 394540
19.3  4.8 ./cli mmap images/4096x4096   0 394536
19.4  4.8 ./cli mmap images/4096x4096   1 394600
19.6  4.8 ./cli mmap images/4096x4096   0 394636
19.7  4.8 ./cli mmap images/4096x4096   0 394628
  PID User     Command                         Swap      USS      PSS      RSS 
54960 codespace /usr/bin/python3 /usr/bin/s        0    12068    12338    14484 
50214 codespace ./cli mmap images/4096x4096        0   196708   236082   394536 
50203 codespace ./cli mmap images/4096x4096        0   196712   236086   394540 
50205 codespace ./cli mmap images/4096x4096        0   196708   236086   394628 
50212 codespace ./cli mmap images/4096x4096        0   196712   236088   394600 
50208 codespace ./cli mmap images/4096x4096        0   196712   236091   394636 
%CPU %MEM ARGS Wed Sep 30 21:11:44 UTC 2026
 0.0  0.0 grep --color=auto ./cli       1  2160
19.2  4.8 ./cli mmap images/4096x4096   0 394540
19.3  4.8 ./cli mmap images/4096x4096   1 394536
19.4  4.8 ./cli mmap images/4096x4096   1 394600
19.6  4.8 ./cli mmap images/4096x4096   1 394636
19.7  4.8 ./cli mmap images/4096x4096   1 394628
  PID User     Command                         Swap      USS      PSS      RSS 
54966 codespace /usr/bin/python3 /usr/bin/s        0    12060    12323    14528 
50214 codespace ./cli mmap images/4096x4096        0   196708   236081   394536 
50203 codespace ./cli mmap images/4096x4096        0   196712   236085   394540 
50205 codespace ./cli mmap images/4096x4096        0   196708   236087   394628 
50212 codespace ./cli mmap images/4096x4096        0   196712   236088   394600 
50208 codespace ./cli mmap images/4096x4096        0   196712   236092   394636 
%CPU %MEM ARGS Wed Sep 30 21:11:46 UTC 2026
 0.0  0.0 grep --color=auto ./cli       1  2340
19.2  4.8 ./cli mmap images/4096x4096   0 394540
19.2  4.8 ./cli mmap images/4096x4096   1 394536
19.4  4.8 ./cli mmap images/4096x4096   1 394600
19.6  4.8 ./cli mmap images/4096x4096   1 394636
19.7  4.8 ./cli mmap images/4096x4096   1 394628
  PID User     Command                         Swap      USS      PSS      RSS 
54982 codespace /usr/bin/python3 /usr/bin/s        0    12064    12319    14480 
50214 codespace ./cli mmap images/4096x4096        0   196708   236082   394536 
50203 codespace ./cli mmap images/4096x4096        0   196712   236086   394540 
50205 codespace ./cli mmap images/4096x4096        0   196708   236086   394628 
50212 codespace ./cli mmap images/4096x4096        0   196712   236088   394600 
50208 codespace ./cli mmap images/4096x4096        0   196712   236091   394636 
%CPU %MEM ARGS Wed Sep 30 21:11:46 UTC 2026
 0.0  0.0 grep --color=auto ./cli       0  2156
19.2  4.8 ./cli mmap images/4096x4096   1 394540
19.2  4.8 ./cli mmap images/4096x4096   1 394536
19.4  4.8 ./cli mmap images/4096x4096   1 394600
19.6  4.8 ./cli mmap images/4096x4096   1 394636
19.7  4.8 ./cli mmap images/4096x4096   1 394628
  PID User     Command                         Swap      USS      PSS      RSS 
55006 codespace /usr/bin/python3 /usr/bin/s        0    12064    12313    14480 
50214 codespace ./cli mmap images/4096x4096        0   196708   236081   394536 
50203 codespace ./cli mmap images/4096x4096        0   196712   236085   394540 
50205 codespace ./cli mmap images/4096x4096        0   196708   236087   394628 
50212 codespace ./cli mmap images/4096x4096        0   196712   236088   394600 
50208 codespace ./cli mmap images/4096x4096        0   196712   236091   394636 
%CPU %MEM ARGS Wed Sep 30 21:11:47 UTC 2026
 0.0  0.0 grep --color=auto ./cli       0  2252
19.2  4.8 ./cli mmap images/4096x4096   0 394540
19.2  4.8 ./cli mmap images/4096x4096   1 394536
19.4  4.8 ./cli mmap images/4096x4096   1 394600
19.6  4.8 ./cli mmap images/4096x4096   1 394636
19.7  4.8 ./cli mmap images/4096x4096   1 394628
  PID User     Command                         Swap      USS      PSS      RSS 
55013 codespace /usr/bin/python3 /usr/bin/s        0    12020    12303    14548 
50203 codespace ./cli mmap images/4096x4096        0   196712   236079   394540 
50214 codespace ./cli mmap images/4096x4096        0   196708   236082   394536 
50205 codespace ./cli mmap images/4096x4096        0   196708   236086   394628 
50212 codespace ./cli mmap images/4096x4096        0   196712   236086   394600 
50208 codespace ./cli mmap images/4096x4096        0   196712   236090   394636 
%CPU %MEM ARGS Wed Sep 30 21:11:49 UTC 2026
 0.0  0.0 grep --color=auto ./cli       1  2176
19.2  4.8 ./cli mmap images/4096x4096   1 394540
19.2  4.8 ./cli mmap images/4096x4096   0 394536
19.4  4.8 ./cli mmap images/4096x4096   1 394600
19.6  4.8 ./cli mmap images/4096x4096   0 394636
19.7  4.8 ./cli mmap images/4096x4096   1 394628
  PID User     Command                         Swap      USS      PSS      RSS 
55031 codespace /usr/bin/python3 /usr/bin/s        0    12060    12318    14544 
50214 codespace ./cli mmap images/4096x4096        0   196708   236082   394536 
50203 codespace ./cli mmap images/4096x4096        0   196712   236086   394540 
50205 codespace ./cli mmap images/4096x4096        0   196708   236087   394628 
50212 codespace ./cli mmap images/4096x4096        0   196712   236088   394600 
50208 codespace ./cli mmap images/4096x4096        0   196712   236091   394636 
%CPU %MEM ARGS Wed Sep 30 21:11:50 UTC 2026
 0.0  0.0 grep --color=auto ./cli       1  2252
19.2  4.8 ./cli mmap images/4096x4096   0 394540
19.2  4.8 ./cli mmap images/4096x4096   0 394536
19.4  4.8 ./cli mmap images/4096x4096   0 394600
19.6  4.8 ./cli mmap images/4096x4096   0 394636
19.7  4.8 ./cli mmap images/4096x4096   0 394628
  PID User     Command                         Swap      USS      PSS      RSS 
55037 codespace /usr/bin/python3 /usr/bin/s        0    12032    12282    14448 
50214 codespace ./cli mmap images/4096x4096        0   196708   236082   394536 
50203 codespace ./cli mmap images/4096x4096        0   196712   236086   394540 
50205 codespace ./cli mmap images/4096x4096        0   196708   236086   394628 
50212 codespace ./cli mmap images/4096x4096        0   196712   236088   394600 
50208 codespace ./cli mmap images/4096x4096        0   196712   236091   394636 
%CPU %MEM ARGS Wed Sep 30 21:11:50 UTC 2026
 0.0  0.0 grep --color=auto ./cli       1  2200
19.2  4.8 ./cli mmap images/4096x4096   1 394540
19.2  4.8 ./cli mmap images/4096x4096   0 394536
19.4  4.8 ./cli mmap images/4096x4096   0 394600
19.6  4.8 ./cli mmap images/4096x4096   0 394636
19.7  4.8 ./cli mmap images/4096x4096   0 394628
  PID User     Command                         Swap      USS      PSS      RSS 
55048 codespace /usr/bin/python3 /usr/bin/s        0    12064    12299    14508 
50214 codespace ./cli mmap images/4096x4096        0   196708   236082   394536 
50203 codespace ./cli mmap images/4096x4096        0   196712   236086   394540 
50205 codespace ./cli mmap images/4096x4096        0   196708   236086   394628 
50212 codespace ./cli mmap images/4096x4096        0   196712   236088   394600 
50208 codespace ./cli mmap images/4096x4096        0   196712   236091   394636 
%CPU %MEM ARGS Wed Sep 30 21:11:52 UTC 2026
 0.0  0.0 grep --color=auto ./cli       1  2160
19.2  4.8 ./cli mmap images/4096x4096   0 394540
19.2  4.8 ./cli mmap images/4096x4096   0 394536
19.4  4.8 ./cli mmap images/4096x4096   0 394600
19.6  4.8 ./cli mmap images/4096x4096   0 394636
19.7  4.8 ./cli mmap images/4096x4096   1 394628
  PID User     Command                         Swap      USS      PSS      RSS 
55054 codespace /usr/bin/python3 /usr/bin/s        0    12060    12322    14528 
50214 codespace ./cli mmap images/4096x4096        0   196708   236082   394536 
50203 codespace ./cli mmap images/4096x4096        0   196712   236086   394540 
50205 codespace ./cli mmap images/4096x4096        0   196708   236087   394628 
50212 codespace ./cli mmap images/4096x4096        0   196712   236088   394600 
50208 codespace ./cli mmap images/4096x4096        0   196712   236092   394636 
%CPU %MEM ARGS Wed Sep 30 21:11:53 UTC 2026
 0.0  0.0 grep --color=auto ./cli       0  2300
19.2  4.8 ./cli mmap images/4096x4096   0 394540
19.2  4.8 ./cli mmap images/4096x4096   0 394536
19.4  4.8 ./cli mmap images/4096x4096   0 394600
19.6  4.8 ./cli mmap images/4096x4096   0 394636
19.7  4.8 ./cli mmap images/4096x4096   1 394628
  PID User     Command                         Swap      USS      PSS      RSS 
55064 codespace /usr/bin/python3 /usr/bin/s        0    12060    12305    14484 
50214 codespace ./cli mmap images/4096x4096        0   196708   236082   394536 
50203 codespace ./cli mmap images/4096x4096        0   196712   236086   394540 
50205 codespace ./cli mmap images/4096x4096        0   196708   236087   394628 
50212 codespace ./cli mmap images/4096x4096        0   196712   236088   394600 
50208 codespace ./cli mmap images/4096x4096        0   196712   236091   394636 
%CPU %MEM ARGS Wed Sep 30 21:11:54 UTC 2026
 0.0  0.0 grep --color=auto ./cli       0  2152
19.2  4.8 ./cli mmap images/4096x4096   0 394540
19.2  4.8 ./cli mmap images/4096x4096   1 394536
19.4  4.8 ./cli mmap images/4096x4096   0 394600
19.6  4.8 ./cli mmap images/4096x4096   1 394636
19.8  4.8 ./cli mmap images/4096x4096   0 394628
  PID User     Command                         Swap      USS      PSS      RSS 
55079 codespace /usr/bin/python3 /usr/bin/s        0    12064    12320    14548 
50214 codespace ./cli mmap images/4096x4096        0   196708   236082   394536 
50203 codespace ./cli mmap images/4096x4096        0   196712   236086   394540 
50205 codespace ./cli mmap images/4096x4096        0   196708   236087   394628 
50212 codespace ./cli mmap images/4096x4096        0   196712   236088   394600 
50208 codespace ./cli mmap images/4096x4096        0   196712   236091   394636 
%CPU %MEM ARGS Wed Sep 30 21:11:55 UTC 2026
 0.0  0.0 grep --color=auto ./cli       0  2164
19.2  4.8 ./cli mmap images/4096x4096   0 394540
19.2  4.8 ./cli mmap images/4096x4096   0 394536
19.4  4.8 ./cli mmap images/4096x4096   1 394600
19.6  4.8 ./cli mmap images/4096x4096   0 394636
19.8  4.8 ./cli mmap images/4096x4096   0 394628
  PID User     Command                         Swap      USS      PSS      RSS 
55086 codespace /usr/bin/python3 /usr/bin/s        0    12064    12313    14476 
50214 codespace ./cli mmap images/4096x4096        0   196708   236081   394536 
50203 codespace ./cli mmap images/4096x4096        0   196712   236085   394540 
50205 codespace ./cli mmap images/4096x4096        0   196708   236087   394628 
50212 codespace ./cli mmap images/4096x4096        0   196712   236088   394600 
50208 codespace ./cli mmap images/4096x4096        0   196712   236091   394636 
%CPU %MEM ARGS Wed Sep 30 21:11:56 UTC 2026
 0.0  0.0 grep --color=auto ./cli       1  2248
19.2  4.8 ./cli mmap images/4096x4096   0 394540
19.2  4.8 ./cli mmap images/4096x4096   0 394536
19.4  4.8 ./cli mmap images/4096x4096   0 394600
19.6  4.8 ./cli mmap images/4096x4096   0 394636
19.8  4.8 ./cli mmap images/4096x4096   0 394628
  PID User     Command                         Swap      USS      PSS      RSS 
55097 codespace /usr/bin/python3 /usr/bin/s        0    12064    12310    14500 
50214 codespace ./cli mmap images/4096x4096        0   196708   236082   394536 
50203 codespace ./cli mmap images/4096x4096        0   196712   236086   394540 
50205 codespace ./cli mmap images/4096x4096        0   196708   236087   394628 
50212 codespace ./cli mmap images/4096x4096        0   196712   236088   394600 
50208 codespace ./cli mmap images/4096x4096        0   196712   236091   394636 
%CPU %MEM ARGS Wed Sep 30 21:11:57 UTC 2026
 0.0  0.0 grep --color=auto ./cli       0  2176
19.2  4.8 ./cli mmap images/4096x4096   1 394540
19.2  4.8 ./cli mmap images/4096x4096   1 394536
19.4  4.8 ./cli mmap images/4096x4096   1 394600
19.6  4.8 ./cli mmap images/4096x4096   1 394636
19.8  4.8 ./cli mmap images/4096x4096   1 394628
  PID User     Command                         Swap      USS      PSS      RSS 
55120 codespace /usr/bin/python3 /usr/bin/s        0    12084    12374    14592 
50205 codespace ./cli mmap images/4096x4096        0   196708   236081   394628 
50214 codespace ./cli mmap images/4096x4096        0   196708   236082   394536 
50203 codespace ./cli mmap images/4096x4096        0   196712   236086   394540 
50212 codespace ./cli mmap images/4096x4096        0   196712   236088   394600 
50208 codespace ./cli mmap images/4096x4096        0   196712   236092   394636 
%CPU %MEM ARGS Wed Sep 30 21:11:58 UTC 2026
 0.0  0.0 grep --color=auto ./cli       1  2288
19.2  4.8 ./cli mmap images/4096x4096   0 394540
19.2  4.8 ./cli mmap images/4096x4096   1 394536
19.4  4.8 ./cli mmap images/4096x4096   1 394600
19.6  4.8 ./cli mmap images/4096x4096   0 394636
19.7  4.8 ./cli mmap images/4096x4096   1 394628
  PID User     Command                         Swap      USS      PSS      RSS 
55132 codespace /usr/bin/python3 /usr/bin/s        0    12072    12317    14488 
50214 codespace ./cli mmap images/4096x4096        0   196708   236082   394536 
50203 codespace ./cli mmap images/4096x4096        0   196712   236086   394540 
50205 codespace ./cli mmap images/4096x4096        0   196708   236087   394628 
50212 codespace ./cli mmap images/4096x4096        0   196712   236088   394600 
50208 codespace ./cli mmap images/4096x4096        0   196712   236091   394636 
%CPU %MEM ARGS Wed Sep 30 21:11:59 UTC 2026
 0.0  0.0 grep --color=auto ./cli       1  2200
19.2  4.8 ./cli mmap images/4096x4096   1 394540
19.2  4.8 ./cli mmap images/4096x4096   1 394536
19.4  4.8 ./cli mmap images/4096x4096   1 394600
19.6  4.8 ./cli mmap images/4096x4096   0 394636
19.7  4.8 ./cli mmap images/4096x4096   1 394628
  PID User     Command                         Swap      USS      PSS      RSS 
55138 codespace /usr/bin/python3 /usr/bin/s        0    12064    12313    14516 
50203 codespace ./cli mmap images/4096x4096        0   196712   236080   394540 
50205 codespace ./cli mmap images/4096x4096        0   196708   236080   394628 
50214 codespace ./cli mmap images/4096x4096        0   196708   236081   394536 
50208 codespace ./cli mmap images/4096x4096        0   196712   236084   394636 
50212 codespace ./cli mmap images/4096x4096        0   196712   236087   394600 
%CPU %MEM ARGS Wed Sep 30 21:12:00 UTC 2026
 0.0  0.0 grep --color=auto ./cli       1  2200
19.2  4.8 ./cli mmap images/4096x4096   0 394540
19.2  4.8 ./cli mmap images/4096x4096   0 394536
19.4  4.8 ./cli mmap images/4096x4096   1 394600
19.6  4.8 ./cli mmap images/4096x4096   0 394636
19.7  4.8 ./cli mmap images/4096x4096   1 394628
  PID User     Command                         Swap      USS      PSS      RSS 
55156 codespace /usr/bin/python3 /usr/bin/s        0    12064    12323    14540 
50214 codespace ./cli mmap images/4096x4096        0   196708   236082   394536 
50203 codespace ./cli mmap images/4096x4096        0   196712   236086   394540 
50205 codespace ./cli mmap images/4096x4096        0   196708   236087   394628 
50212 codespace ./cli mmap images/4096x4096        0   196712   236088   394600 
50208 codespace ./cli mmap images/4096x4096        0   196712   236091   394636 
%CPU %MEM ARGS Wed Sep 30 21:12:01 UTC 2026
 0.0  0.0 grep --color=auto ./cli       1  2308
19.2  4.8 ./cli mmap images/4096x4096   0 394540
19.2  4.8 ./cli mmap images/4096x4096   1 394536
19.4  4.8 ./cli mmap images/4096x4096   1 394600
19.6  4.8 ./cli mmap images/4096x4096   1 394636
19.7  4.8 ./cli mmap images/4096x4096   1 394628
  PID User     Command                         Swap      USS      PSS      RSS 
55162 codespace /usr/bin/python3 /usr/bin/s        0    12064    12318    14544 
50214 codespace ./cli mmap images/4096x4096        0   196708   236082   394536 
50203 codespace ./cli mmap images/4096x4096        0   196712   236086   394540 
50205 codespace ./cli mmap images/4096x4096        0   196708   236087   394628 
50212 codespace ./cli mmap images/4096x4096        0   196712   236088   394600 
50208 codespace ./cli mmap images/4096x4096        0   196712   236091   394636 
%CPU %MEM ARGS Wed Sep 30 21:12:02 UTC 2026
 0.0  0.0 grep --color=auto ./cli       1  2248
19.2  4.8 ./cli mmap images/4096x4096   1 394540
19.2  4.8 ./cli mmap images/4096x4096   0 394536
19.4  4.8 ./cli mmap images/4096x4096   1 394600
19.6  4.8 ./cli mmap images/4096x4096   1 394636
19.7  4.8 ./cli mmap images/4096x4096   1 394628
  PID User     Command                         Swap      USS      PSS      RSS 
55171 codespace /usr/bin/python3 /usr/bin/s        0    12060    12318    14528 
50214 codespace ./cli mmap images/4096x4096        0   196708   236082   394536 
50203 codespace ./cli mmap images/4096x4096        0   196712   236086   394540 
50205 codespace ./cli mmap images/4096x4096        0   196708   236087   394628 
50212 codespace ./cli mmap images/4096x4096        0   196712   236088   394600 
50208 codespace ./cli mmap images/4096x4096        0   196712   236091   394636 
%CPU %MEM ARGS Wed Sep 30 21:12:03 UTC 2026
 0.0  0.0 grep --color=auto ./cli       1  2344
19.2  4.8 ./cli mmap images/4096x4096   1 394540
19.2  4.8 ./cli mmap images/4096x4096   0 394536
19.4  4.8 ./cli mmap images/4096x4096   1 394600
19.6  4.8 ./cli mmap images/4096x4096   1 394636
19.7  4.8 ./cli mmap images/4096x4096   1 394628
  PID User     Command                         Swap      USS      PSS      RSS 
55179 codespace /usr/bin/python3 /usr/bin/s        0    12064    12349    14624 
50214 codespace ./cli mmap images/4096x4096        0   196708   236082   394536 
50203 codespace ./cli mmap images/4096x4096        0   196712   236086   394540 
50205 codespace ./cli mmap images/4096x4096        0   196708   236087   394628 
50212 codespace ./cli mmap images/4096x4096        0   196712   236088   394600 
50208 codespace ./cli mmap images/4096x4096        0   196712   236092   394636 
%CPU %MEM ARGS Wed Sep 30 21:12:04 UTC 2026
 0.0  0.0 grep --color=auto ./cli       1  2252
19.2  4.8 ./cli mmap images/4096x4096   1 394540
19.2  4.8 ./cli mmap images/4096x4096   1 394536
19.4  4.8 ./cli mmap images/4096x4096   1 394600
19.6  4.8 ./cli mmap images/4096x4096   0 394636
19.7  4.8 ./cli mmap images/4096x4096   1 394628
  PID User     Command                         Swap      USS      PSS      RSS 
55185 codespace /usr/bin/python3 /usr/bin/s        0    12064    12288    14516 
50214 codespace ./cli mmap images/4096x4096        0   196708   236076   394536 
50205 codespace ./cli mmap images/4096x4096        0   196708   236080   394628 
50203 codespace ./cli mmap images/4096x4096        0   196712   236086   394540 
50212 codespace ./cli mmap images/4096x4096        0   196712   236088   394600 
50208 codespace ./cli mmap images/4096x4096        0   196712   236091   394636 
%CPU %MEM ARGS Wed Sep 30 21:12:05 UTC 2026
 0.0  0.0 grep --color=auto ./cli       0  2344
19.2  4.8 ./cli mmap images/4096x4096   0 394540
19.2  4.8 ./cli mmap images/4096x4096   0 394536
19.4  4.8 ./cli mmap images/4096x4096   1 394600
19.6  4.8 ./cli mmap images/4096x4096   0 394636
19.7  4.8 ./cli mmap images/4096x4096   0 394628
  PID User     Command                         Swap      USS      PSS      RSS 
55198 codespace /usr/bin/python3 /usr/bin/s        0    12064    12320    14544 
50214 codespace ./cli mmap images/4096x4096        0   196708   236082   394536 
50203 codespace ./cli mmap images/4096x4096        0   196712   236084   394540 
50205 codespace ./cli mmap images/4096x4096        0   196708   236087   394628 
50212 codespace ./cli mmap images/4096x4096        0   196712   236088   394600 
50208 codespace ./cli mmap images/4096x4096        0   196712   236091   394636 
%CPU %MEM ARGS Wed Sep 30 21:12:06 UTC 2026
 0.0  0.0 grep --color=auto ./cli       1  2340
19.2  4.8 ./cli mmap images/4096x4096   0 394540
19.2  4.8 ./cli mmap images/4096x4096   0 394536
19.4  4.8 ./cli mmap images/4096x4096   0 394600
19.6  4.8 ./cli mmap images/4096x4096   1 394636
19.7  4.8 ./cli mmap images/4096x4096   0 394628
  PID User     Command                         Swap      USS      PSS      RSS 
55210 codespace /usr/bin/python3 /usr/bin/s        0    12060    12324    14476 
50212 codespace ./cli mmap images/4096x4096        0   196712   236082   394600 
50214 codespace ./cli mmap images/4096x4096        0   196708   236082   394536 
50203 codespace ./cli mmap images/4096x4096        0   196712   236086   394540 
50205 codespace ./cli mmap images/4096x4096        0   196708   236087   394628 
50208 codespace ./cli mmap images/4096x4096        0   196712   236091   394636 
%CPU %MEM ARGS Wed Sep 30 21:12:07 UTC 2026
 0.0  0.0 grep --color=auto ./cli       0  2200
19.1  4.8 ./cli mmap images/4096x4096   0 394540
19.2  4.8 ./cli mmap images/4096x4096   0 394536
19.4  4.8 ./cli mmap images/4096x4096   0 394600
19.6  4.8 ./cli mmap images/4096x4096   0 394636
19.7  4.8 ./cli mmap images/4096x4096   0 394628
  PID User     Command                         Swap      USS      PSS      RSS 
55240 codespace /usr/bin/python3 /usr/bin/s        0    12084    12353    14500 
50214 codespace ./cli mmap images/4096x4096        0   196708   236082   394536 
50203 codespace ./cli mmap images/4096x4096        0   196712   236086   394540 
50205 codespace ./cli mmap images/4096x4096        0   196708   236086   394628 
50212 codespace ./cli mmap images/4096x4096        0   196712   236088   394600 
50208 codespace ./cli mmap images/4096x4096        0   196712   236091   394636 
%CPU %MEM ARGS Wed Sep 30 21:12:08 UTC 2026
 0.0  0.0 grep --color=auto ./cli       0  2168
19.1  4.8 ./cli mmap images/4096x4096   0 394540
19.2  4.8 ./cli mmap images/4096x4096   0 394536
19.4  4.8 ./cli mmap images/4096x4096   0 394600
19.7  4.8 ./cli mmap images/4096x4096   1 394636
19.7  4.8 ./cli mmap images/4096x4096   0 394628
  PID User     Command                         Swap      USS      PSS      RSS 
55246 codespace /usr/bin/python3 /usr/bin/s        0    12080    12370    14596 
50214 codespace ./cli mmap images/4096x4096        0   196708   236080   394536 
50203 codespace ./cli mmap images/4096x4096        0   196712   236086   394540 
50205 codespace ./cli mmap images/4096x4096        0   196708   236087   394628 
50212 codespace ./cli mmap images/4096x4096        0   196712   236088   394600 
50208 codespace ./cli mmap images/4096x4096        0   196712   236092   394636 
%CPU %MEM ARGS Wed Sep 30 21:12:09 UTC 2026
 0.0  0.0 grep --color=auto ./cli       1  2156
19.1  4.8 ./cli mmap images/4096x4096   1 394540
19.2  4.8 ./cli mmap images/4096x4096   0 394536
19.4  4.8 ./cli mmap images/4096x4096   0 394600
19.7  4.8 ./cli mmap images/4096x4096   0 394628
19.7  4.8 ./cli mmap images/4096x4096   0 394636
  PID User     Command                         Swap      USS      PSS      RSS 
55258 codespace /usr/bin/python3 /usr/bin/s        0    12064    12341    14576 
50214 codespace ./cli mmap images/4096x4096        0   196708   236082   394536 
50203 codespace ./cli mmap images/4096x4096        0   196712   236085   394540 
50212 codespace ./cli mmap images/4096x4096        0   196712   236088   394600 
50205 codespace ./cli mmap images/4096x4096        0   196708   236090   394628 
50208 codespace ./cli mmap images/4096x4096        0   196712   236091   394636 
%CPU %MEM ARGS Wed Sep 30 21:12:10 UTC 2026
 0.0  0.0 grep --color=auto ./cli       1  2136
19.2  4.8 ./cli mmap images/4096x4096   0 394540
19.2  4.8 ./cli mmap images/4096x4096   1 394536
19.4  4.8 ./cli mmap images/4096x4096   0 394600
19.7  4.8 ./cli mmap images/4096x4096   0 394628
19.7  4.8 ./cli mmap images/4096x4096   0 394636
  PID User     Command                         Swap      USS      PSS      RSS 
55264 codespace /usr/bin/python3 /usr/bin/s        0    12068    12326    14536 
50214 codespace ./cli mmap images/4096x4096        0   196708   236082   394536 
50203 codespace ./cli mmap images/4096x4096        0   196712   236086   394540 
50205 codespace ./cli mmap images/4096x4096        0   196708   236087   394628 
50212 codespace ./cli mmap images/4096x4096        0   196712   236088   394600 
50208 codespace ./cli mmap images/4096x4096        0   196712   236091   394636 
%CPU %MEM ARGS Wed Sep 30 21:12:11 UTC 2026
 0.0  0.0 grep --color=auto ./cli       1  2344
19.1  4.8 ./cli mmap images/4096x4096   1 394540
19.2  4.8 ./cli mmap images/4096x4096   0 394536
19.4  4.8 ./cli mmap images/4096x4096   1 394600
19.7  4.8 ./cli mmap images/4096x4096   1 394628
19.7  4.8 ./cli mmap images/4096x4096   1 394636
  PID User     Command                         Swap      USS      PSS      RSS 
55276 codespace /usr/bin/python3 /usr/bin/s        0    12056    12305    14472 
50214 codespace ./cli mmap images/4096x4096        0   196708   236082   394536 
50203 codespace ./cli mmap images/4096x4096        0   196712   236086   394540 
50205 codespace ./cli mmap images/4096x4096        0   196708   236086   394628 
50212 codespace ./cli mmap images/4096x4096        0   196712   236088   394600 
50208 codespace ./cli mmap images/4096x4096        0   196712   236091   394636 
%CPU %MEM ARGS Wed Sep 30 21:12:12 UTC 2026
 0.0  0.0 grep --color=auto ./cli       1  2180
19.1  4.8 ./cli mmap images/4096x4096   0 394540
19.2  4.8 ./cli mmap images/4096x4096   0 394536
19.4  4.8 ./cli mmap images/4096x4096   1 394600
19.7  4.8 ./cli mmap images/4096x4096   0 394628
19.7  4.8 ./cli mmap images/4096x4096   0 394636
  PID User     Command                         Swap      USS      PSS      RSS 
55288 codespace /usr/bin/python3 /usr/bin/s        0    12064    12304    14460 
50214 codespace ./cli mmap images/4096x4096        0   196708   236082   394536 
50203 codespace ./cli mmap images/4096x4096        0   196712   236086   394540 
50205 codespace ./cli mmap images/4096x4096        0   196708   236087   394628 
50212 codespace ./cli mmap images/4096x4096        0   196712   236088   394600 
50208 codespace ./cli mmap images/4096x4096        0   196712   236091   394636 
%CPU %MEM ARGS Wed Sep 30 21:12:13 UTC 2026
 0.0  0.0 grep --color=auto ./cli       0  2196
19.1  4.8 ./cli mmap images/4096x4096   0 394540
19.2  4.8 ./cli mmap images/4096x4096   0 394536
19.4  4.8 ./cli mmap images/4096x4096   0 394600
19.7  4.8 ./cli mmap images/4096x4096   0 394628
19.7  4.8 ./cli mmap images/4096x4096   0 394636
  PID User     Command                         Swap      USS      PSS      RSS 
55293 codespace /usr/bin/python3 /usr/bin/s        0    12060    12310    14476 
50214 codespace ./cli mmap images/4096x4096        0   196708   236082   394536 
50203 codespace ./cli mmap images/4096x4096        0   196712   236086   394540 
50205 codespace ./cli mmap images/4096x4096        0   196708   236087   394628 
50212 codespace ./cli mmap images/4096x4096        0   196712   236088   394600 
50208 codespace ./cli mmap images/4096x4096        0   196712   236091   394636 
%CPU %MEM ARGS Wed Sep 30 21:12:13 UTC 2026
 0.0  0.0 grep --color=auto ./cli       0  2196
19.1  4.8 ./cli mmap images/4096x4096   0 394540
19.2  4.8 ./cli mmap images/4096x4096   0 394536
19.4  4.8 ./cli mmap images/4096x4096   1 394600
19.7  4.8 ./cli mmap images/4096x4096   0 394628
19.7  4.8 ./cli mmap images/4096x4096   0 394636
  PID User     Command                         Swap      USS      PSS      RSS 
55299 codespace /usr/bin/python3 /usr/bin/s        0    12064    12312    14480 
50214 codespace ./cli mmap images/4096x4096        0   196708   236082   394536 
50203 codespace ./cli mmap images/4096x4096        0   196712   236086   394540 
50205 codespace ./cli mmap images/4096x4096        0   196708   236086   394628 
50212 codespace ./cli mmap images/4096x4096        0   196712   236088   394600 
50208 codespace ./cli mmap images/4096x4096        0   196712   236091   394636 
%CPU %MEM ARGS Wed Sep 30 21:12:15 UTC 2026
 0.0  0.0 grep --color=auto ./cli       0  2292
19.1  4.8 ./cli mmap images/4096x4096   0 394540
19.2  4.8 ./cli mmap images/4096x4096   1 394536
19.4  4.8 ./cli mmap images/4096x4096   0 394600
19.7  4.8 ./cli mmap images/4096x4096   0 394628
19.7  4.8 ./cli mmap images/4096x4096   0 394636
  PID User     Command                         Swap      USS      PSS      RSS 
55311 codespace /usr/bin/python3 /usr/bin/s        0    12060    12309    14476 
50214 codespace ./cli mmap images/4096x4096        0   196708   236082   394536 
50203 codespace ./cli mmap images/4096x4096        0   196712   236086   394540 
50205 codespace ./cli mmap images/4096x4096        0   196708   236087   394628 
50212 codespace ./cli mmap images/4096x4096        0   196712   236088   394600 
50208 codespace ./cli mmap images/4096x4096        0   196712   236091   394636 
%CPU %MEM ARGS Wed Sep 30 21:12:16 UTC 2026
 0.0  0.0 grep --color=auto ./cli       0  2152
19.1  4.8 ./cli mmap images/4096x4096   1 394540
19.2  4.8 ./cli mmap images/4096x4096   0 394536
19.4  4.8 ./cli mmap images/4096x4096   1 394600
19.7  4.8 ./cli mmap images/4096x4096   1 394628
19.7  4.8 ./cli mmap images/4096x4096   1 394636
  PID User     Command                         Swap      USS      PSS      RSS 
55317 codespace /usr/bin/python3 /usr/bin/s        0    12060    12297    14480 
50214 codespace ./cli mmap images/4096x4096        0   196708   236081   394536 
50203 codespace ./cli mmap images/4096x4096        0   196712   236086   394540 
50212 codespace ./cli mmap images/4096x4096        0   196712   236086   394600 
50205 codespace ./cli mmap images/4096x4096        0   196708   236087   394628 
50208 codespace ./cli mmap images/4096x4096        0   196712   236089   394636 
%CPU %MEM ARGS Wed Sep 30 21:12:17 UTC 2026
 0.0  0.0 grep --color=auto ./cli       0  2248
19.1  4.8 ./cli mmap images/4096x4096   1 394540
19.3  4.8 ./cli mmap images/4096x4096   1 394536
19.4  4.8 ./cli mmap images/4096x4096   0 394600
19.6  4.8 ./cli mmap images/4096x4096   1 394628
19.7  4.8 ./cli mmap images/4096x4096   0 394636
  PID User     Command                         Swap      USS      PSS      RSS 
55335 codespace /usr/bin/python3 /usr/bin/s        0    12084    12374    14592 
50214 codespace ./cli mmap images/4096x4096        0   196708   236082   394536 
50203 codespace ./cli mmap images/4096x4096        0   196712   236086   394540 
50205 codespace ./cli mmap images/4096x4096        0   196708   236087   394628 
50212 codespace ./cli mmap images/4096x4096        0   196712   236088   394600 
50208 codespace ./cli mmap images/4096x4096        0   196712   236092   394636 
%CPU %MEM ARGS Wed Sep 30 21:12:18 UTC 2026
 0.0  0.0 grep --color=auto ./cli       0  2156
19.1  4.8 ./cli mmap images/4096x4096   0 394540
19.3  4.8 ./cli mmap images/4096x4096   1 394536
19.4  4.8 ./cli mmap images/4096x4096   0 394600
19.6  4.8 ./cli mmap images/4096x4096   0 394628
19.7  4.8 ./cli mmap images/4096x4096   0 394636
  PID User     Command                         Swap      USS      PSS      RSS 
55360 codespace /usr/bin/python3 /usr/bin/s        0    12060    12304    14508 
50203 codespace ./cli mmap images/4096x4096        0   196712   236080   394540 
50214 codespace ./cli mmap images/4096x4096        0   196708   236082   394536 
50205 codespace ./cli mmap images/4096x4096        0   196708   236087   394628 
50212 codespace ./cli mmap images/4096x4096        0   196712   236088   394600 
50208 codespace ./cli mmap images/4096x4096        0   196712   236091   394636 
%CPU %MEM ARGS Wed Sep 30 21:12:19 UTC 2026
 0.0  0.0 grep --color=auto ./cli       0  2156
19.1  4.8 ./cli mmap images/4096x4096   1 394540
19.3  4.8 ./cli mmap images/4096x4096   1 394536
19.4  4.8 ./cli mmap images/4096x4096   1 394600
19.6  4.8 ./cli mmap images/4096x4096   1 394628
19.7  4.8 ./cli mmap images/4096x4096   0 394636
  PID User     Command                         Swap      USS      PSS      RSS 
55373 codespace /usr/bin/python3 /usr/bin/s        0    12064    12349    14624 
50214 codespace ./cli mmap images/4096x4096        0   196708   236082   394536 
50203 codespace ./cli mmap images/4096x4096        0   196712   236086   394540 
50205 codespace ./cli mmap images/4096x4096        0   196708   236087   394628 
50212 codespace ./cli mmap images/4096x4096        0   196712   236088   394600 
50208 codespace ./cli mmap images/4096x4096        0   196712   236092   394636 
%CPU %MEM ARGS Wed Sep 30 21:12:20 UTC 2026
 0.0  0.0 grep --color=auto ./cli       0  2296
19.1  4.8 ./cli mmap images/4096x4096   1 394540
19.3  4.8 ./cli mmap images/4096x4096   0 394536
19.4  4.8 ./cli mmap images/4096x4096   0 394600
19.6  4.8 ./cli mmap images/4096x4096   0 394628
19.7  4.8 ./cli mmap images/4096x4096   0 394636
  PID User     Command                         Swap      USS      PSS      RSS 
55378 codespace /usr/bin/python3 /usr/bin/s        0    12068    12319    14484 
50214 codespace ./cli mmap images/4096x4096        0   196708   236082   394536 
50203 codespace ./cli mmap images/4096x4096        0   196712   236086   394540 
50205 codespace ./cli mmap images/4096x4096        0   196708   236087   394628 
50212 codespace ./cli mmap images/4096x4096        0   196712   236088   394600 
50208 codespace ./cli mmap images/4096x4096        0   196712   236091   394636 
%CPU %MEM ARGS Wed Sep 30 21:12:21 UTC 2026
 0.0  0.0 grep --color=auto ./cli       1  2164
19.1  4.8 ./cli mmap images/4096x4096   0 394540
19.3  4.8 ./cli mmap images/4096x4096   0 394536
19.4  4.8 ./cli mmap images/4096x4096   0 394600
19.6  4.8 ./cli mmap images/4096x4096   0 394628
19.7  4.8 ./cli mmap images/4096x4096   0 394636
  PID User     Command                         Swap      USS      PSS      RSS 
55390 codespace /usr/bin/python3 /usr/bin/s        0    12064    12348    14624 
50214 codespace ./cli mmap images/4096x4096        0   196708   236082   394536 
50203 codespace ./cli mmap images/4096x4096        0   196712   236086   394540 
50205 codespace ./cli mmap images/4096x4096        0   196708   236087   394628 
50212 codespace ./cli mmap images/4096x4096        0   196712   236088   394600 
50208 codespace ./cli mmap images/4096x4096        0   196712   236092   394636 
%CPU %MEM ARGS Wed Sep 30 21:12:21 UTC 2026
 0.0  0.0 grep --color=auto ./cli       0  2156
19.1  4.8 ./cli mmap images/4096x4096   0 394540
19.3  4.8 ./cli mmap images/4096x4096   0 394536
19.4  4.8 ./cli mmap images/4096x4096   0 394600
19.6  4.8 ./cli mmap images/4096x4096   1 394628
19.7  4.8 ./cli mmap images/4096x4096   0 394636
  PID User     Command                         Swap      USS      PSS      RSS 
55396 codespace /usr/bin/python3 /usr/bin/s        0    12068    12326    14552 
50214 codespace ./cli mmap images/4096x4096        0   196708   236082   394536 
50203 codespace ./cli mmap images/4096x4096        0   196712   236086   394540 
50205 codespace ./cli mmap images/4096x4096        0   196708   236087   394628 
50212 codespace ./cli mmap images/4096x4096        0   196712   236088   394600 
50208 codespace ./cli mmap images/4096x4096        0   196712   236091   394636 
%CPU %MEM ARGS Wed Sep 30 21:12:22 UTC 2026
 0.0  0.0 grep --color=auto ./cli       1  2248
19.1  4.8 ./cli mmap images/4096x4096   1 394540
19.2  4.8 ./cli mmap images/4096x4096   1 394536
19.4  4.8 ./cli mmap images/4096x4096   0 394600
19.6  4.8 ./cli mmap images/4096x4096   1 394628
19.7  4.8 ./cli mmap images/4096x4096   1 394636
  PID User     Command                         Swap      USS      PSS      RSS 
55408 codespace /usr/bin/python3 /usr/bin/s        0    12064    12326    14516 
50205 codespace ./cli mmap images/4096x4096        0   196708   236081   394628 
50212 codespace ./cli mmap images/4096x4096        0   196712   236082   394600 
50214 codespace ./cli mmap images/4096x4096        0   196708   236082   394536 
50203 codespace ./cli mmap images/4096x4096        0   196712   236085   394540 
50208 codespace ./cli mmap images/4096x4096        0   196712   236092   394636 
%CPU %MEM ARGS Wed Sep 30 21:12:24 UTC 2026
 0.0  0.0 grep --color=auto ./cli       0  2300
19.1  4.8 ./cli mmap images/4096x4096   1 394540
19.2  4.8 ./cli mmap images/4096x4096   1 394536
19.4  4.8 ./cli mmap images/4096x4096   0 394600
19.6  4.8 ./cli mmap images/4096x4096   1 394628
19.6  4.8 ./cli mmap images/4096x4096   1 394636
  PID User     Command                         Swap      USS      PSS      RSS 
55420 codespace /usr/bin/python3 /usr/bin/s        0    12060    12307    14476 
50214 codespace ./cli mmap images/4096x4096        0   196708   236082   394536 
50203 codespace ./cli mmap images/4096x4096        0   196712   236086   394540 
50205 codespace ./cli mmap images/4096x4096        0   196708   236087   394628 
50212 codespace ./cli mmap images/4096x4096        0   196712   236088   394600 
50208 codespace ./cli mmap images/4096x4096        0   196712   236091   394636 
%CPU %MEM ARGS Wed Sep 30 21:12:25 UTC 2026
 0.0  0.0 grep --color=auto ./cli       1  2180
19.1  4.8 ./cli mmap images/4096x4096   0 394540
19.2  4.8 ./cli mmap images/4096x4096   1 394536
19.5  4.8 ./cli mmap images/4096x4096   0 394600
19.6  4.8 ./cli mmap images/4096x4096   1 394628
19.6  4.8 ./cli mmap images/4096x4096   1 394636
  PID User     Command                         Swap      USS      PSS      RSS 
55426 codespace /usr/bin/python3 /usr/bin/s        0    12020    12302    14548 
50214 codespace ./cli mmap images/4096x4096        0   196708   236082   394536 
50203 codespace ./cli mmap images/4096x4096        0   196712   236086   394540 
50205 codespace ./cli mmap images/4096x4096        0   196708   236087   394628 
50212 codespace ./cli mmap images/4096x4096        0   196712   236088   394600 
50208 codespace ./cli mmap images/4096x4096        0   196712   236091   394636 
%CPU %MEM ARGS Wed Sep 30 21:12:26 UTC 2026
 0.0  0.0 grep --color=auto ./cli       0  2196
19.1  4.8 ./cli mmap images/4096x4096   0 394540
19.2  4.8 ./cli mmap images/4096x4096   1 394536
19.4  4.8 ./cli mmap images/4096x4096   1 394600
19.6  4.8 ./cli mmap images/4096x4096   1 394628
19.6  4.8 ./cli mmap images/4096x4096   1 394636
  PID User     Command                         Swap      USS      PSS      RSS 
55438 codespace /usr/bin/python3 /usr/bin/s        0    12084    12374    14592 
50214 codespace ./cli mmap images/4096x4096        0   196708   236082   394536 
50203 codespace ./cli mmap images/4096x4096        0   196712   236086   394540 
50205 codespace ./cli mmap images/4096x4096        0   196708   236087   394628 
50212 codespace ./cli mmap images/4096x4096        0   196712   236088   394600 
50208 codespace ./cli mmap images/4096x4096        0   196712   236092   394636 
%CPU %MEM ARGS Wed Sep 30 21:12:27 UTC 2026
 0.0  0.0 grep --color=auto ./cli       0  2184
19.2  4.8 ./cli mmap images/4096x4096   0 394540
19.2  4.8 ./cli mmap images/4096x4096   1 394536
19.4  4.8 ./cli mmap images/4096x4096   1 394600
19.6  4.8 ./cli mmap images/4096x4096   1 394628
19.6  4.8 ./cli mmap images/4096x4096   1 394636
  PID User     Command                         Swap      USS      PSS      RSS 
55444 codespace /usr/bin/python3 /usr/bin/s        0    12072    12316    14600 
50214 codespace ./cli mmap images/4096x4096        0   196708   236076   394536 
50203 codespace ./cli mmap images/4096x4096        0   196712   236086   394540 
50205 codespace ./cli mmap images/4096x4096        0   196708   236087   394628 
50212 codespace ./cli mmap images/4096x4096        0   196712   236088   394600 
50208 codespace ./cli mmap images/4096x4096        0   196712   236092   394636 
%CPU %MEM ARGS Wed Sep 30 21:12:28 UTC 2026
 0.0  0.0 grep --color=auto ./cli       1  2192
19.2  4.8 ./cli mmap images/4096x4096   0 394540
19.2  4.8 ./cli mmap images/4096x4096   1 394536
19.4  4.8 ./cli mmap images/4096x4096   0 394600
19.6  4.8 ./cli mmap images/4096x4096   0 394628
19.6  4.8 ./cli mmap images/4096x4096   0 394636
  PID User     Command                         Swap      USS      PSS      RSS 
55474 codespace /usr/bin/python3 /usr/bin/s        0    12064    12314    14480 
50214 codespace ./cli mmap images/4096x4096        0   196708   236082   394536 
50203 codespace ./cli mmap images/4096x4096        0   196712   236086   394540 
50205 codespace ./cli mmap images/4096x4096        0   196708   236087   394628 
50212 codespace ./cli mmap images/4096x4096        0   196712   236088   394600 
50208 codespace ./cli mmap images/4096x4096        0   196712   236091   394636 
%CPU %MEM ARGS Wed Sep 30 21:12:29 UTC 2026
 0.0  0.0 grep --color=auto ./cli       0  2304
19.2  4.8 ./cli mmap images/4096x4096   0 394540
19.2  4.8 ./cli mmap images/4096x4096   0 394536
19.4  4.8 ./cli mmap images/4096x4096   0 394600
19.6  4.8 ./cli mmap images/4096x4096   1 394628
19.6  4.8 ./cli mmap images/4096x4096   0 394636
  PID User     Command                         Swap      USS      PSS      RSS 
55486 codespace /usr/bin/python3 /usr/bin/s        0    12064    12321    14544 
50214 codespace ./cli mmap images/4096x4096        0   196708   236081   394536 
50203 codespace ./cli mmap images/4096x4096        0   196712   236085   394540 
50205 codespace ./cli mmap images/4096x4096        0   196708   236087   394628 
50212 codespace ./cli mmap images/4096x4096        0   196712   236088   394600 
50208 codespace ./cli mmap images/4096x4096        0   196712   236091   394636 
%CPU %MEM ARGS Wed Sep 30 21:12:30 UTC 2026
 0.0  0.0 grep --color=auto ./cli       0  2252
19.2  4.8 ./cli mmap images/4096x4096   0 394540
19.2  4.8 ./cli mmap images/4096x4096   1 394536
19.4  4.8 ./cli mmap images/4096x4096   0 394600
19.6  4.8 ./cli mmap images/4096x4096   0 394628
19.6  4.8 ./cli mmap images/4096x4096   0 394636
  PID User     Command                         Swap      USS      PSS      RSS 
55495 codespace /usr/bin/python3 /usr/bin/s        0    12060    12309    14476 
50214 codespace ./cli mmap images/4096x4096        0   196708   236082   394536 
50203 codespace ./cli mmap images/4096x4096        0   196712   236086   394540 
50205 codespace ./cli mmap images/4096x4096        0   196708   236087   394628 
50212 codespace ./cli mmap images/4096x4096        0   196712   236088   394600 
50208 codespace ./cli mmap images/4096x4096        0   196712   236091   394636 
%CPU %MEM ARGS Wed Sep 30 21:12:31 UTC 2026
 0.0  0.0 grep --color=auto ./cli       0  2340
19.2  4.8 ./cli mmap images/4096x4096   0 394540
19.2  4.8 ./cli mmap images/4096x4096   1 394536
19.4  4.8 ./cli mmap images/4096x4096   0 394600
19.6  4.8 ./cli mmap images/4096x4096   0 394628
19.6  4.8 ./cli mmap images/4096x4096   0 394636
  PID User     Command                         Swap      USS      PSS      RSS 
55504 codespace /usr/bin/python3 /usr/bin/s        0    12060    12314    14476 
50214 codespace ./cli mmap images/4096x4096        0   196708   236082   394536 
50203 codespace ./cli mmap images/4096x4096        0   196712   236086   394540 
50205 codespace ./cli mmap images/4096x4096        0   196708   236087   394628 
50212 codespace ./cli mmap images/4096x4096        0   196712   236088   394600 
50208 codespace ./cli mmap images/4096x4096        0   196712   236091   394636 
%CPU %MEM ARGS Wed Sep 30 21:12:32 UTC 2026
 0.0  0.0 grep --color=auto ./cli       1  2176
19.2  4.8 ./cli mmap images/4096x4096   0 394540
19.3  4.8 ./cli mmap images/4096x4096   1 394536
19.4  4.8 ./cli mmap images/4096x4096   0 394600
19.6  4.8 ./cli mmap images/4096x4096   0 394628
19.6  4.8 ./cli mmap images/4096x4096   0 394636
  PID User     Command                         Swap      USS      PSS      RSS 
55510 codespace /usr/bin/python3 /usr/bin/s        0    12076    12366    14592 
50205 codespace ./cli mmap images/4096x4096        0   196708   236081   394628 
50214 codespace ./cli mmap images/4096x4096        0   196708   236081   394536 
50203 codespace ./cli mmap images/4096x4096        0   196712   236085   394540 
50212 codespace ./cli mmap images/4096x4096        0   196712   236088   394600 
50208 codespace ./cli mmap images/4096x4096        0   196712   236092   394636 
%CPU %MEM ARGS Wed Sep 30 21:12:33 UTC 2026
 0.0  0.0 grep --color=auto ./cli       1  2204
19.1  4.8 ./cli mmap images/4096x4096   1 394540
19.3  4.8 ./cli mmap images/4096x4096   1 394536
19.4  4.8 ./cli mmap images/4096x4096   1 394600
19.6  4.8 ./cli mmap images/4096x4096   1 394628
19.6  4.8 ./cli mmap images/4096x4096   1 394636
  PID User     Command                         Swap      USS      PSS      RSS 
55522 codespace /usr/bin/python3 /usr/bin/s        0    12064    12343    14576 
50214 codespace ./cli mmap images/4096x4096        0   196708   236082   394536 
50203 codespace ./cli mmap images/4096x4096        0   196712   236084   394540 
50205 codespace ./cli mmap images/4096x4096        0   196708   236085   394628 
50212 codespace ./cli mmap images/4096x4096        0   196712   236088   394600 
50208 codespace ./cli mmap images/4096x4096        0   196712   236092   394636 
%CPU %MEM ARGS Wed Sep 30 21:12:34 UTC 2026
 0.0  0.0 grep --color=auto ./cli       1  2308
19.1  4.8 ./cli mmap images/4096x4096   0 394540
19.2  4.8 ./cli mmap images/4096x4096   1 394536
19.4  4.8 ./cli mmap images/4096x4096   1 394600
19.6  4.8 ./cli mmap images/4096x4096   1 394628
19.6  4.8 ./cli mmap images/4096x4096   1 394636
  PID User     Command                         Swap      USS      PSS      RSS 
55534 codespace /usr/bin/python3 /usr/bin/s        0    12068    12314    14484 
50214 codespace ./cli mmap images/4096x4096        0   196708   236082   394536 
50203 codespace ./cli mmap images/4096x4096        0   196712   236084   394540 
50205 codespace ./cli mmap images/4096x4096        0   196708   236087   394628 
50212 codespace ./cli mmap images/4096x4096        0   196712   236088   394600 
50208 codespace ./cli mmap images/4096x4096        0   196712   236091   394636 
%CPU %MEM ARGS Wed Sep 30 21:12:35 UTC 2026
 0.0  0.0 grep --color=auto ./cli       1  2176
19.2  4.8 ./cli mmap images/4096x4096   1 394540
19.2  4.8 ./cli mmap images/4096x4096   0 394536
19.4  4.8 ./cli mmap images/4096x4096   1 394600
19.6  4.8 ./cli mmap images/4096x4096   1 394628
19.6  4.8 ./cli mmap images/4096x4096   1 394636
  PID User     Command                         Swap      USS      PSS      RSS 
55552 codespace /usr/bin/python3 /usr/bin/s        0    12060    12341    14620 
50214 codespace ./cli mmap images/4096x4096        0   196708   236081   394536 
50203 codespace ./cli mmap images/4096x4096        0   196712   236085   394540 
50205 codespace ./cli mmap images/4096x4096        0   196708   236087   394628 
50212 codespace ./cli mmap images/4096x4096        0   196712   236088   394600 
50208 codespace ./cli mmap images/4096x4096        0   196712   236092   394636 
%CPU %MEM ARGS Wed Sep 30 21:12:37 UTC 2026
 0.0  0.0 grep --color=auto ./cli       1  2288
19.2  4.8 ./cli mmap images/4096x4096   1 394540
19.3  4.8 ./cli mmap images/4096x4096   0 394536
19.4  4.8 ./cli mmap images/4096x4096   1 394600
19.6  4.8 ./cli mmap images/4096x4096   1 394628
19.6  4.8 ./cli mmap images/4096x4096   1 394636
  PID User     Command                         Swap      USS      PSS      RSS 
55559 codespace /usr/bin/python3 /usr/bin/s        0    12064    12305    14544 
50214 codespace ./cli mmap images/4096x4096        0   196708   236076   394536 
50203 codespace ./cli mmap images/4096x4096        0   196712   236086   394540 
50205 codespace ./cli mmap images/4096x4096        0   196708   236087   394628 
50212 codespace ./cli mmap images/4096x4096        0   196712   236088   394600 
50208 codespace ./cli mmap images/4096x4096        0   196712   236091   394636 
%CPU %MEM ARGS Wed Sep 30 21:12:38 UTC 2026
 0.0  0.0 grep --color=auto ./cli       1  2296
19.2  4.8 ./cli mmap images/4096x4096   1 394540
19.3  4.8 ./cli mmap images/4096x4096   0 394536
19.4  4.8 ./cli mmap images/4096x4096   1 394600
19.6  4.8 ./cli mmap images/4096x4096   1 394628
19.6  4.8 ./cli mmap images/4096x4096   1 394636
  PID User     Command                         Swap      USS      PSS      RSS 
55571 codespace /usr/bin/python3 /usr/bin/s        0    12048    12308    14496 
50214 codespace ./cli mmap images/4096x4096        0   196708   236082   394536 
50203 codespace ./cli mmap images/4096x4096        0   196712   236086   394540 
50212 codespace ./cli mmap images/4096x4096        0   196712   236088   394600 
50205 codespace ./cli mmap images/4096x4096        0   196708   236089   394628 
50208 codespace ./cli mmap images/4096x4096        0   196712   236092   394636 
%CPU %MEM ARGS Wed Sep 30 21:12:39 UTC 2026
 0.0  0.0 grep --color=auto ./cli       0  2180
19.2  4.8 ./cli mmap images/4096x4096   1 394540
19.3  4.8 ./cli mmap images/4096x4096   0 394536
19.4  4.8 ./cli mmap images/4096x4096   0 394600
19.6  4.8 ./cli mmap images/4096x4096   1 394628
19.6  4.8 ./cli mmap images/4096x4096   1 394636
  PID User     Command                         Swap      USS      PSS      RSS 
55594 codespace /usr/bin/python3 /usr/bin/s        0    12060    12323    14512 
50214 codespace ./cli mmap images/4096x4096        0   196708   236082   394536 
50203 codespace ./cli mmap images/4096x4096        0   196712   236084   394540 
50205 codespace ./cli mmap images/4096x4096        0   196708   236086   394628 
50212 codespace ./cli mmap images/4096x4096        0   196712   236086   394600 
50208 codespace ./cli mmap images/4096x4096        0   196712   236090   394636 
%CPU %MEM ARGS Wed Sep 30 21:12:40 UTC 2026
 0.0  0.0 grep --color=auto ./cli       1  2196
19.2  4.8 ./cli mmap images/4096x4096   0 394540
19.3  4.8 ./cli mmap images/4096x4096   0 394536
19.4  4.8 ./cli mmap images/4096x4096   1 394600
19.6  4.8 ./cli mmap images/4096x4096   1 394628
19.6  4.8 ./cli mmap images/4096x4096   1 394636
  PID User     Command                         Swap      USS      PSS      RSS 
55609 codespace /usr/bin/python3 /usr/bin/s        0    12068    12341    14516 
50214 codespace ./cli mmap images/4096x4096        0   196708   236082   394536 
50203 codespace ./cli mmap images/4096x4096        0   196712   236086   394540 
50205 codespace ./cli mmap images/4096x4096        0   196708   236087   394628 
50212 codespace ./cli mmap images/4096x4096        0   196712   236088   394600 
50208 codespace ./cli mmap images/4096x4096        0   196712   236092   394636 
%CPU %MEM ARGS Wed Sep 30 21:12:41 UTC 2026
 0.0  0.0 grep --color=auto ./cli       1  2344
19.2  4.8 ./cli mmap images/4096x4096   1 394540
19.3  4.8 ./cli mmap images/4096x4096   0 394536
19.4  4.8 ./cli mmap images/4096x4096   1 394600
19.6  4.8 ./cli mmap images/4096x4096   1 394628
19.6  4.8 ./cli mmap images/4096x4096   1 394636
  PID User     Command                         Swap      USS      PSS      RSS 
55618 codespace /usr/bin/python3 /usr/bin/s        0    12064    12314    14480 
50214 codespace ./cli mmap images/4096x4096        0   196708   236082   394536 
50203 codespace ./cli mmap images/4096x4096        0   196712   236086   394540 
50205 codespace ./cli mmap images/4096x4096        0   196708   236087   394628 
50212 codespace ./cli mmap images/4096x4096        0   196712   236088   394600 
50208 codespace ./cli mmap images/4096x4096        0   196712   236091   394636 
%CPU %MEM ARGS Wed Sep 30 21:12:42 UTC 2026
 0.0  0.0 grep --color=auto ./cli       0  2204
19.2  4.8 ./cli mmap images/4096x4096   1 394540
19.3  4.8 ./cli mmap images/4096x4096   0 394536
19.3  4.8 ./cli mmap images/4096x4096   1 394600
19.6  4.8 ./cli mmap images/4096x4096   1 394628
19.6  4.8 ./cli mmap images/4096x4096   1 394636
  PID User     Command                         Swap      USS      PSS      RSS 
55627 codespace /usr/bin/python3 /usr/bin/s        0    12064    12316    14480 
50214 codespace ./cli mmap images/4096x4096        0   196708   236082   394536 
50203 codespace ./cli mmap images/4096x4096        0   196712   236086   394540 
50205 codespace ./cli mmap images/4096x4096        0   196708   236087   394628 
50212 codespace ./cli mmap images/4096x4096        0   196712   236088   394600 
50208 codespace ./cli mmap images/4096x4096        0   196712   236091   394636 
%CPU %MEM ARGS Wed Sep 30 21:12:43 UTC 2026
 0.0  0.0 grep --color=auto ./cli       0  2156
19.2  4.8 ./cli mmap images/4096x4096   0 394540
19.4  4.8 ./cli mmap images/4096x4096   0 394536
19.4  4.8 ./cli mmap images/4096x4096   1 394600
19.5  4.8 ./cli mmap images/4096x4096   0 394628
19.6  4.8 ./cli mmap images/4096x4096   0 394636
  PID User     Command                         Swap      USS      PSS      RSS 
55636 codespace /usr/bin/python3 /usr/bin/s        0    12064    12338    14572 
50214 codespace ./cli mmap images/4096x4096        0   196708   236081   394536 
50203 codespace ./cli mmap images/4096x4096        0   196712   236085   394540 
50205 codespace ./cli mmap images/4096x4096        0   196708   236087   394628 
50212 codespace ./cli mmap images/4096x4096        0   196712   236088   394600 
50208 codespace ./cli mmap images/4096x4096        0   196712   236091   394636 
%CPU %MEM ARGS Wed Sep 30 21:12:44 UTC 2026
 0.0  0.0 grep --color=auto ./cli       1  2168
19.2  4.8 ./cli mmap images/4096x4096   1 394540
19.3  4.8 ./cli mmap images/4096x4096   0 394536
19.4  4.8 ./cli mmap images/4096x4096   0 394600
19.5  4.8 ./cli mmap images/4096x4096   0 394628
19.5  4.8 ./cli mmap images/4096x4096   0 394636
  PID User     Command                         Swap      USS      PSS      RSS 
55643 codespace /usr/bin/python3 /usr/bin/s        0    12084    12372    14592 
50214 codespace ./cli mmap images/4096x4096        0   196708   236082   394536 
50203 codespace ./cli mmap images/4096x4096        0   196712   236085   394540 
50205 codespace ./cli mmap images/4096x4096        0   196708   236085   394628 
50212 codespace ./cli mmap images/4096x4096        0   196712   236087   394600 
50208 codespace ./cli mmap images/4096x4096        0   196712   236090   394636 
%CPU %MEM ARGS Wed Sep 30 21:12:46 UTC 2026
 0.0  0.0 grep --color=auto ./cli       1  2296
19.2  4.8 ./cli mmap images/4096x4096   1 394540
19.3  4.8 ./cli mmap images/4096x4096   0 394536
19.4  4.8 ./cli mmap images/4096x4096   1 394600
19.5  4.8 ./cli mmap images/4096x4096   1 394628
19.5  4.8 ./cli mmap images/4096x4096   1 394636
  PID User     Command                         Swap      USS      PSS      RSS 
55660 codespace /usr/bin/python3 /usr/bin/s        0    12064    12349    14624 
50214 codespace ./cli mmap images/4096x4096        0   196708   236082   394536 
50203 codespace ./cli mmap images/4096x4096        0   196712   236086   394540 
50205 codespace ./cli mmap images/4096x4096        0   196708   236087   394628 
50212 codespace ./cli mmap images/4096x4096        0   196712   236088   394600 
50208 codespace ./cli mmap images/4096x4096        0   196712   236092   394636 
%CPU %MEM ARGS Wed Sep 30 21:12:47 UTC 2026
 0.0  0.0 grep --color=auto ./cli       1  2180
19.2  4.8 ./cli mmap images/4096x4096   1 394540
19.4  4.8 ./cli mmap images/4096x4096   0 394536
19.4  4.8 ./cli mmap images/4096x4096   1 394600
19.5  4.8 ./cli mmap images/4096x4096   1 394628
19.5  4.8 ./cli mmap images/4096x4096   1 394636
  PID User     Command                         Swap      USS      PSS      RSS 
55667 codespace /usr/bin/python3 /usr/bin/s        0    12068    12319    14484 
50214 codespace ./cli mmap images/4096x4096        0   196708   236082   394536 
50203 codespace ./cli mmap images/4096x4096        0   196712   236086   394540 
50205 codespace ./cli mmap images/4096x4096        0   196708   236086   394628 
50212 codespace ./cli mmap images/4096x4096        0   196712   236088   394600 
50208 codespace ./cli mmap images/4096x4096        0   196712   236091   394636 
%CPU %MEM ARGS Wed Sep 30 21:12:48 UTC 2026
 0.0  0.0 grep --color=auto ./cli       0  2160
19.2  4.8 ./cli mmap images/4096x4096   1 394540
19.4  4.8 ./cli mmap images/4096x4096   0 394600
19.4  4.8 ./cli mmap images/4096x4096   1 394536
19.5  4.8 ./cli mmap images/4096x4096   1 394628
19.5  4.8 ./cli mmap images/4096x4096   1 394636
  PID User     Command                         Swap      USS      PSS      RSS 
55679 codespace /usr/bin/python3 /usr/bin/s        0    12064    12316    14556 
50214 codespace ./cli mmap images/4096x4096        0   196708   236081   394536 
50203 codespace ./cli mmap images/4096x4096        0   196712   236085   394540 
50205 codespace ./cli mmap images/4096x4096        0   196708   236087   394628 
50212 codespace ./cli mmap images/4096x4096        0   196712   236088   394600 
50208 codespace ./cli mmap images/4096x4096        0   196712   236092   394636 
%CPU %MEM ARGS Wed Sep 30 21:12:49 UTC 2026
 0.0  0.0 grep --color=auto ./cli       1  2300
19.2  4.8 ./cli mmap images/4096x4096   0 394540
19.4  4.8 ./cli mmap images/4096x4096   0 394536
19.4  4.8 ./cli mmap images/4096x4096   0 394600
19.5  4.8 ./cli mmap images/4096x4096   0 394628
19.5  4.8 ./cli mmap images/4096x4096   0 394636
  PID User     Command                         Swap      USS      PSS      RSS 
55692 codespace /usr/bin/python3 /usr/bin/s        0    12056    12306    14472 
50214 codespace ./cli mmap images/4096x4096        0   196708   236082   394536 
50203 codespace ./cli mmap images/4096x4096        0   196712   236086   394540 
50205 codespace ./cli mmap images/4096x4096        0   196708   236087   394628 
50212 codespace ./cli mmap images/4096x4096        0   196712   236088   394600 
50208 codespace ./cli mmap images/4096x4096        0   196712   236091   394636 
%CPU %MEM ARGS Wed Sep 30 21:12:50 UTC 2026
 0.0  0.0 grep --color=auto ./cli       0  2192
19.1  4.8 ./cli mmap images/4096x4096   1 394540
19.4  4.8 ./cli mmap images/4096x4096   1 394536
19.4  4.8 ./cli mmap images/4096x4096   1 394600
19.5  4.8 ./cli mmap images/4096x4096   1 394628
19.5  4.8 ./cli mmap images/4096x4096   1 394636
  PID User     Command                         Swap      USS      PSS      RSS 
55717 codespace /usr/bin/python3 /usr/bin/s        0    12076    12355    14524 
50214 codespace ./cli mmap images/4096x4096        0   196708   236082   394536 
50203 codespace ./cli mmap images/4096x4096        0   196712   236086   394540 
50205 codespace ./cli mmap images/4096x4096        0   196708   236087   394628 
50212 codespace ./cli mmap images/4096x4096        0   196712   236088   394600 
50208 codespace ./cli mmap images/4096x4096        0   196712   236091   394636 
%CPU %MEM ARGS Wed Sep 30 21:12:51 UTC 2026
 0.0  0.0 grep --color=auto ./cli       0  2160
19.1  4.8 ./cli mmap images/4096x4096   1 394540
19.4  4.8 ./cli mmap images/4096x4096   1 394536
19.4  4.8 ./cli mmap images/4096x4096   1 394600
19.5  4.8 ./cli mmap images/4096x4096   1 394628
19.5  4.8 ./cli mmap images/4096x4096   1 394636
  PID User     Command                         Swap      USS      PSS      RSS 
55729 codespace /usr/bin/python3 /usr/bin/s        0    12064    12320    14548 
50214 codespace ./cli mmap images/4096x4096        0   196708   236082   394536 
50203 codespace ./cli mmap images/4096x4096        0   196712   236086   394540 
50205 codespace ./cli mmap images/4096x4096        0   196708   236086   394628 
50212 codespace ./cli mmap images/4096x4096        0   196712   236088   394600 
50208 codespace ./cli mmap images/4096x4096        0   196712   236091   394636 
%CPU %MEM ARGS Wed Sep 30 21:12:51 UTC 2026
 0.0  0.0 grep --color=auto ./cli       1  2344
19.1  4.8 ./cli mmap images/4096x4096   1 394540
19.4  4.8 ./cli mmap images/4096x4096   1 394536
19.4  4.8 ./cli mmap images/4096x4096   1 394600
19.5  4.8 ./cli mmap images/4096x4096   1 394628
19.5  4.8 ./cli mmap images/4096x4096   1 394636
  PID User     Command                         Swap      USS      PSS      RSS 
55734 codespace /usr/bin/python3 /usr/bin/s        0    12068    12349    14516 
50214 codespace ./cli mmap images/4096x4096        0   196708   236082   394536 
50203 codespace ./cli mmap images/4096x4096        0   196712   236086   394540 
50205 codespace ./cli mmap images/4096x4096        0   196708   236087   394628 
50212 codespace ./cli mmap images/4096x4096        0   196712   236088   394600 
50208 codespace ./cli mmap images/4096x4096        0   196712   236091   394636 
%CPU %MEM ARGS Wed Sep 30 21:12:52 UTC 2026
 0.0  0.0 grep --color=auto ./cli       1  2156
19.1  4.8 ./cli mmap images/4096x4096   0 394540
19.4  4.8 ./cli mmap images/4096x4096   1 394536
19.4  4.8 ./cli mmap images/4096x4096   1 394600
19.5  4.8 ./cli mmap images/4096x4096   1 394628
19.5  4.8 ./cli mmap images/4096x4096   1 394636
  PID User     Command                         Swap      USS      PSS      RSS 
55746 codespace /usr/bin/python3 /usr/bin/s        0    12064    12352    14572 
50214 codespace ./cli mmap images/4096x4096        0   196708   236082   394536 
50203 codespace ./cli mmap images/4096x4096        0   196712   236086   394540 
50205 codespace ./cli mmap images/4096x4096        0   196708   236087   394628 
50212 codespace ./cli mmap images/4096x4096        0   196712   236088   394600 
50208 codespace ./cli mmap images/4096x4096        0   196712   236091   394636 
%CPU %MEM ARGS Wed Sep 30 21:12:53 UTC 2026
 0.0  0.0 grep --color=auto ./cli       1  2320
19.2  4.8 ./cli mmap images/4096x4096   0 394540
19.4  4.8 ./cli mmap images/4096x4096   1 394536
19.4  4.8 ./cli mmap images/4096x4096   1 394600
19.5  4.8 ./cli mmap images/4096x4096   1 394628
19.5  4.8 ./cli mmap images/4096x4096   1 394636
  PID User     Command                         Swap      USS      PSS      RSS 
55754 codespace /usr/bin/python3 /usr/bin/s        0    12064    12313    14480 
50214 codespace ./cli mmap images/4096x4096        0   196708   236082   394536 
50203 codespace ./cli mmap images/4096x4096        0   196712   236086   394540 
50205 codespace ./cli mmap images/4096x4096        0   196708   236086   394628 
50212 codespace ./cli mmap images/4096x4096        0   196712   236088   394600 
50208 codespace ./cli mmap images/4096x4096        0   196712   236091   394636 
%CPU %MEM ARGS Wed Sep 30 21:12:54 UTC 2026
 0.0  0.0 grep --color=auto ./cli       1  2176
19.2  4.8 ./cli mmap images/4096x4096   1 394540
19.4  4.8 ./cli mmap images/4096x4096   1 394536
19.4  4.8 ./cli mmap images/4096x4096   1 394600
19.5  4.8 ./cli mmap images/4096x4096   1 394628
19.5  4.8 ./cli mmap images/4096x4096   1 394636
  PID User     Command                         Swap      USS      PSS      RSS 
55767 codespace /usr/bin/python3 /usr/bin/s        0    12064    12320    14540 
50214 codespace ./cli mmap images/4096x4096        0   196708   236082   394536 
50203 codespace ./cli mmap images/4096x4096        0   196712   236086   394540 
50205 codespace ./cli mmap images/4096x4096        0   196708   236086   394628 
50212 codespace ./cli mmap images/4096x4096        0   196712   236088   394600 
50208 codespace ./cli mmap images/4096x4096        0   196712   236091   394636 
%CPU %MEM ARGS Wed Sep 30 21:12:54 UTC 2026
 0.0  0.0 grep --color=auto ./cli       0  2156
19.2  4.8 ./cli mmap images/4096x4096   1 394540
19.4  4.8 ./cli mmap images/4096x4096   1 394536
19.4  4.8 ./cli mmap images/4096x4096   1 394600
19.5  4.8 ./cli mmap images/4096x4096   1 394628
19.5  4.8 ./cli mmap images/4096x4096   1 394636
  PID User     Command                         Swap      USS      PSS      RSS 
55775 codespace /usr/bin/python3 /usr/bin/s        0    12064    12320    14540 
50214 codespace ./cli mmap images/4096x4096        0   196708   236082   394536 
50203 codespace ./cli mmap images/4096x4096        0   196712   236086   394540 
50205 codespace ./cli mmap images/4096x4096        0   196708   236087   394628 
50212 codespace ./cli mmap images/4096x4096        0   196712   236088   394600 
50208 codespace ./cli mmap images/4096x4096        0   196712   236091   394636 
%CPU %MEM ARGS Wed Sep 30 21:12:55 UTC 2026
 0.0  0.0 grep --color=auto ./cli       0  2176
19.2  4.8 ./cli mmap images/4096x4096   1 394540
19.3  4.8 ./cli mmap images/4096x4096   1 394536
19.4  4.8 ./cli mmap images/4096x4096   1 394600
19.5  4.8 ./cli mmap images/4096x4096   1 394628
19.5  4.8 ./cli mmap images/4096x4096   0 394636
  PID User     Command                         Swap      USS      PSS      RSS 
55781 codespace /usr/bin/python3 /usr/bin/s        0    12064    12323    14520 
50214 codespace ./cli mmap images/4096x4096        0   196708   236082   394536 
50203 codespace ./cli mmap images/4096x4096        0   196712   236086   394540 
50205 codespace ./cli mmap images/4096x4096        0   196708   236087   394628 
50212 codespace ./cli mmap images/4096x4096        0   196712   236088   394600 
50208 codespace ./cli mmap images/4096x4096        0   196712   236091   394636 
%CPU %MEM ARGS Wed Sep 30 21:12:56 UTC 2026
 0.0  0.0 grep --color=auto ./cli       1  2192
19.2  4.8 ./cli mmap images/4096x4096   0 394540
19.3  4.8 ./cli mmap images/4096x4096   0 394536
19.4  4.8 ./cli mmap images/4096x4096   1 394600
19.5  4.8 ./cli mmap images/4096x4096   1 394628
19.5  4.8 ./cli mmap images/4096x4096   0 394636
  PID User     Command                         Swap      USS      PSS      RSS 
55791 codespace /usr/bin/python3 /usr/bin/s        0    12064    12329    14516 
50214 codespace ./cli mmap images/4096x4096        0   196708   236081   394536 
50203 codespace ./cli mmap images/4096x4096        0   196712   236085   394540 
50205 codespace ./cli mmap images/4096x4096        0   196708   236087   394628 
50212 codespace ./cli mmap images/4096x4096        0   196712   236088   394600 
50208 codespace ./cli mmap images/4096x4096        0   196712   236092   394636 
%CPU %MEM ARGS Wed Sep 30 21:12:57 UTC 2026
 0.0  0.0 grep --color=auto ./cli       1  2344
19.2  4.8 ./cli mmap images/4096x4096   1 394540
19.3  4.8 ./cli mmap images/4096x4096   1 394536
19.3  4.8 ./cli mmap images/4096x4096   1 394600
19.5  4.8 ./cli mmap images/4096x4096   1 394628
19.5  4.8 ./cli mmap images/4096x4096   0 394636
  PID User     Command                         Swap      USS      PSS      RSS 
55805 codespace /usr/bin/python3 /usr/bin/s        0    12068    12332    14476 
50214 codespace ./cli mmap images/4096x4096        0   196708   236081   394536 
50203 codespace ./cli mmap images/4096x4096        0   196712   236085   394540 
50205 codespace ./cli mmap images/4096x4096        0   196708   236087   394628 
50212 codespace ./cli mmap images/4096x4096        0   196712   236088   394600 
50208 codespace ./cli mmap images/4096x4096        0   196712   236091   394636 
%CPU %MEM ARGS Wed Sep 30 21:12:59 UTC 2026
 0.0  0.0 grep --color=auto ./cli       1  2192
19.2  4.8 ./cli mmap images/4096x4096   1 394540
19.3  4.8 ./cli mmap images/4096x4096   0 394600
19.3  4.8 ./cli mmap images/4096x4096   1 394536
19.4  4.8 ./cli mmap images/4096x4096   0 394628
19.5  4.8 ./cli mmap images/4096x4096   0 394636
  PID User     Command                         Swap      USS      PSS      RSS 
55814 codespace /usr/bin/python3 /usr/bin/s        0    12008    12269    14476 
50214 codespace ./cli mmap images/4096x4096        0   196708   236082   394536 
50203 codespace ./cli mmap images/4096x4096        0   196712   236086   394540 
50205 codespace ./cli mmap images/4096x4096        0   196708   236087   394628 
50212 codespace ./cli mmap images/4096x4096        0   196712   236088   394600 
50208 codespace ./cli mmap images/4096x4096        0   196712   236092   394636 
%CPU %MEM ARGS Wed Sep 30 21:13:00 UTC 2026
 0.0  0.0 grep --color=auto ./cli       1  2208
19.2  4.8 ./cli mmap images/4096x4096   1 394540
19.3  4.8 ./cli mmap images/4096x4096   1 394600
19.3  4.8 ./cli mmap images/4096x4096   0 394536
19.4  4.8 ./cli mmap images/4096x4096   1 394628
19.5  4.8 ./cli mmap images/4096x4096   1 394636
  PID User     Command                         Swap      USS      PSS      RSS 
55840 codespace /usr/bin/python3 /usr/bin/s        0    12064    12339    14572 
50214 codespace ./cli mmap images/4096x4096        0   196708   236082   394536 
50203 codespace ./cli mmap images/4096x4096        0   196712   236086   394540 
50205 codespace ./cli mmap images/4096x4096        0   196708   236087   394628 
50212 codespace ./cli mmap images/4096x4096        0   196712   236088   394600 
50208 codespace ./cli mmap images/4096x4096        0   196712   236091   394636 
%CPU %MEM ARGS Wed Sep 30 21:13:01 UTC 2026
 0.0  0.0 grep --color=auto ./cli       1  2156
19.2  4.8 ./cli mmap images/4096x4096   1 394540
19.3  4.8 ./cli mmap images/4096x4096   1 394600
19.3  4.8 ./cli mmap images/4096x4096   0 394536
19.4  4.8 ./cli mmap images/4096x4096   1 394628
19.5  4.8 ./cli mmap images/4096x4096   1 394636
  PID User     Command                         Swap      USS      PSS      RSS 
55851 codespace /usr/bin/python3 /usr/bin/s        0    12064    12331    14480 
50214 codespace ./cli mmap images/4096x4096        0   196708   236082   394536 
50203 codespace ./cli mmap images/4096x4096        0   196712   236086   394540 
50205 codespace ./cli mmap images/4096x4096        0   196708   236086   394628 
50212 codespace ./cli mmap images/4096x4096        0   196712   236088   394600 
50208 codespace ./cli mmap images/4096x4096        0   196712   236091   394636 
%CPU %MEM ARGS Wed Sep 30 21:13:02 UTC 2026
 0.0  0.0 grep --color=auto ./cli       0  2340
19.2  4.8 ./cli mmap images/4096x4096   1 394540
19.3  4.8 ./cli mmap images/4096x4096   0 394600
19.4  4.8 ./cli mmap images/4096x4096   1 394536
19.4  4.8 ./cli mmap images/4096x4096   1 394628
19.5  4.8 ./cli mmap images/4096x4096   0 394636
  PID User     Command                         Swap      USS      PSS      RSS 
55863 codespace /usr/bin/python3 /usr/bin/s        0    12068    12327    14552 
50214 codespace ./cli mmap images/4096x4096        0   196708   236082   394536 
50203 codespace ./cli mmap images/4096x4096        0   196712   236086   394540 
50205 codespace ./cli mmap images/4096x4096        0   196708   236087   394628 
50212 codespace ./cli mmap images/4096x4096        0   196712   236088   394600 
50208 codespace ./cli mmap images/4096x4096        0   196712   236091   394636 
%CPU %MEM ARGS Wed Sep 30 21:13:03 UTC 2026
 0.0  0.0 grep --color=auto ./cli       0  2296
19.2  4.8 ./cli mmap images/4096x4096   0 394540
19.3  4.8 ./cli mmap images/4096x4096   1 394600
19.4  4.8 ./cli mmap images/4096x4096   0 394536
19.4  4.8 ./cli mmap images/4096x4096   1 394628
19.5  4.8 ./cli mmap images/4096x4096   0 394636
  PID User     Command                         Swap      USS      PSS      RSS 
55876 codespace /usr/bin/python3 /usr/bin/s        0    12072    12350    14520 
50203 codespace ./cli mmap images/4096x4096        0   196712   236080   394540 
50214 codespace ./cli mmap images/4096x4096        0   196708   236082   394536 
50205 codespace ./cli mmap images/4096x4096        0   196708   236087   394628 
50212 codespace ./cli mmap images/4096x4096        0   196712   236088   394600 
50208 codespace ./cli mmap images/4096x4096        0   196712   236091   394636 
%CPU %MEM ARGS Wed Sep 30 21:13:04 UTC 2026
 0.0  0.0 grep --color=auto ./cli       1  2196
19.2  4.8 ./cli mmap images/4096x4096   0 394540
19.3  4.8 ./cli mmap images/4096x4096   1 394600
19.3  4.8 ./cli mmap images/4096x4096   1 394536
19.4  4.8 ./cli mmap images/4096x4096   1 394628
19.5  4.8 ./cli mmap images/4096x4096   1 394636
  PID User     Command                         Swap      USS      PSS      RSS 
55888 codespace /usr/bin/python3 /usr/bin/s        0    12080    12329    14496 
50214 codespace ./cli mmap images/4096x4096        0   196708   236081   394536 
50203 codespace ./cli mmap images/4096x4096        0   196712   236085   394540 
50205 codespace ./cli mmap images/4096x4096        0   196708   236087   394628 
50212 codespace ./cli mmap images/4096x4096        0   196712   236088   394600 
50208 codespace ./cli mmap images/4096x4096        0   196712   236091   394636 
%CPU %MEM ARGS Wed Sep 30 21:13:05 UTC 2026
 0.0  0.0 grep --color=auto ./cli       0  2176
19.2  4.8 ./cli mmap images/4096x4096   1 394540
19.3  4.8 ./cli mmap images/4096x4096   1 394600
19.3  4.8 ./cli mmap images/4096x4096   1 394536
19.4  4.8 ./cli mmap images/4096x4096   1 394628
19.5  4.8 ./cli mmap images/4096x4096   1 394636
  PID User     Command                         Swap      USS      PSS      RSS 
55894 codespace /usr/bin/python3 /usr/bin/s        0    12064    12321    14540 
50214 codespace ./cli mmap images/4096x4096        0   196708   236082   394536 
50203 codespace ./cli mmap images/4096x4096        0   196712   236086   394540 
50205 codespace ./cli mmap images/4096x4096        0   196708   236086   394628 
50212 codespace ./cli mmap images/4096x4096        0   196712   236088   394600 
50208 codespace ./cli mmap images/4096x4096        0   196712   236091   394636 
%CPU %MEM ARGS Wed Sep 30 21:13:05 UTC 2026
 0.0  0.0 grep --color=auto ./cli       1  2156
19.2  4.8 ./cli mmap images/4096x4096   1 394540
19.3  4.8 ./cli mmap images/4096x4096   1 394600
19.3  4.8 ./cli mmap images/4096x4096   1 394536
19.4  4.8 ./cli mmap images/4096x4096   1 394628
19.5  4.8 ./cli mmap images/4096x4096   0 394636
  PID User     Command                         Swap      USS      PSS      RSS 
55904 codespace /usr/bin/python3 /usr/bin/s        0    12060    12318    14528 
50214 codespace ./cli mmap images/4096x4096        0   196708   236082   394536 
50203 codespace ./cli mmap images/4096x4096        0   196712   236086   394540 
50205 codespace ./cli mmap images/4096x4096        0   196708   236087   394628 
50212 codespace ./cli mmap images/4096x4096        0   196712   236088   394600 
50208 codespace ./cli mmap images/4096x4096        0   196712   236091   394636 
%CPU %MEM ARGS Wed Sep 30 21:13:06 UTC 2026
 0.0  0.0 grep --color=auto ./cli       1  2296
19.2  4.8 ./cli mmap images/4096x4096   1 394540
19.3  4.8 ./cli mmap images/4096x4096   1 394600
19.3  4.8 ./cli mmap images/4096x4096   1 394536
19.4  4.8 ./cli mmap images/4096x4096   0 394628
19.5  4.8 ./cli mmap images/4096x4096   1 394636
  PID User     Command                         Swap      USS      PSS      RSS 
55912 codespace /usr/bin/python3 /usr/bin/s        0    12060    12323    14528 
50214 codespace ./cli mmap images/4096x4096        0   196708   236081   394536 
50203 codespace ./cli mmap images/4096x4096        0   196712   236086   394540 
50205 codespace ./cli mmap images/4096x4096        0   196708   236087   394628 
50212 codespace ./cli mmap images/4096x4096        0   196712   236088   394600 
50208 codespace ./cli mmap images/4096x4096        0   196712   236091   394636 
%CPU %MEM ARGS Wed Sep 30 21:13:07 UTC 2026
 0.0  0.0 grep --color=auto ./cli       0  2212
19.2  4.8 ./cli mmap images/4096x4096   0 394540
19.3  4.8 ./cli mmap images/4096x4096   0 394600
19.3  4.8 ./cli mmap images/4096x4096   0 394536
19.4  4.8 ./cli mmap images/4096x4096   1 394628
19.5  4.8 ./cli mmap images/4096x4096   0 394636
  PID User     Command                         Swap      USS      PSS      RSS 
55918 codespace /usr/bin/python3 /usr/bin/s        0    12064    12320    14480 
50214 codespace ./cli mmap images/4096x4096        0   196708   236082   394536 
50203 codespace ./cli mmap images/4096x4096        0   196712   236084   394540 
50205 codespace ./cli mmap images/4096x4096        0   196708   236086   394628 
50212 codespace ./cli mmap images/4096x4096        0   196712   236088   394600 
50208 codespace ./cli mmap images/4096x4096        0   196712   236091   394636 
%CPU %MEM ARGS Wed Sep 30 21:13:08 UTC 2026
 0.0  0.0 grep --color=auto ./cli       0  2288
19.2  4.8 ./cli mmap images/4096x4096   1 394540
19.3  4.8 ./cli mmap images/4096x4096   1 394600
19.3  4.8 ./cli mmap images/4096x4096   1 394536
19.4  4.8 ./cli mmap images/4096x4096   1 394628
19.5  4.8 ./cli mmap images/4096x4096   1 394636
  PID User     Command                         Swap      USS      PSS      RSS 
55936 codespace /usr/bin/python3 /usr/bin/s        0    12064    12313    14480 
50214 codespace ./cli mmap images/4096x4096        0   196708   236082   394536 
50203 codespace ./cli mmap images/4096x4096        0   196712   236086   394540 
50205 codespace ./cli mmap images/4096x4096        0   196708   236086   394628 
50212 codespace ./cli mmap images/4096x4096        0   196712   236088   394600 
50208 codespace ./cli mmap images/4096x4096        0   196712   236091   394636 
%CPU %MEM ARGS Wed Sep 30 21:13:09 UTC 2026
 0.0  0.0 grep --color=auto ./cli       1  2212
19.2  4.8 ./cli mmap images/4096x4096   0 394540
19.3  4.8 ./cli mmap images/4096x4096   1 394600
19.3  4.8 ./cli mmap images/4096x4096   1 394536
19.4  4.8 ./cli mmap images/4096x4096   1 394628
19.5  4.8 ./cli mmap images/4096x4096   1 394636
  PID User     Command                         Swap      USS      PSS      RSS 
55941 codespace /usr/bin/python3 /usr/bin/s        0    12064    12322    14540 
50214 codespace ./cli mmap images/4096x4096        0   196708   236082   394536 
50203 codespace ./cli mmap images/4096x4096        0   196712   236086   394540 
50205 codespace ./cli mmap images/4096x4096        0   196708   236087   394628 
50212 codespace ./cli mmap images/4096x4096        0   196712   236088   394600 
50208 codespace ./cli mmap images/4096x4096        0   196712   236091   394636 
%CPU %MEM ARGS Wed Sep 30 21:13:10 UTC 2026
 0.0  0.0 grep --color=auto ./cli       0  2276
19.2  4.8 ./cli mmap images/4096x4096   0 394540
19.3  4.8 ./cli mmap images/4096x4096   0 394600
19.3  4.8 ./cli mmap images/4096x4096   1 394536
19.4  4.8 ./cli mmap images/4096x4096   0 394628
19.5  4.8 ./cli mmap images/4096x4096   0 394636
  PID User     Command                         Swap      USS      PSS      RSS 
55957 codespace /usr/bin/python3 /usr/bin/s        0    12064    12343    14624 
50214 codespace ./cli mmap images/4096x4096        0   196708   236082   394536 
50203 codespace ./cli mmap images/4096x4096        0   196712   236086   394540 
50205 codespace ./cli mmap images/4096x4096        0   196708   236087   394628 
50212 codespace ./cli mmap images/4096x4096        0   196712   236088   394600 
50208 codespace ./cli mmap images/4096x4096        0   196712   236091   394636 
%CPU %MEM ARGS Wed Sep 30 21:13:11 UTC 2026
 0.0  0.0 grep --color=auto ./cli       1  2180
19.2  4.8 ./cli mmap images/4096x4096   1 394540
19.3  4.8 ./cli mmap images/4096x4096   0 394600
19.3  4.8 ./cli mmap images/4096x4096   1 394536
19.4  4.8 ./cli mmap images/4096x4096   1 394628
19.5  4.8 ./cli mmap images/4096x4096   1 394636
  PID User     Command                         Swap      USS      PSS      RSS 
55977 codespace /usr/bin/python3 /usr/bin/s        0    12060    12318    14528 
50214 codespace ./cli mmap images/4096x4096        0   196708   236082   394536 
50203 codespace ./cli mmap images/4096x4096        0   196712   236086   394540 
50205 codespace ./cli mmap images/4096x4096        0   196708   236087   394628 
50212 codespace ./cli mmap images/4096x4096        0   196712   236088   394600 
50208 codespace ./cli mmap images/4096x4096        0   196712   236091   394636 
%CPU %MEM ARGS Wed Sep 30 21:13:12 UTC 2026
 0.0  0.0 grep --color=auto ./cli       1  2180
19.2  4.8 ./cli mmap images/4096x4096   0 394540
19.3  4.8 ./cli mmap images/4096x4096   0 394536
19.3  4.8 ./cli mmap images/4096x4096   0 394600
19.4  4.8 ./cli mmap images/4096x4096   0 394628
19.5  4.8 ./cli mmap images/4096x4096   0 394636
  PID User     Command                         Swap      USS      PSS      RSS 
55983 codespace /usr/bin/python3 /usr/bin/s        0    12064    12315    14480 
50203 codespace ./cli mmap images/4096x4096        0   196712   236082   394540 
50214 codespace ./cli mmap images/4096x4096        0   196708   236082   394536 
50205 codespace ./cli mmap images/4096x4096        0   196708   236086   394628 
50212 codespace ./cli mmap images/4096x4096        0   196712   236088   394600 
50208 codespace ./cli mmap images/4096x4096        0   196712   236091   394636 
%CPU %MEM ARGS Wed Sep 30 21:13:13 UTC 2026
 0.0  0.0 grep --color=auto ./cli       0  2252
19.2  4.8 ./cli mmap images/4096x4096   1 394540
19.3  4.8 ./cli mmap images/4096x4096   0 394536
19.3  4.8 ./cli mmap images/4096x4096   0 394600
19.4  4.8 ./cli mmap images/4096x4096   1 394628
19.5  4.8 ./cli mmap images/4096x4096   0 394636
  PID User     Command                         Swap      USS      PSS      RSS 
55996 codespace /usr/bin/python3 /usr/bin/s        0    12084    12370    14540 
50214 codespace ./cli mmap images/4096x4096        0   196708   236082   394536 
50205 codespace ./cli mmap images/4096x4096        0   196708   236085   394628 
50203 codespace ./cli mmap images/4096x4096        0   196712   236086   394540 
50212 codespace ./cli mmap images/4096x4096        0   196712   236088   394600 
50208 codespace ./cli mmap images/4096x4096        0   196712   236090   394636 
%CPU %MEM ARGS Wed Sep 30 21:13:14 UTC 2026
 0.0  0.0 grep --color=auto ./cli       0  2164
19.2  4.8 ./cli mmap images/4096x4096   1 394540
19.3  4.8 ./cli mmap images/4096x4096   0 394536
19.3  4.8 ./cli mmap images/4096x4096   0 394600
19.4  4.8 ./cli mmap images/4096x4096   1 394628
19.5  4.8 ./cli mmap images/4096x4096   0 394636
  PID User     Command                         Swap      USS      PSS      RSS 
56013 codespace /usr/bin/python3 /usr/bin/s        0    12084    12375    14592 
50214 codespace ./cli mmap images/4096x4096        0   196708   236082   394536 
50203 codespace ./cli mmap images/4096x4096        0   196712   236086   394540 
50205 codespace ./cli mmap images/4096x4096        0   196708   236086   394628 
50212 codespace ./cli mmap images/4096x4096        0   196712   236088   394600 
50208 codespace ./cli mmap images/4096x4096        0   196712   236092   394636 
%CPU %MEM ARGS Wed Sep 30 21:13:15 UTC 2026
 0.0  0.0 grep --color=auto ./cli       0  2156
19.2  4.8 ./cli mmap images/4096x4096   1 394540
19.3  4.8 ./cli mmap images/4096x4096   0 394536
19.3  4.8 ./cli mmap images/4096x4096   0 394600
19.4  4.8 ./cli mmap images/4096x4096   0 394628
19.5  4.8 ./cli mmap images/4096x4096   0 394636
  PID User     Command                         Swap      USS      PSS      RSS 
56026 codespace /usr/bin/python3 /usr/bin/s        0    12064    12322    14540 
50214 codespace ./cli mmap images/4096x4096        0   196708   236082   394536 
50203 codespace ./cli mmap images/4096x4096        0   196712   236086   394540 
50205 codespace ./cli mmap images/4096x4096        0   196708   236087   394628 
50212 codespace ./cli mmap images/4096x4096        0   196712   236088   394600 
50208 codespace ./cli mmap images/4096x4096        0   196712   236091   394636 
%CPU %MEM ARGS Wed Sep 30 21:13:16 UTC 2026
 0.0  0.0 grep --color=auto ./cli       0  2160
19.3  4.8 ./cli mmap images/4096x4096   0 394540
19.3  4.8 ./cli mmap images/4096x4096   0 394536
19.3  4.8 ./cli mmap images/4096x4096   0 394600
19.4  4.8 ./cli mmap images/4096x4096   1 394628
19.5  4.8 ./cli mmap images/4096x4096   0 394636
  PID User     Command                         Swap      USS      PSS      RSS 
56032 codespace /usr/bin/python3 /usr/bin/s        0    12064    12289    14548 
50214 codespace ./cli mmap images/4096x4096        0   196708   236076   394536 
50205 codespace ./cli mmap images/4096x4096        0   196708   236080   394628 
50203 codespace ./cli mmap images/4096x4096        0   196712   236086   394540 
50212 codespace ./cli mmap images/4096x4096        0   196712   236087   394600 
50208 codespace ./cli mmap images/4096x4096        0   196712   236091   394636 
%CPU %MEM ARGS Wed Sep 30 21:13:17 UTC 2026
 0.0  0.0 grep --color=auto ./cli       0  2180
19.3  4.8 ./cli mmap images/4096x4096   0 394540
19.3  4.8 ./cli mmap images/4096x4096   1 394600
19.3  4.8 ./cli mmap images/4096x4096   1 394536
19.4  4.8 ./cli mmap images/4096x4096   0 394628
19.5  4.8 ./cli mmap images/4096x4096   0 394636
  PID User     Command                         Swap      USS      PSS      RSS 
56044 codespace /usr/bin/python3 /usr/bin/s        0    12064    12325    14516 
50214 codespace ./cli mmap images/4096x4096        0   196708   236081   394536 
50203 codespace ./cli mmap images/4096x4096        0   196712   236085   394540 
50205 codespace ./cli mmap images/4096x4096        0   196708   236087   394628 
50212 codespace ./cli mmap images/4096x4096        0   196712   236088   394600 
50208 codespace ./cli mmap images/4096x4096        0   196712   236092   394636 
%CPU %MEM ARGS Wed Sep 30 21:13:19 UTC 2026
 0.0  0.0 grep --color=auto ./cli       0  2296
19.2  4.8 ./cli mmap images/4096x4096   0 394540
19.3  4.8 ./cli mmap images/4096x4096   1 394536
19.3  4.8 ./cli mmap images/4096x4096   1 394600
19.4  4.8 ./cli mmap images/4096x4096   0 394628
19.4  4.8 ./cli mmap images/4096x4096   0 394636
  PID User     Command                         Swap      USS      PSS      RSS 
56050 codespace /usr/bin/python3 /usr/bin/s        0    12076    12333    14592 
50214 codespace ./cli mmap images/4096x4096        0   196708   236080   394536 
50203 codespace ./cli mmap images/4096x4096        0   196712   236084   394540 
50205 codespace ./cli mmap images/4096x4096        0   196708   236087   394628 
50212 codespace ./cli mmap images/4096x4096        0   196712   236088   394600 
50208 codespace ./cli mmap images/4096x4096        0   196712   236091   394636 
%CPU %MEM ARGS Wed Sep 30 21:13:20 UTC 2026
 0.0  0.0 grep --color=auto ./cli       1  2292
19.2  4.8 ./cli mmap images/4096x4096   1 394540
19.3  4.8 ./cli mmap images/4096x4096   1 394536
19.3  4.8 ./cli mmap images/4096x4096   1 394600
19.4  4.8 ./cli mmap images/4096x4096   0 394628
19.4  4.8 ./cli mmap images/4096x4096   1 394636
  PID User     Command                         Swap      USS      PSS      RSS 
56067 codespace /usr/bin/python3 /usr/bin/s        0    12068    12345    14576 
50214 codespace ./cli mmap images/4096x4096        0   196708   236081   394536 
50203 codespace ./cli mmap images/4096x4096        0   196712   236085   394540 
50205 codespace ./cli mmap images/4096x4096        0   196708   236087   394628 
50212 codespace ./cli mmap images/4096x4096        0   196712   236088   394600 
50208 codespace ./cli mmap images/4096x4096        0   196712   236092   394636 
%CPU %MEM ARGS Wed Sep 30 21:13:21 UTC 2026
 0.0  0.0 grep --color=auto ./cli       0  2152
19.2  4.8 ./cli mmap images/4096x4096   0 394540
19.3  4.8 ./cli mmap images/4096x4096   0 394536
19.3  4.8 ./cli mmap images/4096x4096   0 394600
19.4  4.8 ./cli mmap images/4096x4096   0 394636
19.4  4.8 ./cli mmap images/4096x4096   0 394628
  PID User     Command                         Swap      USS      PSS      RSS 
56085 codespace /usr/bin/python3 /usr/bin/s        0    12088    12408    14596 
50214 codespace ./cli mmap images/4096x4096        0   196708   236083   394536 
50203 codespace ./cli mmap images/4096x4096        0   196712   236085   394540 
50205 codespace ./cli mmap images/4096x4096        0   196708   236087   394628 
50212 codespace ./cli mmap images/4096x4096        0   196712   236088   394600 
50208 codespace ./cli mmap images/4096x4096        0   196712   236092   394636 
%CPU %MEM ARGS Wed Sep 30 21:13:21 UTC 2026
 0.0  0.0 grep --color=auto ./cli       0  2208
19.2  4.8 ./cli mmap images/4096x4096   0 394540
19.3  4.8 ./cli mmap images/4096x4096   0 394536
19.3  4.8 ./cli mmap images/4096x4096   1 394600
19.4  4.8 ./cli mmap images/4096x4096   0 394636
19.4  4.8 ./cli mmap images/4096x4096   0 394628
  PID User     Command                         Swap      USS      PSS      RSS 
56097 codespace /usr/bin/python3 /usr/bin/s        0    12104    12380    14552 
50214 codespace ./cli mmap images/4096x4096        0   196708   236082   394536 
50203 codespace ./cli mmap images/4096x4096        0   196712   236086   394540 
50205 codespace ./cli mmap images/4096x4096        0   196708   236087   394628 
50212 codespace ./cli mmap images/4096x4096        0   196712   236088   394600 
50208 codespace ./cli mmap images/4096x4096        0   196712   236092   394636 
%CPU %MEM ARGS Wed Sep 30 21:13:23 UTC 2026
 0.0  0.0 grep --color=auto ./cli       0  2304
19.2  4.8 ./cli mmap images/4096x4096   0 394540
19.3  4.8 ./cli mmap images/4096x4096   0 394536
19.3  4.8 ./cli mmap images/4096x4096   1 394600
19.4  4.8 ./cli mmap images/4096x4096   0 394636
19.4  4.8 ./cli mmap images/4096x4096   0 394628
  PID User     Command                         Swap      USS      PSS      RSS 
56109 codespace /usr/bin/python3 /usr/bin/s        0    12064    12310    14512 
50214 codespace ./cli mmap images/4096x4096        0   196708   236082   394536 
50203 codespace ./cli mmap images/4096x4096        0   196712   236086   394540 
50205 codespace ./cli mmap images/4096x4096        0   196708   236087   394628 
50212 codespace ./cli mmap images/4096x4096        0   196712   236088   394600 
50208 codespace ./cli mmap images/4096x4096        0   196712   236091   394636 
%CPU %MEM ARGS Wed Sep 30 21:13:24 UTC 2026
 0.0  0.0 grep --color=auto ./cli       0  2180
19.2  4.8 ./cli mmap images/4096x4096   1 394540
19.3  4.8 ./cli mmap images/4096x4096   1 394536
19.4  4.8 ./cli mmap images/4096x4096   1 394600
19.4  4.8 ./cli mmap images/4096x4096   0 394636
19.4  4.8 ./cli mmap images/4096x4096   0 394628
  PID User     Command                         Swap      USS      PSS      RSS 
56115 codespace /usr/bin/python3 /usr/bin/s        0    12068    12326    14544 
50203 codespace ./cli mmap images/4096x4096        0   196712   236082   394540 
50214 codespace ./cli mmap images/4096x4096        0   196708   236082   394536 
50205 codespace ./cli mmap images/4096x4096        0   196708   236087   394628 
50212 codespace ./cli mmap images/4096x4096        0   196712   236088   394600 
50208 codespace ./cli mmap images/4096x4096        0   196712   236091   394636 
%CPU %MEM ARGS Wed Sep 30 21:13:25 UTC 2026
 0.0  0.0 grep --color=auto ./cli       1  2336
19.2  4.8 ./cli mmap images/4096x4096   1 394540
19.3  4.8 ./cli mmap images/4096x4096   1 394536
19.4  4.8 ./cli mmap images/4096x4096   1 394600
19.4  4.8 ./cli mmap images/4096x4096   1 394636
19.4  4.8 ./cli mmap images/4096x4096   1 394628
  PID User     Command                         Swap      USS      PSS      RSS 
56133 codespace /usr/bin/python3 /usr/bin/s        0    12056    12338    14584 
50214 codespace ./cli mmap images/4096x4096        0   196708   236082   394536 
50203 codespace ./cli mmap images/4096x4096        0   196712   236086   394540 
50205 codespace ./cli mmap images/4096x4096        0   196708   236087   394628 
50212 codespace ./cli mmap images/4096x4096        0   196712   236088   394600 
50208 codespace ./cli mmap images/4096x4096        0   196712   236092   394636 
%CPU %MEM ARGS Wed Sep 30 21:13:26 UTC 2026
 0.0  0.0 grep --color=auto ./cli       0  2300
19.2  4.8 ./cli mmap images/4096x4096   0 394540
19.3  4.8 ./cli mmap images/4096x4096   0 394536
19.4  4.8 ./cli mmap images/4096x4096   0 394600
19.4  4.8 ./cli mmap images/4096x4096   1 394636
19.4  4.8 ./cli mmap images/4096x4096   0 394628
  PID User     Command                         Swap      USS      PSS      RSS 
56139 codespace /usr/bin/python3 /usr/bin/s        0    12108    12398    14624 
50205 codespace ./cli mmap images/4096x4096        0   196708   236081   394628 
50214 codespace ./cli mmap images/4096x4096        0   196708   236081   394536 
50208 codespace ./cli mmap images/4096x4096        0   196712   236085   394636 
50203 codespace ./cli mmap images/4096x4096        0   196712   236086   394540 
50212 codespace ./cli mmap images/4096x4096        0   196712   236088   394600 
%CPU %MEM ARGS Wed Sep 30 21:13:27 UTC 2026
 0.0  0.0 grep --color=auto ./cli       1  2172
19.2  4.8 ./cli mmap images/4096x4096   0 394540
19.3  4.8 ./cli mmap images/4096x4096   0 394536
19.4  4.8 ./cli mmap images/4096x4096   0 394600
19.4  4.8 ./cli mmap images/4096x4096   0 394628
19.4  4.8 ./cli mmap images/4096x4096   0 394636
  PID User     Command                         Swap      USS      PSS      RSS 
56151 codespace /usr/bin/python3 /usr/bin/s        0    12064    12343    14572 
50214 codespace ./cli mmap images/4096x4096        0   196708   236081   394536 
50203 codespace ./cli mmap images/4096x4096        0   196712   236085   394540 
50205 codespace ./cli mmap images/4096x4096        0   196708   236087   394628 
50212 codespace ./cli mmap images/4096x4096        0   196712   236088   394600 
50208 codespace ./cli mmap images/4096x4096        0   196712   236092   394636 
%CPU %MEM ARGS Wed Sep 30 21:13:28 UTC 2026
 0.0  0.0 grep --color=auto ./cli       0  2292
19.2  4.8 ./cli mmap images/4096x4096   1 394540
19.3  4.8 ./cli mmap images/4096x4096   1 394536
19.4  4.8 ./cli mmap images/4096x4096   1 394600
19.4  4.8 ./cli mmap images/4096x4096   1 394628
19.4  4.8 ./cli mmap images/4096x4096   0 394636
  PID User     Command                         Swap      USS      PSS      RSS 
56157 codespace /usr/bin/python3 /usr/bin/s        0    12064    12314    14480 
50214 codespace ./cli mmap images/4096x4096        0   196708   236082   394536 
50203 codespace ./cli mmap images/4096x4096        0   196712   236086   394540 
50205 codespace ./cli mmap images/4096x4096        0   196708   236087   394628 
50212 codespace ./cli mmap images/4096x4096        0   196712   236088   394600 
50208 codespace ./cli mmap images/4096x4096        0   196712   236091   394636 
%CPU %MEM ARGS Wed Sep 30 21:13:29 UTC 2026
 0.0  0.0 grep --color=auto ./cli       1  2176
19.2  4.8 ./cli mmap images/4096x4096   1 394540
19.3  4.8 ./cli mmap images/4096x4096   0 394536
19.4  4.8 ./cli mmap images/4096x4096   1 394600
19.4  4.8 ./cli mmap images/4096x4096   1 394628
19.4  4.8 ./cli mmap images/4096x4096   1 394636
  PID User     Command                         Swap      USS      PSS      RSS 
56169 codespace /usr/bin/python3 /usr/bin/s        0    12068    12326    14536 
50214 codespace ./cli mmap images/4096x4096        0   196708   236082   394536 
50203 codespace ./cli mmap images/4096x4096        0   196712   236086   394540 
50205 codespace ./cli mmap images/4096x4096        0   196708   236087   394628 
50212 codespace ./cli mmap images/4096x4096        0   196712   236088   394600 
50208 codespace ./cli mmap images/4096x4096        0   196712   236091   394636 
%CPU %MEM ARGS Wed Sep 30 21:13:30 UTC 2026
 0.0  0.0 grep --color=auto ./cli       1  2208
19.2  4.8 ./cli mmap images/4096x4096   1 394540
19.3  4.8 ./cli mmap images/4096x4096   1 394536
19.4  4.8 ./cli mmap images/4096x4096   1 394600
19.4  4.8 ./cli mmap images/4096x4096   1 394628
19.4  4.8 ./cli mmap images/4096x4096   1 394636
  PID User     Command                         Swap      USS      PSS      RSS 
56175 codespace /usr/bin/python3 /usr/bin/s        0    12064    12313    14516 
50214 codespace ./cli mmap images/4096x4096        0   196708   236082   394536 
50203 codespace ./cli mmap images/4096x4096        0   196712   236086   394540 
50205 codespace ./cli mmap images/4096x4096        0   196708   236087   394628 
50212 codespace ./cli mmap images/4096x4096        0   196712   236088   394600 
50208 codespace ./cli mmap images/4096x4096        0   196712   236091   394636 
%CPU %MEM ARGS Wed Sep 30 21:13:30 UTC 2026
 0.0  0.0 grep --color=auto ./cli       1  2172
19.2  4.8 ./cli mmap images/4096x4096   0 394540
19.3  4.8 ./cli mmap images/4096x4096   0 394536
19.4  4.8 ./cli mmap images/4096x4096   0 394600
19.4  4.8 ./cli mmap images/4096x4096   0 394628
19.4  4.8 ./cli mmap images/4096x4096   1 394636
  PID User     Command                         Swap      USS      PSS      RSS 
56187 codespace /usr/bin/python3 /usr/bin/s        0    12036    12286    14452 
50203 codespace ./cli mmap images/4096x4096        0   196712   236080   394540 
50214 codespace ./cli mmap images/4096x4096        0   196708   236082   394536 
50205 codespace ./cli mmap images/4096x4096        0   196708   236086   394628 
50212 codespace ./cli mmap images/4096x4096        0   196712   236088   394600 
50208 codespace ./cli mmap images/4096x4096        0   196712   236091   394636 
%CPU %MEM ARGS Wed Sep 30 21:13:32 UTC 2026
 0.0  0.0 grep --color=auto ./cli       0  2164
19.2  4.8 ./cli mmap images/4096x4096   1 394540
19.3  4.8 ./cli mmap images/4096x4096   0 394536
19.3  4.8 ./cli mmap images/4096x4096   1 394600
19.4  4.8 ./cli mmap images/4096x4096   0 394628
19.4  4.8 ./cli mmap images/4096x4096   0 394636
  PID User     Command                         Swap      USS      PSS      RSS 
56216 codespace /usr/bin/python3 /usr/bin/s        0    12064    12317    14544 
50214 codespace ./cli mmap images/4096x4096        0   196708   236082   394536 
50203 codespace ./cli mmap images/4096x4096        0   196712   236086   394540 
50205 codespace ./cli mmap images/4096x4096        0   196708   236086   394628 
50212 codespace ./cli mmap images/4096x4096        0   196712   236088   394600 
50208 codespace ./cli mmap images/4096x4096        0   196712   236091   394636 
%CPU %MEM ARGS Wed Sep 30 21:13:33 UTC 2026
 0.0  0.0 grep --color=auto ./cli       1  2344
19.2  4.8 ./cli mmap images/4096x4096   0 394540
19.3  4.8 ./cli mmap images/4096x4096   1 394536
19.3  4.8 ./cli mmap images/4096x4096   1 394600
19.4  4.8 ./cli mmap images/4096x4096   1 394628
19.4  4.8 ./cli mmap images/4096x4096   1 394636
  PID User     Command                         Swap      USS      PSS      RSS 
56222 codespace /usr/bin/python3 /usr/bin/s        0    12020    12269    14436 
50203 codespace ./cli mmap images/4096x4096        0   196712   236081   394540 
50214 codespace ./cli mmap images/4096x4096        0   196708   236082   394536 
50205 codespace ./cli mmap images/4096x4096        0   196708   236086   394628 
50212 codespace ./cli mmap images/4096x4096        0   196712   236088   394600 
50208 codespace ./cli mmap images/4096x4096        0   196712   236091   394636 
%CPU %MEM ARGS Wed Sep 30 21:13:34 UTC 2026
 0.0  0.0 grep --color=auto ./cli       1  2288
19.2  4.8 ./cli mmap images/4096x4096   0 394540
19.3  4.8 ./cli mmap images/4096x4096   1 394536
19.3  4.8 ./cli mmap images/4096x4096   1 394600
19.4  4.8 ./cli mmap images/4096x4096   1 394628
19.4  4.8 ./cli mmap images/4096x4096   1 394636
  PID User     Command                         Swap      USS      PSS      RSS 
56234 codespace /usr/bin/python3 /usr/bin/s        0    12064    12324    14548 
50214 codespace ./cli mmap images/4096x4096        0   196708   236081   394536 
50203 codespace ./cli mmap images/4096x4096        0   196712   236085   394540 
50205 codespace ./cli mmap images/4096x4096        0   196708   236087   394628 
50212 codespace ./cli mmap images/4096x4096        0   196712   236088   394600 
50208 codespace ./cli mmap images/4096x4096        0   196712   236091   394636 
%CPU %MEM ARGS Wed Sep 30 21:13:35 UTC 2026
 0.0  0.0 grep --color=auto ./cli       1  2156
19.2  4.8 ./cli mmap images/4096x4096   0 394540
19.3  4.8 ./cli mmap images/4096x4096   1 394536
19.3  4.8 ./cli mmap images/4096x4096   1 394600
19.4  4.8 ./cli mmap images/4096x4096   1 394628
19.4  4.8 ./cli mmap images/4096x4096   1 394636
  PID User     Command                         Swap      USS      PSS      RSS 
56240 codespace /usr/bin/python3 /usr/bin/s        0    12060    12263    14480 
50214 codespace ./cli mmap images/4096x4096        0   196708   236076   394536 
50203 codespace ./cli mmap images/4096x4096        0   196712   236085   394540 
50205 codespace ./cli mmap images/4096x4096        0   196708   236085   394628 
50212 codespace ./cli mmap images/4096x4096        0   196712   236088   394600 
50208 codespace ./cli mmap images/4096x4096        0   196712   236091   394636 
%CPU %MEM ARGS Wed Sep 30 21:13:36 UTC 2026
 0.0  0.0 grep --color=auto ./cli       1  2292
19.2  4.8 ./cli mmap images/4096x4096   0 394536
19.3  4.8 ./cli mmap images/4096x4096   0 394540
19.3  4.8 ./cli mmap images/4096x4096   0 394600
19.4  4.8 ./cli mmap images/4096x4096   0 394628
19.4  4.8 ./cli mmap images/4096x4096   0 394636
  PID User     Command                         Swap      USS      PSS      RSS 
56258 codespace /usr/bin/python3 /usr/bin/s        0    12076    12347    14524 
50214 codespace ./cli mmap images/4096x4096        0   196708   236082   394536 
50203 codespace ./cli mmap images/4096x4096        0   196712   236086   394540 
50205 codespace ./cli mmap images/4096x4096        0   196708   236087   394628 
50212 codespace ./cli mmap images/4096x4096        0   196712   236088   394600 
50208 codespace ./cli mmap images/4096x4096        0   196712   236092   394636 
%CPU %MEM ARGS Wed Sep 30 21:13:37 UTC 2026
 0.0  0.0 grep --color=auto ./cli       1  2208
19.2  4.8 ./cli mmap images/4096x4096   1 394536
19.3  4.8 ./cli mmap images/4096x4096   1 394540
19.3  4.8 ./cli mmap images/4096x4096   1 394600
19.4  4.8 ./cli mmap images/4096x4096   1 394628
19.4  4.8 ./cli mmap images/4096x4096   0 394636
  PID User     Command                         Swap      USS      PSS      RSS 
56264 codespace /usr/bin/python3 /usr/bin/s        0    12072    12351    14520 
50214 codespace ./cli mmap images/4096x4096        0   196708   236082   394536 
50203 codespace ./cli mmap images/4096x4096        0   196712   236086   394540 
50205 codespace ./cli mmap images/4096x4096        0   196708   236087   394628 
50212 codespace ./cli mmap images/4096x4096        0   196712   236090   394600 
50208 codespace ./cli mmap images/4096x4096        0   196712   236092   394636 
%CPU %MEM ARGS Wed Sep 30 21:13:38 UTC 2026
 0.0  0.0 grep --color=auto ./cli       0  2192
19.2  4.8 ./cli mmap images/4096x4096   0 394536
19.3  4.8 ./cli mmap images/4096x4096   1 394540
19.3  4.8 ./cli mmap images/4096x4096   0 394600
19.4  4.8 ./cli mmap images/4096x4096   0 394628
19.4  4.8 ./cli mmap images/4096x4096   0 394636
  PID User     Command                         Swap      USS      PSS      RSS 
56270 codespace /usr/bin/python3 /usr/bin/s        0    12084    12372    14592 
50214 codespace ./cli mmap images/4096x4096        0   196708   236082   394536 
50203 codespace ./cli mmap images/4096x4096        0   196712   236086   394540 
50205 codespace ./cli mmap images/4096x4096        0   196708   236087   394628 
50212 codespace ./cli mmap images/4096x4096        0   196712   236088   394600 
50208 codespace ./cli mmap images/4096x4096        0   196712   236091   394636 
%CPU %MEM ARGS Wed Sep 30 21:13:39 UTC 2026
 0.0  0.0 grep --color=auto ./cli       0  2192
19.2  4.8 ./cli mmap images/4096x4096   1 394536
19.3  4.8 ./cli mmap images/4096x4096   0 394540
19.3  4.8 ./cli mmap images/4096x4096   0 394600
19.4  4.8 ./cli mmap images/4096x4096   1 394628
19.4  4.8 ./cli mmap images/4096x4096   0 394636
  PID User     Command                         Swap      USS      PSS      RSS 
56282 codespace /usr/bin/python3 /usr/bin/s        0    12008    12268    14484 
50214 codespace ./cli mmap images/4096x4096        0   196708   236082   394536 
50203 codespace ./cli mmap images/4096x4096        0   196712   236086   394540 
50205 codespace ./cli mmap images/4096x4096        0   196708   236087   394628 
50212 codespace ./cli mmap images/4096x4096        0   196712   236088   394600 
50208 codespace ./cli mmap images/4096x4096        0   196712   236091   394636 
%CPU %MEM ARGS Wed Sep 30 21:13:40 UTC 2026
 0.0  0.0 grep --color=auto ./cli       0  2304
19.2  4.8 ./cli mmap images/4096x4096   0 394536
19.3  4.8 ./cli mmap images/4096x4096   0 394540
19.3  4.8 ./cli mmap images/4096x4096   1 394600
19.4  4.8 ./cli mmap images/4096x4096   0 394628
19.4  4.8 ./cli mmap images/4096x4096   1 394636
  PID User     Command                         Swap      USS      PSS      RSS 
56288 codespace /usr/bin/python3 /usr/bin/s        0    12068    12318    14484 
50214 codespace ./cli mmap images/4096x4096        0   196708   236082   394536 
50203 codespace ./cli mmap images/4096x4096        0   196712   236086   394540 
50205 codespace ./cli mmap images/4096x4096        0   196708   236086   394628 
50212 codespace ./cli mmap images/4096x4096        0   196712   236088   394600 
50208 codespace ./cli mmap images/4096x4096        0   196712   236091   394636 
%CPU %MEM ARGS Wed Sep 30 21:13:41 UTC 2026
 0.0  0.0 grep --color=auto ./cli       0  2180
19.2  4.8 ./cli mmap images/4096x4096   0 394536
19.3  4.8 ./cli mmap images/4096x4096   0 394540
19.3  4.8 ./cli mmap images/4096x4096   1 394600
19.4  4.8 ./cli mmap images/4096x4096   0 394628
19.4  4.8 ./cli mmap images/4096x4096   0 394636
  PID User     Command                         Swap      USS      PSS      RSS 
56300 codespace /usr/bin/python3 /usr/bin/s        0    12060    12338    14588 
50214 codespace ./cli mmap images/4096x4096        0   196708   236081   394536 
50203 codespace ./cli mmap images/4096x4096        0   196712   236084   394540 
50205 codespace ./cli mmap images/4096x4096        0   196708   236086   394628 
50212 codespace ./cli mmap images/4096x4096        0   196712   236088   394600 
50208 codespace ./cli mmap images/4096x4096        0   196712   236090   394636 
%CPU %MEM ARGS Wed Sep 30 21:13:42 UTC 2026
 0.0  0.0 grep --color=auto ./cli       1  2160
19.2  4.8 ./cli mmap images/4096x4096   1 394536
19.3  4.8 ./cli mmap images/4096x4096   1 394540
19.3  4.8 ./cli mmap images/4096x4096   1 394600
19.4  4.8 ./cli mmap images/4096x4096   1 394628
19.4  4.8 ./cli mmap images/4096x4096   1 394636
  PID User     Command                         Swap      USS      PSS      RSS 
56330 codespace /usr/bin/python3 /usr/bin/s        0    12060    12318    14528 
50214 codespace ./cli mmap images/4096x4096        0   196708   236082   394536 
50203 codespace ./cli mmap images/4096x4096        0   196712   236086   394540 
50205 codespace ./cli mmap images/4096x4096        0   196708   236087   394628 
50212 codespace ./cli mmap images/4096x4096        0   196712   236088   394600 
50208 codespace ./cli mmap images/4096x4096        0   196712   236091   394636 
%CPU %MEM ARGS Wed Sep 30 21:13:43 UTC 2026
 0.0  0.0 grep --color=auto ./cli       1  2168
19.2  4.8 ./cli mmap images/4096x4096   0 394536
19.3  4.8 ./cli mmap images/4096x4096   1 394540
19.3  4.8 ./cli mmap images/4096x4096   0 394600
19.4  4.8 ./cli mmap images/4096x4096   0 394628
19.4  4.8 ./cli mmap images/4096x4096   0 394636
  PID User     Command                         Swap      USS      PSS      RSS 
56342 codespace /usr/bin/python3 /usr/bin/s        0    12064    12344    14592 
50214 codespace ./cli mmap images/4096x4096        0   196708   236082   394536 
50203 codespace ./cli mmap images/4096x4096        0   196712   236086   394540 
50205 codespace ./cli mmap images/4096x4096        0   196708   236087   394628 
50212 codespace ./cli mmap images/4096x4096        0   196712   236088   394600 
50208 codespace ./cli mmap images/4096x4096        0   196712   236091   394636 
%CPU %MEM ARGS Wed Sep 30 21:13:44 UTC 2026
 0.0  0.0 grep --color=auto ./cli       0  2296
19.2  4.8 ./cli mmap images/4096x4096   0 394536
19.3  4.8 ./cli mmap images/4096x4096   1 394540
19.3  4.8 ./cli mmap images/4096x4096   0 394600
19.4  4.8 ./cli mmap images/4096x4096   0 394628
19.4  4.8 ./cli mmap images/4096x4096   0 394636
  PID User     Command                         Swap      USS      PSS      RSS 
56348 codespace /usr/bin/python3 /usr/bin/s        0    12072    12352    14520 
50214 codespace ./cli mmap images/4096x4096        0   196708   236082   394536 
50203 codespace ./cli mmap images/4096x4096        0   196712   236086   394540 
50208 codespace ./cli mmap images/4096x4096        0   196712   236086   394636 
50205 codespace ./cli mmap images/4096x4096        0   196708   236087   394628 
50212 codespace ./cli mmap images/4096x4096        0   196712   236088   394600 
%CPU %MEM ARGS Wed Sep 30 21:13:45 UTC 2026
 0.0  0.0 grep --color=auto ./cli       0  2212
19.2  4.8 ./cli mmap images/4096x4096   0 394536
19.3  4.8 ./cli mmap images/4096x4096   1 394540
19.3  4.8 ./cli mmap images/4096x4096   0 394600
19.3  4.8 ./cli mmap images/4096x4096   0 394628
19.4  4.8 ./cli mmap images/4096x4096   0 394636
  PID User     Command                         Swap      USS      PSS      RSS 
56360 codespace /usr/bin/python3 /usr/bin/s        0    12060    12300    14432 
50214 codespace ./cli mmap images/4096x4096        0   196708   236082   394536 
50203 codespace ./cli mmap images/4096x4096        0   196712   236086   394540 
50205 codespace ./cli mmap images/4096x4096        0   196708   236087   394628 
50212 codespace ./cli mmap images/4096x4096        0   196712   236088   394600 
50208 codespace ./cli mmap images/4096x4096        0   196712   236091   394636 
%CPU %MEM ARGS Wed Sep 30 21:13:47 UTC 2026
 0.0  0.0 grep --color=auto ./cli       1  2172
19.2  4.8 ./cli mmap images/4096x4096   0 394536
19.3  4.8 ./cli mmap images/4096x4096   0 394600
19.3  4.8 ./cli mmap images/4096x4096   0 394540
19.3  4.8 ./cli mmap images/4096x4096   0 394628
19.4  4.8 ./cli mmap images/4096x4096   0 394636
  PID User     Command                         Swap      USS      PSS      RSS 
56367 codespace /usr/bin/python3 /usr/bin/s        0    12060    12313    14540 
50214 codespace ./cli mmap images/4096x4096        0   196708   236082   394536 
50203 codespace ./cli mmap images/4096x4096        0   196712   236086   394540 
50205 codespace ./cli mmap images/4096x4096        0   196708   236086   394628 
50212 codespace ./cli mmap images/4096x4096        0   196712   236088   394600 
50208 codespace ./cli mmap images/4096x4096        0   196712   236091   394636 
%CPU %MEM ARGS Wed Sep 30 21:13:47 UTC 2026
 0.0  0.0 grep --color=auto ./cli       1  2168
19.2  4.8 ./cli mmap images/4096x4096   1 394536
19.3  4.8 ./cli mmap images/4096x4096   0 394600
19.3  4.8 ./cli mmap images/4096x4096   1 394540
19.3  4.8 ./cli mmap images/4096x4096   1 394628
19.4  4.8 ./cli mmap images/4096x4096   0 394636
  PID User     Command                         Swap      USS      PSS      RSS 
56379 codespace /usr/bin/python3 /usr/bin/s        0    12088    12375    14544 
50214 codespace ./cli mmap images/4096x4096        0   196708   236082   394536 
50203 codespace ./cli mmap images/4096x4096        0   196712   236086   394540 
50205 codespace ./cli mmap images/4096x4096        0   196708   236087   394628 
50212 codespace ./cli mmap images/4096x4096        0   196712   236088   394600 
50208 codespace ./cli mmap images/4096x4096        0   196712   236091   394636 
%CPU %MEM ARGS Wed Sep 30 21:13:48 UTC 2026
 0.0  0.0 grep --color=auto ./cli       0  2340
19.2  4.8 ./cli mmap images/4096x4096   0 394536
19.3  4.8 ./cli mmap images/4096x4096   0 394600
19.3  4.8 ./cli mmap images/4096x4096   0 394540
19.3  4.8 ./cli mmap images/4096x4096   1 394628
19.4  4.8 ./cli mmap images/4096x4096   0 394636
  PID User     Command                         Swap      USS      PSS      RSS 
56390 codespace /usr/bin/python3 /usr/bin/s        0    12060    12320    14536 
50214 codespace ./cli mmap images/4096x4096        0   196708   236082   394536 
50203 codespace ./cli mmap images/4096x4096        0   196712   236086   394540 
50205 codespace ./cli mmap images/4096x4096        0   196708   236087   394628 
50212 codespace ./cli mmap images/4096x4096        0   196712   236088   394600 
50208 codespace ./cli mmap images/4096x4096        0   196712   236091   394636 
%CPU %MEM ARGS Wed Sep 30 21:13:49 UTC 2026
 0.0  0.0 grep --color=auto ./cli       0  2176
19.2  4.8 ./cli mmap images/4096x4096   1 394536
19.3  4.8 ./cli mmap images/4096x4096   0 394600
19.3  4.8 ./cli mmap images/4096x4096   0 394540
19.4  4.8 ./cli mmap images/4096x4096   0 394628
19.4  4.8 ./cli mmap images/4096x4096   0 394636
  PID User     Command                         Swap      USS      PSS      RSS 
56396 codespace /usr/bin/python3 /usr/bin/s        0    12064    12342    14512 
50214 codespace ./cli mmap images/4096x4096        0   196708   236082   394536 
50203 codespace ./cli mmap images/4096x4096        0   196712   236086   394540 
50205 codespace ./cli mmap images/4096x4096        0   196708   236087   394628 
50212 codespace ./cli mmap images/4096x4096        0   196712   236088   394600 
50208 codespace ./cli mmap images/4096x4096        0   196712   236091   394636 
%CPU %MEM ARGS Wed Sep 30 21:13:50 UTC 2026
 0.0  0.0 grep --color=auto ./cli       0  2288
19.2  4.8 ./cli mmap images/4096x4096   0 394536
19.3  4.8 ./cli mmap images/4096x4096   0 394600
19.3  4.8 ./cli mmap images/4096x4096   1 394540
19.4  4.8 ./cli mmap images/4096x4096   0 394628
19.4  4.8 ./cli mmap images/4096x4096   0 394636
  PID User     Command                         Swap      USS      PSS      RSS 
56408 codespace /usr/bin/python3 /usr/bin/s        0    12064    12322    14548 
50214 codespace ./cli mmap images/4096x4096        0   196708   236082   394536 
50203 codespace ./cli mmap images/4096x4096        0   196712   236086   394540 
50205 codespace ./cli mmap images/4096x4096        0   196708   236086   394628 
50212 codespace ./cli mmap images/4096x4096        0   196712   236088   394600 
50208 codespace ./cli mmap images/4096x4096        0   196712   236091   394636 
%CPU %MEM ARGS Wed Sep 30 21:13:52 UTC 2026
 0.0  0.0 grep --color=auto ./cli       1  2212
19.2  4.8 ./cli mmap images/4096x4096   0 394536
19.3  4.8 ./cli mmap images/4096x4096   0 394600
19.3  4.8 ./cli mmap images/4096x4096   0 394628
19.4  4.8 ./cli mmap images/4096x4096   0 394540
19.4  4.8 ./cli mmap images/4096x4096   0 394636
  PID User     Command                         Swap      USS      PSS      RSS 
56414 codespace /usr/bin/python3 /usr/bin/s        0    12064    12309    14468 
50205 codespace ./cli mmap images/4096x4096        0   196708   236081   394628 
50214 codespace ./cli mmap images/4096x4096        0   196708   236081   394536 
50203 codespace ./cli mmap images/4096x4096        0   196712   236085   394540 
50208 codespace ./cli mmap images/4096x4096        0   196712   236088   394636 
50212 codespace ./cli mmap images/4096x4096        0   196712   236088   394600 
%CPU %MEM ARGS Wed Sep 30 21:13:52 UTC 2026
 0.0  0.0 grep --color=auto ./cli       1  2192
19.2  4.8 ./cli mmap images/4096x4096   0 394536
19.3  4.8 ./cli mmap images/4096x4096   1 394600
19.3  4.8 ./cli mmap images/4096x4096   0 394628
19.4  4.8 ./cli mmap images/4096x4096   1 394540
19.4  4.8 ./cli mmap images/4096x4096   0 394636
  PID User     Command                         Swap      USS      PSS      RSS 
56433 codespace /usr/bin/python3 /usr/bin/s        0    12064    12349    14624 
50214 codespace ./cli mmap images/4096x4096        0   196708   236082   394536 
50203 codespace ./cli mmap images/4096x4096        0   196712   236086   394540 
50205 codespace ./cli mmap images/4096x4096        0   196708   236087   394628 
50212 codespace ./cli mmap images/4096x4096        0   196712   236088   394600 
50208 codespace ./cli mmap images/4096x4096        0   196712   236092   394636 
%CPU %MEM ARGS Wed Sep 30 21:13:53 UTC 2026
 0.0  0.0 grep --color=auto ./cli       0  2208
19.2  4.8 ./cli mmap images/4096x4096   1 394536
19.3  4.8 ./cli mmap images/4096x4096   0 394600
19.3  4.8 ./cli mmap images/4096x4096   0 394628
19.4  4.8 ./cli mmap images/4096x4096   0 394540
19.4  4.8 ./cli mmap images/4096x4096   0 394636
  PID User     Command                         Swap      USS      PSS      RSS 
56457 codespace /usr/bin/python3 /usr/bin/s        0    12068    12338    14516 
50214 codespace ./cli mmap images/4096x4096        0   196708   236082   394536 
50203 codespace ./cli mmap images/4096x4096        0   196712   236086   394540 
50212 codespace ./cli mmap images/4096x4096        0   196712   236088   394600 
50205 codespace ./cli mmap images/4096x4096        0   196708   236090   394628 
50208 codespace ./cli mmap images/4096x4096        0   196712   236092   394636 
%CPU %MEM ARGS Wed Sep 30 21:13:54 UTC 2026
 0.0  0.0 grep --color=auto ./cli       1  2208
19.2  4.8 ./cli mmap images/4096x4096   0 394536
19.3  4.8 ./cli mmap images/4096x4096   0 394600
19.3  4.8 ./cli mmap images/4096x4096   0 394628
19.4  4.8 ./cli mmap images/4096x4096   1 394540
19.4  4.8 ./cli mmap images/4096x4096   0 394636
  PID User     Command                         Swap      USS      PSS      RSS 
56466 codespace /usr/bin/python3 /usr/bin/s        0    12084    12374    14592 
50214 codespace ./cli mmap images/4096x4096        0   196708   236082   394536 
50203 codespace ./cli mmap images/4096x4096        0   196712   236086   394540 
50205 codespace ./cli mmap images/4096x4096        0   196708   236087   394628 
50212 codespace ./cli mmap images/4096x4096        0   196712   236088   394600 
50208 codespace ./cli mmap images/4096x4096        0   196712   236091   394636 
%CPU %MEM ARGS Wed Sep 30 21:13:55 UTC 2026
 0.0  0.0 grep --color=auto ./cli       1  2308
19.2  4.8 ./cli mmap images/4096x4096   0 394536
19.3  4.8 ./cli mmap images/4096x4096   0 394600
19.3  4.8 ./cli mmap images/4096x4096   0 394628
19.4  4.8 ./cli mmap images/4096x4096   0 394540
19.4  4.8 ./cli mmap images/4096x4096   1 394636
  PID User     Command                         Swap      USS      PSS      RSS 
56475 codespace /usr/bin/python3 /usr/bin/s        0    12064    12312    14480 
50214 codespace ./cli mmap images/4096x4096        0   196708   236082   394536 
50203 codespace ./cli mmap images/4096x4096        0   196712   236086   394540 
50205 codespace ./cli mmap images/4096x4096        0   196708   236087   394628 
50212 codespace ./cli mmap images/4096x4096        0   196712   236088   394600 
50208 codespace ./cli mmap images/4096x4096        0   196712   236091   394636 
%CPU %MEM ARGS Wed Sep 30 21:13:56 UTC 2026
 0.0  0.0 grep --color=auto ./cli       1  2304
19.2  4.8 ./cli mmap images/4096x4096   0 394536
19.3  4.8 ./cli mmap images/4096x4096   1 394600
19.3  4.8 ./cli mmap images/4096x4096   0 394628
19.4  4.8 ./cli mmap images/4096x4096   1 394540
19.4  4.8 ./cli mmap images/4096x4096   1 394636
  PID User     Command                         Swap      USS      PSS      RSS 
56481 codespace /usr/bin/python3 /usr/bin/s        0    12068    12317    14484 
50214 codespace ./cli mmap images/4096x4096        0   196708   236081   394536 
50203 codespace ./cli mmap images/4096x4096        0   196712   236085   394540 
50205 codespace ./cli mmap images/4096x4096        0   196708   236087   394628 
50212 codespace ./cli mmap images/4096x4096        0   196712   236088   394600 
50208 codespace ./cli mmap images/4096x4096        0   196712   236091   394636 
%CPU %MEM ARGS Wed Sep 30 21:13:58 UTC 2026
 0.0  0.0 grep --color=auto ./cli       1  2196
19.2  4.8 ./cli mmap images/4096x4096   0 394536
19.3  4.8 ./cli mmap images/4096x4096   1 394600
19.3  4.8 ./cli mmap images/4096x4096   1 394628
19.4  4.8 ./cli mmap images/4096x4096   0 394540
19.4  4.8 ./cli mmap images/4096x4096   1 394636
  PID User     Command                         Swap      USS      PSS      RSS 
56496 codespace /usr/bin/python3 /usr/bin/s        0    12064    12316    14480 
50214 codespace ./cli mmap images/4096x4096        0   196708   236082   394536 
50203 codespace ./cli mmap images/4096x4096        0   196712   236084   394540 
50205 codespace ./cli mmap images/4096x4096        0   196708   236087   394628 
50212 codespace ./cli mmap images/4096x4096        0   196712   236088   394600 
50208 codespace ./cli mmap images/4096x4096        0   196712   236091   394636 
%CPU %MEM ARGS Wed Sep 30 21:13:59 UTC 2026
 0.0  0.0 grep --color=auto ./cli       0  2248
19.2  4.8 ./cli mmap images/4096x4096   1 394536
19.3  4.8 ./cli mmap images/4096x4096   1 394600
19.3  4.8 ./cli mmap images/4096x4096   1 394628
19.3  4.8 ./cli mmap images/4096x4096   1 394540
19.4  4.8 ./cli mmap images/4096x4096   0 394636
  PID User     Command                         Swap      USS      PSS      RSS 
56511 codespace /usr/bin/python3 /usr/bin/s        0    12068    12347    14576 
50203 codespace ./cli mmap images/4096x4096        0   196712   236080   394540 
50214 codespace ./cli mmap images/4096x4096        0   196708   236081   394536 
50205 codespace ./cli mmap images/4096x4096        0   196708   236087   394628 
50212 codespace ./cli mmap images/4096x4096        0   196712   236088   394600 
50208 codespace ./cli mmap images/4096x4096        0   196712   236092   394636 
%CPU %MEM ARGS Wed Sep 30 21:14:00 UTC 2026
 0.0  0.0 grep --color=auto ./cli       1  2172
19.2  4.8 ./cli mmap images/4096x4096   1 394536
19.3  4.8 ./cli mmap images/4096x4096   1 394600
19.3  4.8 ./cli mmap images/4096x4096   0 394628
19.3  4.8 ./cli mmap images/4096x4096   1 394540
19.4  4.8 ./cli mmap images/4096x4096   1 394636
  PID User     Command                         Swap      USS      PSS      RSS 
56523 codespace /usr/bin/python3 /usr/bin/s        0    12064    12297    14452 
50214 codespace ./cli mmap images/4096x4096        0   196708   236082   394536 
50203 codespace ./cli mmap images/4096x4096        0   196712   236086   394540 
50205 codespace ./cli mmap images/4096x4096        0   196708   236087   394628 
50212 codespace ./cli mmap images/4096x4096        0   196712   236088   394600 
50208 codespace ./cli mmap images/4096x4096        0   196712   236091   394636 
%CPU %MEM ARGS Wed Sep 30 21:14:01 UTC 2026
 0.0  0.0 grep --color=auto ./cli       1  2300
19.2  4.8 ./cli mmap images/4096x4096   0 394536
19.2  4.8 ./cli mmap images/4096x4096   1 394600
19.3  4.8 ./cli mmap images/4096x4096   1 394540
19.4  4.8 ./cli mmap images/4096x4096   1 394628
19.4  4.8 ./cli mmap images/4096x4096   1 394636
  PID User     Command                         Swap      USS      PSS      RSS 
56530 codespace /usr/bin/python3 /usr/bin/s        0    12064    12344    14572 
50214 codespace ./cli mmap images/4096x4096        0   196708   236081   394536 
50203 codespace ./cli mmap images/4096x4096        0   196712   236085   394540 
50205 codespace ./cli mmap images/4096x4096        0   196708   236087   394628 
50212 codespace ./cli mmap images/4096x4096        0   196712   236088   394600 
50208 codespace ./cli mmap images/4096x4096        0   196712   236092   394636 
%CPU %MEM ARGS Wed Sep 30 21:14:01 UTC 2026
 0.0  0.0 grep --color=auto ./cli       1  2216
19.2  4.8 ./cli mmap images/4096x4096   1 394536
19.3  4.8 ./cli mmap images/4096x4096   1 394600
19.3  4.8 ./cli mmap images/4096x4096   0 394540
19.4  4.8 ./cli mmap images/4096x4096   0 394628
19.4  4.8 ./cli mmap images/4096x4096   1 394636
  PID User     Command                         Swap      USS      PSS      RSS 
56541 codespace /usr/bin/python3 /usr/bin/s        0    12084    12374    14592 
50214 codespace ./cli mmap images/4096x4096        0   196708   236082   394536 
50203 codespace ./cli mmap images/4096x4096        0   196712   236086   394540 
50205 codespace ./cli mmap images/4096x4096        0   196708   236087   394628 
50212 codespace ./cli mmap images/4096x4096        0   196712   236088   394600 
50208 codespace ./cli mmap images/4096x4096        0   196712   236092   394636 
%CPU %MEM ARGS Wed Sep 30 21:14:03 UTC 2026
 0.0  0.0 grep --color=auto ./cli       1  1820
19.2  4.8 ./cli mmap images/4096x4096   1 394536
19.3  4.8 ./cli mmap images/4096x4096   0 394600
19.3  4.8 ./cli mmap images/4096x4096   1 394628
19.4  4.8 ./cli mmap images/4096x4096   1 394540
19.4  4.8 ./cli mmap images/4096x4096   1 394636
  PID User     Command                         Swap      USS      PSS      RSS 
56553 codespace /usr/bin/python3 /usr/bin/s        0    12060    12321    14528 
50214 codespace ./cli mmap images/4096x4096        0   196708   236082   394536 
50203 codespace ./cli mmap images/4096x4096        0   196712   236086   394540 
50205 codespace ./cli mmap images/4096x4096        0   196708   236087   394628 
50212 codespace ./cli mmap images/4096x4096        0   196712   236088   394600 
50208 codespace ./cli mmap images/4096x4096        0   196712   236092   394636 
%CPU %MEM ARGS Wed Sep 30 21:14:04 UTC 2026
 0.0  0.0 grep --color=auto ./cli       1  2196
19.2  4.8 ./cli mmap images/4096x4096   0 394536
19.3  4.8 ./cli mmap images/4096x4096   1 394600
19.3  4.8 ./cli mmap images/4096x4096   0 394628
19.3  4.8 ./cli mmap images/4096x4096   1 394540
19.4  4.8 ./cli mmap images/4096x4096   1 394636
  PID User     Command                         Swap      USS      PSS      RSS 
56574 codespace /usr/bin/python3 /usr/bin/s        0    12064    12341    14512 
50214 codespace ./cli mmap images/4096x4096        0   196708   236082   394536 
50203 codespace ./cli mmap images/4096x4096        0   196712   236085   394540 
50205 codespace ./cli mmap images/4096x4096        0   196708   236085   394628 
50212 codespace ./cli mmap images/4096x4096        0   196712   236088   394600 
50208 codespace ./cli mmap images/4096x4096        0   196712   236090   394636 
%CPU %MEM ARGS Wed Sep 30 21:14:05 UTC 2026
 0.0  0.0 grep --color=auto ./cli       0  2180
19.2  4.8 ./cli mmap images/4096x4096   1 394536
19.3  4.8 ./cli mmap images/4096x4096   0 394600
19.3  4.8 ./cli mmap images/4096x4096   1 394628
19.3  4.8 ./cli mmap images/4096x4096   0 394540
19.4  4.8 ./cli mmap images/4096x4096   1 394636
  PID User     Command                         Swap      USS      PSS      RSS 
56590 codespace /usr/bin/python3 /usr/bin/s        0    12064    12325    14516 
50214 codespace ./cli mmap images/4096x4096        0   196708   236082   394536 
50203 codespace ./cli mmap images/4096x4096        0   196712   236086   394540 
50205 codespace ./cli mmap images/4096x4096        0   196708   236087   394628 
50212 codespace ./cli mmap images/4096x4096        0   196712   236088   394600 
50208 codespace ./cli mmap images/4096x4096        0   196712   236092   394636 
%CPU %MEM ARGS Wed Sep 30 21:14:06 UTC 2026
 0.0  0.0 grep --color=auto ./cli       0  2288
19.2  4.8 ./cli mmap images/4096x4096   0 394536
19.3  4.8 ./cli mmap images/4096x4096   0 394600
19.3  4.8 ./cli mmap images/4096x4096   0 394540
19.3  4.8 ./cli mmap images/4096x4096   0 394636
19.4  4.8 ./cli mmap images/4096x4096   1 394628
  PID User     Command                         Swap      USS      PSS      RSS 
56596 codespace /usr/bin/python3 /usr/bin/s        0    12032    12292    14500 
50214 codespace ./cli mmap images/4096x4096        0   196708   236082   394536 
50203 codespace ./cli mmap images/4096x4096        0   196712   236086   394540 
50205 codespace ./cli mmap images/4096x4096        0   196708   236087   394628 
50212 codespace ./cli mmap images/4096x4096        0   196712   236088   394600 
50208 codespace ./cli mmap images/4096x4096        0   196712   236092   394636 
%CPU %MEM ARGS Wed Sep 30 21:14:07 UTC 2026
 0.0  0.0 grep --color=auto ./cli       0  2176
19.2  4.8 ./cli mmap images/4096x4096   0 394536
19.3  4.8 ./cli mmap images/4096x4096   0 394600
19.3  4.8 ./cli mmap images/4096x4096   0 394540
19.3  4.8 ./cli mmap images/4096x4096   0 394636
19.4  4.8 ./cli mmap images/4096x4096   1 394628
  PID User     Command                         Swap      USS      PSS      RSS 
56608 codespace /usr/bin/python3 /usr/bin/s        0    12060    12297    14480 
50214 codespace ./cli mmap images/4096x4096        0   196708   236082   394536 
50203 codespace ./cli mmap images/4096x4096        0   196712   236086   394540 
50205 codespace ./cli mmap images/4096x4096        0   196708   236087   394628 
50212 codespace ./cli mmap images/4096x4096        0   196712   236088   394600 
50208 codespace ./cli mmap images/4096x4096        0   196712   236092   394636 
%CPU %MEM ARGS Wed Sep 30 21:14:08 UTC 2026
 0.0  0.0 grep --color=auto ./cli       0  2152
19.2  4.8 ./cli mmap images/4096x4096   0 394536
19.2  4.8 ./cli mmap images/4096x4096   0 394600
19.3  4.8 ./cli mmap images/4096x4096   0 394540
19.3  4.8 ./cli mmap images/4096x4096   0 394636
19.4  4.8 ./cli mmap images/4096x4096   0 394628
  PID User     Command                         Swap      USS      PSS      RSS 
56615 codespace /usr/bin/python3 /usr/bin/s        0    12068    12315    14484 
50214 codespace ./cli mmap images/4096x4096        0   196708   236082   394536 
50203 codespace ./cli mmap images/4096x4096        0   196712   236086   394540 
50205 codespace ./cli mmap images/4096x4096        0   196708   236087   394628 
50212 codespace ./cli mmap images/4096x4096        0   196712   236088   394600 
50208 codespace ./cli mmap images/4096x4096        0   196712   236091   394636 
%CPU %MEM ARGS Wed Sep 30 21:14:09 UTC 2026
 0.0  0.0 grep --color=auto ./cli       1  2292
19.2  4.8 ./cli mmap images/4096x4096   1 394536
19.2  4.8 ./cli mmap images/4096x4096   1 394600
19.3  4.8 ./cli mmap images/4096x4096   1 394540
19.3  4.8 ./cli mmap images/4096x4096   1 394636
19.4  4.8 ./cli mmap images/4096x4096   1 394628
  PID User     Command                         Swap      USS      PSS      RSS 
56627 codespace /usr/bin/python3 /usr/bin/s        0    12004    12269    14456 
50214 codespace ./cli mmap images/4096x4096        0   196708   236081   394536 
50203 codespace ./cli mmap images/4096x4096        0   196712   236085   394540 
50205 codespace ./cli mmap images/4096x4096        0   196708   236087   394628 
50212 codespace ./cli mmap images/4096x4096        0   196712   236088   394600 
50208 codespace ./cli mmap images/4096x4096        0   196712   236092   394636 
%CPU %MEM ARGS Wed Sep 30 21:14:10 UTC 2026
 0.0  0.0 grep --color=auto ./cli       0  2248
19.2  4.8 ./cli mmap images/4096x4096   0 394536
19.2  4.8 ./cli mmap images/4096x4096   1 394600
19.3  4.8 ./cli mmap images/4096x4096   1 394540
19.3  4.8 ./cli mmap images/4096x4096   1 394636
19.4  4.8 ./cli mmap images/4096x4096   1 394628
  PID User     Command                         Swap      USS      PSS      RSS 
56632 codespace /usr/bin/python3 /usr/bin/s        0    12064    12309    14488 
50214 codespace ./cli mmap images/4096x4096        0   196708   236082   394536 
50203 codespace ./cli mmap images/4096x4096        0   196712   236084   394540 
50205 codespace ./cli mmap images/4096x4096        0   196708   236087   394628 
50212 codespace ./cli mmap images/4096x4096        0   196712   236088   394600 
50208 codespace ./cli mmap images/4096x4096        0   196712   236091   394636 
%CPU %MEM ARGS Wed Sep 30 21:14:11 UTC 2026
 0.0  0.0 grep --color=auto ./cli       1  2304
19.2  4.8 ./cli mmap images/4096x4096   0 394536
19.2  4.8 ./cli mmap images/4096x4096   0 394600
19.3  4.8 ./cli mmap images/4096x4096   0 394540
19.3  4.8 ./cli mmap images/4096x4096   0 394636
19.4  4.8 ./cli mmap images/4096x4096   1 394628
  PID User     Command                         Swap      USS      PSS      RSS 
56652 codespace /usr/bin/python3 /usr/bin/s        0    12064    12349    14624 
50214 codespace ./cli mmap images/4096x4096        0   196708   236082   394536 
50203 codespace ./cli mmap images/4096x4096        0   196712   236086   394540 
50205 codespace ./cli mmap images/4096x4096        0   196708   236087   394628 
50212 codespace ./cli mmap images/4096x4096        0   196712   236088   394600 
50208 codespace ./cli mmap images/4096x4096        0   196712   236092   394636 
%CPU %MEM ARGS Wed Sep 30 21:14:12 UTC 2026
 0.0  0.0 grep --color=auto ./cli       1  2192
19.2  4.8 ./cli mmap images/4096x4096   1 394536
19.2  4.8 ./cli mmap images/4096x4096   0 394600
19.3  4.8 ./cli mmap images/4096x4096   0 394540
19.3  4.8 ./cli mmap images/4096x4096   0 394636
19.4  4.8 ./cli mmap images/4096x4096   0 394628
  PID User     Command                         Swap      USS      PSS      RSS 
56658 codespace /usr/bin/python3 /usr/bin/s        0    12032    12290    14500 
50214 codespace ./cli mmap images/4096x4096        0   196708   236082   394536 
50203 codespace ./cli mmap images/4096x4096        0   196712   236086   394540 
50205 codespace ./cli mmap images/4096x4096        0   196708   236087   394628 
50212 codespace ./cli mmap images/4096x4096        0   196712   236088   394600 
50208 codespace ./cli mmap images/4096x4096        0   196712   236091   394636 
%CPU %MEM ARGS Wed Sep 30 21:14:13 UTC 2026
 0.0  0.0 grep --color=auto ./cli       1  2276
19.2  4.8 ./cli mmap images/4096x4096   0 394536
19.2  4.8 ./cli mmap images/4096x4096   0 394600
19.3  4.8 ./cli mmap images/4096x4096   0 394636
19.3  4.8 ./cli mmap images/4096x4096   0 394540
19.4  4.8 ./cli mmap images/4096x4096   0 394628
  PID User     Command                         Swap      USS      PSS      RSS 
56668 codespace /usr/bin/python3 /usr/bin/s        0    12068    12340    14516 
50214 codespace ./cli mmap images/4096x4096        0   196708   236082   394536 
50203 codespace ./cli mmap images/4096x4096        0   196712   236086   394540 
50205 codespace ./cli mmap images/4096x4096        0   196708   236087   394628 
50212 codespace ./cli mmap images/4096x4096        0   196712   236088   394600 
50208 codespace ./cli mmap images/4096x4096        0   196712   236092   394636 
%CPU %MEM ARGS Wed Sep 30 21:14:14 UTC 2026
 0.0  0.0 grep --color=auto ./cli       0  2344
19.2  4.8 ./cli mmap images/4096x4096   0 394536
19.2  4.8 ./cli mmap images/4096x4096   0 394600
19.3  4.8 ./cli mmap images/4096x4096   0 394636
19.3  4.8 ./cli mmap images/4096x4096   0 394540
19.4  4.8 ./cli mmap images/4096x4096   1 394628
  PID User     Command                         Swap      USS      PSS      RSS 
56693 codespace /usr/bin/python3 /usr/bin/s        0    12064    12311    14480 
50214 codespace ./cli mmap images/4096x4096        0   196708   236082   394536 
50203 codespace ./cli mmap images/4096x4096        0   196712   236086   394540 
50205 codespace ./cli mmap images/4096x4096        0   196708   236087   394628 
50212 codespace ./cli mmap images/4096x4096        0   196712   236088   394600 
50208 codespace ./cli mmap images/4096x4096        0   196712   236091   394636 
%CPU %MEM ARGS Wed Sep 30 21:14:15 UTC 2026
 0.0  0.0 grep --color=auto ./cli       1  2192
19.2  4.8 ./cli mmap images/4096x4096   1 394536
19.2  4.8 ./cli mmap images/4096x4096   1 394600
19.3  4.8 ./cli mmap images/4096x4096   1 394636
19.3  4.8 ./cli mmap images/4096x4096   1 394540
19.4  4.8 ./cli mmap images/4096x4096   1 394628
  PID User     Command                         Swap      USS      PSS      RSS 
56699 codespace /usr/bin/python3 /usr/bin/s        0    12060    12274    14476 
50214 codespace ./cli mmap images/4096x4096        0   196708   236076   394536 
50203 codespace ./cli mmap images/4096x4096        0   196712   236086   394540 
50205 codespace ./cli mmap images/4096x4096        0   196708   236087   394628 
50212 codespace ./cli mmap images/4096x4096        0   196712   236088   394600 
50208 codespace ./cli mmap images/4096x4096        0   196712   236091   394636 
%CPU %MEM ARGS Wed Sep 30 21:14:15 UTC 2026
 0.0  0.0 grep --color=auto ./cli       0  2252
19.2  4.8 ./cli mmap images/4096x4096   1 394536
19.2  4.8 ./cli mmap images/4096x4096   1 394600
19.3  4.8 ./cli mmap images/4096x4096   1 394636
19.3  4.8 ./cli mmap images/4096x4096   1 394540
19.4  4.8 ./cli mmap images/4096x4096   1 394628
  PID User     Command                         Swap      USS      PSS      RSS 
56711 codespace /usr/bin/python3 /usr/bin/s        0    12060    12322    14528 
50214 codespace ./cli mmap images/4096x4096        0   196708   236082   394536 
50203 codespace ./cli mmap images/4096x4096        0   196712   236084   394540 
50205 codespace ./cli mmap images/4096x4096        0   196708   236085   394628 
50212 codespace ./cli mmap images/4096x4096        0   196712   236088   394600 
50208 codespace ./cli mmap images/4096x4096        0   196712   236090   394636 
%CPU %MEM ARGS Wed Sep 30 21:14:16 UTC 2026
 0.0  0.0 grep --color=auto ./cli       0  2200
19.2  4.8 ./cli mmap images/4096x4096   1 394536
19.2  4.8 ./cli mmap images/4096x4096   1 394600
19.3  4.8 ./cli mmap images/4096x4096   1 394636
19.3  4.8 ./cli mmap images/4096x4096   0 394540
19.4  4.8 ./cli mmap images/4096x4096   1 394628
  PID User     Command                         Swap      USS      PSS      RSS 
56723 codespace /usr/bin/python3 /usr/bin/s        0    12084    12375    14592 
50214 codespace ./cli mmap images/4096x4096        0   196708   236082   394536 
50203 codespace ./cli mmap images/4096x4096        0   196712   236086   394540 
50205 codespace ./cli mmap images/4096x4096        0   196708   236087   394628 
50212 codespace ./cli mmap images/4096x4096        0   196712   236088   394600 
50208 codespace ./cli mmap images/4096x4096        0   196712   236092   394636 
%CPU %MEM ARGS Wed Sep 30 21:14:17 UTC 2026
 0.0  0.0 grep --color=auto ./cli       1  2168
19.2  4.8 ./cli mmap images/4096x4096   0 394536
19.2  4.8 ./cli mmap images/4096x4096   1 394600
19.3  4.8 ./cli mmap images/4096x4096   1 394636
19.4  4.8 ./cli mmap images/4096x4096   1 394540
19.4  4.8 ./cli mmap images/4096x4096   1 394628
  PID User     Command                         Swap      USS      PSS      RSS 
56732 codespace /usr/bin/python3 /usr/bin/s        0    12064    12318    14480 
50214 codespace ./cli mmap images/4096x4096        0   196708   236082   394536 
50203 codespace ./cli mmap images/4096x4096        0   196712   236086   394540 
50205 codespace ./cli mmap images/4096x4096        0   196708   236087   394628 
50212 codespace ./cli mmap images/4096x4096        0   196712   236088   394600 
50208 codespace ./cli mmap images/4096x4096        0   196712   236091   394636 
%CPU %MEM ARGS Wed Sep 30 21:14:18 UTC 2026
 0.0  0.0 grep --color=auto ./cli       0  2308
19.2  4.8 ./cli mmap images/4096x4096   1 394536
19.2  4.8 ./cli mmap images/4096x4096   0 394600
19.3  4.8 ./cli mmap images/4096x4096   1 394636
19.3  4.8 ./cli mmap images/4096x4096   1 394540
19.4  4.8 ./cli mmap images/4096x4096   1 394628
  PID User     Command                         Swap      USS      PSS      RSS 
56741 codespace /usr/bin/python3 /usr/bin/s        0    12060    12319    14544 
50214 codespace ./cli mmap images/4096x4096        0   196708   236082   394536 
50203 codespace ./cli mmap images/4096x4096        0   196712   236086   394540 
50205 codespace ./cli mmap images/4096x4096        0   196708   236087   394628 
50212 codespace ./cli mmap images/4096x4096        0   196712   236088   394600 
50208 codespace ./cli mmap images/4096x4096        0   196712   236091   394636 
%CPU %MEM ARGS Wed Sep 30 21:14:19 UTC 2026
 0.0  0.0 grep --color=auto ./cli       0  2172
19.2  4.8 ./cli mmap images/4096x4096   1 394536
19.2  4.8 ./cli mmap images/4096x4096   1 394600
19.3  4.8 ./cli mmap images/4096x4096   0 394636
19.3  4.8 ./cli mmap images/4096x4096   1 394540
19.4  4.8 ./cli mmap images/4096x4096   1 394628
  PID User     Command                         Swap      USS      PSS      RSS 
56746 codespace /usr/bin/python3 /usr/bin/s        0    12008    12278    14484 
50214 codespace ./cli mmap images/4096x4096        0   196708   236081   394536 
50212 codespace ./cli mmap images/4096x4096        0   196712   236082   394600 
50203 codespace ./cli mmap images/4096x4096        0   196712   236085   394540 
50205 codespace ./cli mmap images/4096x4096        0   196708   236087   394628 
50208 codespace ./cli mmap images/4096x4096        0   196712   236091   394636 
%CPU %MEM ARGS Wed Sep 30 21:14:20 UTC 2026
 0.0  0.0 grep --color=auto ./cli       0  2196
19.2  4.8 ./cli mmap images/4096x4096   1 394536
19.2  4.8 ./cli mmap images/4096x4096   0 394600
19.3  4.8 ./cli mmap images/4096x4096   0 394636
19.4  4.8 ./cli mmap images/4096x4096   1 394540
19.4  4.8 ./cli mmap images/4096x4096   0 394628
  PID User     Command                         Swap      USS      PSS      RSS 
56758 codespace /usr/bin/python3 /usr/bin/s        0    12068    12338    14516 
50214 codespace ./cli mmap images/4096x4096        0   196708   236082   394536 
50203 codespace ./cli mmap images/4096x4096        0   196712   236086   394540 
50205 codespace ./cli mmap images/4096x4096        0   196708   236087   394628 
50212 codespace ./cli mmap images/4096x4096        0   196712   236088   394600 
50208 codespace ./cli mmap images/4096x4096        0   196712   236092   394636 
%CPU %MEM ARGS Wed Sep 30 21:14:21 UTC 2026
 0.0  0.0 grep --color=auto ./cli       1  2308
19.2  4.8 ./cli mmap images/4096x4096   1 394536
19.2  4.8 ./cli mmap images/4096x4096   1 394600
19.3  4.8 ./cli mmap images/4096x4096   1 394636
19.4  4.8 ./cli mmap images/4096x4096   1 394540
19.4  4.8 ./cli mmap images/4096x4096   0 394628
  PID User     Command                         Swap      USS      PSS      RSS 
56764 codespace /usr/bin/python3 /usr/bin/s        0    12064    12337    14572 
50214 codespace ./cli mmap images/4096x4096        0   196708   236080   394536 
50203 codespace ./cli mmap images/4096x4096        0   196712   236086   394540 
50205 codespace ./cli mmap images/4096x4096        0   196708   236087   394628 
50212 codespace ./cli mmap images/4096x4096        0   196712   236088   394600 
50208 codespace ./cli mmap images/4096x4096        0   196712   236091   394636 
%CPU %MEM ARGS Wed Sep 30 21:14:22 UTC 2026
 0.0  0.0 grep --color=auto ./cli       1  2192
19.2  4.8 ./cli mmap images/4096x4096   1 394536
19.2  4.8 ./cli mmap images/4096x4096   0 394600
19.3  4.8 ./cli mmap images/4096x4096   1 394636
19.4  4.8 ./cli mmap images/4096x4096   1 394540
19.4  4.8 ./cli mmap images/4096x4096   1 394628
  PID User     Command                         Swap      USS      PSS      RSS 
56782 codespace /usr/bin/python3 /usr/bin/s        0    12064    12327    14468 
50214 codespace ./cli mmap images/4096x4096        0   196708   236082   394536 
50203 codespace ./cli mmap images/4096x4096        0   196712   236086   394540 
50205 codespace ./cli mmap images/4096x4096        0   196708   236087   394628 
50212 codespace ./cli mmap images/4096x4096        0   196712   236088   394600 
50208 codespace ./cli mmap images/4096x4096        0   196712   236091   394636 
%CPU %MEM ARGS Wed Sep 30 21:14:23 UTC 2026
 0.0  0.0 grep --color=auto ./cli       0  2212
19.2  4.8 ./cli mmap images/4096x4096   1 394536
19.2  4.8 ./cli mmap images/4096x4096   0 394600
19.3  4.8 ./cli mmap images/4096x4096   0 394636
19.4  4.8 ./cli mmap images/4096x4096   1 394540
19.4  4.8 ./cli mmap images/4096x4096   1 394628
  PID User     Command                         Swap      USS      PSS      RSS 
56789 codespace /usr/bin/python3 /usr/bin/s        0    12064    12347    14592 
50214 codespace ./cli mmap images/4096x4096        0   196708   236082   394536 
50203 codespace ./cli mmap images/4096x4096        0   196712   236086   394540 
50205 codespace ./cli mmap images/4096x4096        0   196708   236087   394628 
50212 codespace ./cli mmap images/4096x4096        0   196712   236088   394600 
50208 codespace ./cli mmap images/4096x4096        0   196712   236092   394636 
%CPU %MEM ARGS Wed Sep 30 21:14:24 UTC 2026
 0.0  0.0 grep --color=auto ./cli       1  2156
19.2  4.8 ./cli mmap images/4096x4096   1 394536
19.2  4.8 ./cli mmap images/4096x4096   1 394600
19.3  4.8 ./cli mmap images/4096x4096   0 394636
19.4  4.8 ./cli mmap images/4096x4096   0 394540
19.4  4.8 ./cli mmap images/4096x4096   1 394628
  PID User     Command                         Swap      USS      PSS      RSS 
56812 codespace /usr/bin/python3 /usr/bin/s        0    12072    12352    14520 
50212 codespace ./cli mmap images/4096x4096        0   196712   236082   394600 
50214 codespace ./cli mmap images/4096x4096        0   196708   236082   394536 
50203 codespace ./cli mmap images/4096x4096        0   196712   236086   394540 
50205 codespace ./cli mmap images/4096x4096        0   196708   236087   394628 
50208 codespace ./cli mmap images/4096x4096        0   196712   236090   394636 
%CPU %MEM ARGS Wed Sep 30 21:14:25 UTC 2026
 0.0  0.0 grep --color=auto ./cli       1  2308
19.2  4.8 ./cli mmap images/4096x4096   1 394536
19.2  4.8 ./cli mmap images/4096x4096   0 394600
19.3  4.8 ./cli mmap images/4096x4096   0 394636
19.3  4.8 ./cli mmap images/4096x4096   0 394540
19.4  4.8 ./cli mmap images/4096x4096   0 394628
  PID User     Command                         Swap      USS      PSS      RSS 
56830 codespace /usr/bin/python3 /usr/bin/s        0    12064    12325    14516 
50214 codespace ./cli mmap images/4096x4096        0   196708   236082   394536 
50203 codespace ./cli mmap images/4096x4096        0   196712   236086   394540 
50205 codespace ./cli mmap images/4096x4096        0   196708   236087   394628 
50212 codespace ./cli mmap images/4096x4096        0   196712   236088   394600 
50208 codespace ./cli mmap images/4096x4096        0   196712   236092   394636 
%CPU %MEM ARGS Wed Sep 30 21:14:26 UTC 2026
 0.0  0.0 grep --color=auto ./cli       1  2172
19.2  4.8 ./cli mmap images/4096x4096   0 394536
19.2  4.8 ./cli mmap images/4096x4096   1 394600
19.3  4.8 ./cli mmap images/4096x4096   0 394636
19.3  4.8 ./cli mmap images/4096x4096   0 394540
19.4  4.8 ./cli mmap images/4096x4096   0 394628
  PID User     Command                         Swap      USS      PSS      RSS 
56836 codespace /usr/bin/python3 /usr/bin/s        0    12080    12309    14592 
50214 codespace ./cli mmap images/4096x4096        0   196708   236077   394536 
50203 codespace ./cli mmap images/4096x4096        0   196712   236085   394540 
50212 codespace ./cli mmap images/4096x4096        0   196712   236086   394600 
50205 codespace ./cli mmap images/4096x4096        0   196708   236087   394628 
50208 codespace ./cli mmap images/4096x4096        0   196712   236090   394636 
%CPU %MEM ARGS Wed Sep 30 21:14:27 UTC 2026
 0.0  0.0 grep --color=auto ./cli       1  2296
19.2  4.8 ./cli mmap images/4096x4096   1 394536
19.2  4.8 ./cli mmap images/4096x4096   1 394600
19.3  4.8 ./cli mmap images/4096x4096   0 394636
19.3  4.8 ./cli mmap images/4096x4096   1 394540
19.3  4.8 ./cli mmap images/4096x4096   1 394628
  PID User     Command                         Swap      USS      PSS      RSS 
56855 codespace /usr/bin/python3 /usr/bin/s        0    12064    12323    14516 
50214 codespace ./cli mmap images/4096x4096        0   196708   236082   394536 
50203 codespace ./cli mmap images/4096x4096        0   196712   236086   394540 
50205 codespace ./cli mmap images/4096x4096        0   196708   236087   394628 
50212 codespace ./cli mmap images/4096x4096        0   196712   236088   394600 
50208 codespace ./cli mmap images/4096x4096        0   196712   236091   394636 
%CPU %MEM ARGS Wed Sep 30 21:14:28 UTC 2026
 0.0  0.0 grep --color=auto ./cli       1  2292
19.2  4.8 ./cli mmap images/4096x4096   1 394536
19.2  4.8 ./cli mmap images/4096x4096   1 394600
19.3  4.8 ./cli mmap images/4096x4096   1 394636
19.3  4.8 ./cli mmap images/4096x4096   1 394540
19.3  4.8 ./cli mmap images/4096x4096   1 394628
  PID User     Command                         Swap      USS      PSS      RSS 
56861 codespace /usr/bin/python3 /usr/bin/s        0    12064    12315    14468 
50214 codespace ./cli mmap images/4096x4096        0   196708   236081   394536 
50203 codespace ./cli mmap images/4096x4096        0   196712   236085   394540 
50205 codespace ./cli mmap images/4096x4096        0   196708   236087   394628 
50212 codespace ./cli mmap images/4096x4096        0   196712   236088   394600 
50208 codespace ./cli mmap images/4096x4096        0   196712   236091   394636 
%CPU %MEM ARGS Wed Sep 30 21:14:29 UTC 2026
 0.0  0.0 grep --color=auto ./cli       1  2172
19.2  4.8 ./cli mmap images/4096x4096   0 394536
19.2  4.8 ./cli mmap images/4096x4096   1 394600
19.3  4.8 ./cli mmap images/4096x4096   1 394636
19.3  4.8 ./cli mmap images/4096x4096   0 394540
19.3  4.8 ./cli mmap images/4096x4096   1 394628
  PID User     Command                         Swap      USS      PSS      RSS 
56873 codespace /usr/bin/python3 /usr/bin/s        0    12064    12313    14480 
50214 codespace ./cli mmap images/4096x4096        0   196708   236082   394536 
50205 codespace ./cli mmap images/4096x4096        0   196708   236085   394628 
50203 codespace ./cli mmap images/4096x4096        0   196712   236086   394540 
50212 codespace ./cli mmap images/4096x4096        0   196712   236088   394600 
50208 codespace ./cli mmap images/4096x4096        0   196712   236091   394636 
%CPU %MEM ARGS Wed Sep 30 21:14:31 UTC 2026
 0.0  0.0 grep --color=auto ./cli       1  2160
19.2  4.8 ./cli mmap images/4096x4096   1 394536
19.2  4.8 ./cli mmap images/4096x4096   1 394600
19.3  4.8 ./cli mmap images/4096x4096   1 394636
19.3  4.8 ./cli mmap images/4096x4096   1 394628
19.4  4.8 ./cli mmap images/4096x4096   0 394540
  PID User     Command                         Swap      USS      PSS      RSS 
56884 codespace /usr/bin/python3 /usr/bin/s        0    12064    12346    14592 
50214 codespace ./cli mmap images/4096x4096        0   196708   236082   394536 
50203 codespace ./cli mmap images/4096x4096        0   196712   236086   394540 
50205 codespace ./cli mmap images/4096x4096        0   196708   236087   394628 
50212 codespace ./cli mmap images/4096x4096        0   196712   236088   394600 
50208 codespace ./cli mmap images/4096x4096        0   196712   236092   394636 
%CPU %MEM ARGS Wed Sep 30 21:14:32 UTC 2026
 0.0  0.0 grep --color=auto ./cli       1  2320
19.2  4.8 ./cli mmap images/4096x4096   1 394536
19.2  4.8 ./cli mmap images/4096x4096   1 394600
19.3  4.8 ./cli mmap images/4096x4096   1 394636
19.3  4.8 ./cli mmap images/4096x4096   1 394628
19.4  4.8 ./cli mmap images/4096x4096   0 394540
  PID User     Command                         Swap      USS      PSS      RSS 
56897 codespace /usr/bin/python3 /usr/bin/s        0    12060    12289    14516 
50214 codespace ./cli mmap images/4096x4096        0   196708   236080   394536 
50203 codespace ./cli mmap images/4096x4096        0   196712   236086   394540 
50205 codespace ./cli mmap images/4096x4096        0   196708   236087   394628 
50212 codespace ./cli mmap images/4096x4096        0   196712   236088   394600 
50208 codespace ./cli mmap images/4096x4096        0   196712   236091   394636 
%CPU %MEM ARGS Wed Sep 30 21:14:33 UTC 2026
 0.0  0.0 grep --color=auto ./cli       1  2252
19.2  4.8 ./cli mmap images/4096x4096   1 394536
19.2  4.8 ./cli mmap images/4096x4096   0 394600
19.3  4.8 ./cli mmap images/4096x4096   0 394636
19.3  4.8 ./cli mmap images/4096x4096   1 394628
19.4  4.8 ./cli mmap images/4096x4096   0 394540
  PID User     Command                         Swap      USS      PSS      RSS 
56909 codespace /usr/bin/python3 /usr/bin/s        0    12064    12321    14540 
50214 codespace ./cli mmap images/4096x4096        0   196708   236082   394536 
50203 codespace ./cli mmap images/4096x4096        0   196712   236086   394540 
50205 codespace ./cli mmap images/4096x4096        0   196708   236087   394628 
50212 codespace ./cli mmap images/4096x4096        0   196712   236088   394600 
50208 codespace ./cli mmap images/4096x4096        0   196712   236091   394636 
%CPU %MEM ARGS Wed Sep 30 21:14:34 UTC 2026
 0.0  0.0 grep --color=auto ./cli       1  2152
19.2  4.8 ./cli mmap images/4096x4096   1 394536
19.2  4.8 ./cli mmap images/4096x4096   1 394600
19.3  4.8 ./cli mmap images/4096x4096   1 394628
19.3  4.8 ./cli mmap images/4096x4096   0 394636
19.4  4.8 ./cli mmap images/4096x4096   1 394540
  PID User     Command                         Swap      USS      PSS      RSS 
56921 codespace /usr/bin/python3 /usr/bin/s        0    12064    12349    14624 
50214 codespace ./cli mmap images/4096x4096        0   196708   236082   394536 
50203 codespace ./cli mmap images/4096x4096        0   196712   236086   394540 
50205 codespace ./cli mmap images/4096x4096        0   196708   236087   394628 
50212 codespace ./cli mmap images/4096x4096        0   196712   236088   394600 
50208 codespace ./cli mmap images/4096x4096        0   196712   236092   394636 
%CPU %MEM ARGS Wed Sep 30 21:14:35 UTC 2026
 0.0  0.0 grep --color=auto ./cli       0  2300
19.2  4.8 ./cli mmap images/4096x4096   0 394536
19.2  4.8 ./cli mmap images/4096x4096   0 394600
19.3  4.8 ./cli mmap images/4096x4096   0 394628
19.3  4.8 ./cli mmap images/4096x4096   1 394636
19.4  4.8 ./cli mmap images/4096x4096   0 394540
  PID User     Command                         Swap      USS      PSS      RSS 
56944 codespace /usr/bin/python3 /usr/bin/s        0    12060    12322    14536 
50214 codespace ./cli mmap images/4096x4096        0   196708   236081   394536 
50203 codespace ./cli mmap images/4096x4096        0   196712   236085   394540 
50205 codespace ./cli mmap images/4096x4096        0   196708   236087   394628 
50212 codespace ./cli mmap images/4096x4096        0   196712   236088   394600 
50208 codespace ./cli mmap images/4096x4096        0   196712   236091   394636 
%CPU %MEM ARGS Wed Sep 30 21:14:36 UTC 2026
 0.0  0.0 grep --color=auto ./cli       0  2172
19.2  4.8 ./cli mmap images/4096x4096   0 394536
19.2  4.8 ./cli mmap images/4096x4096   0 394600
19.3  4.8 ./cli mmap images/4096x4096   0 394628
19.3  4.8 ./cli mmap images/4096x4096   1 394636
19.4  4.8 ./cli mmap images/4096x4096   0 394540
  PID User     Command                         Swap      USS      PSS      RSS 
56953 codespace /usr/bin/python3 /usr/bin/s        0    12068    12346    14516 
50214 codespace ./cli mmap images/4096x4096        0   196708   236082   394536 
50203 codespace ./cli mmap images/4096x4096        0   196712   236086   394540 
50205 codespace ./cli mmap images/4096x4096        0   196708   236087   394628 
50212 codespace ./cli mmap images/4096x4096        0   196712   236088   394600 
50208 codespace ./cli mmap images/4096x4096        0   196712   236091   394636 
%CPU %MEM ARGS Wed Sep 30 21:14:37 UTC 2026
 0.0  0.0 grep --color=auto ./cli       1  2184
19.2  4.8 ./cli mmap images/4096x4096   0 394536
19.2  4.8 ./cli mmap images/4096x4096   0 394600
19.3  4.8 ./cli mmap images/4096x4096   0 394628
19.3  4.8 ./cli mmap images/4096x4096   0 394636
19.4  4.8 ./cli mmap images/4096x4096   1 394540
  PID User     Command                         Swap      USS      PSS      RSS 
56962 codespace /usr/bin/python3 /usr/bin/s        0    12064    12346    14592 
50214 codespace ./cli mmap images/4096x4096        0   196708   236082   394536 
50203 codespace ./cli mmap images/4096x4096        0   196712   236086   394540 
50205 codespace ./cli mmap images/4096x4096        0   196708   236087   394628 
50212 codespace ./cli mmap images/4096x4096        0   196712   236088   394600 
50208 codespace ./cli mmap images/4096x4096        0   196712   236092   394636 
%CPU %MEM ARGS Wed Sep 30 21:14:38 UTC 2026
 0.0  0.0 grep --color=auto ./cli       0  2176
19.1  4.8 ./cli mmap images/4096x4096   0 394536
19.2  4.8 ./cli mmap images/4096x4096   1 394600
19.3  4.8 ./cli mmap images/4096x4096   0 394628
19.3  4.8 ./cli mmap images/4096x4096   0 394636
19.4  4.8 ./cli mmap images/4096x4096   0 394540
  PID User     Command                         Swap      USS      PSS      RSS 
56968 codespace /usr/bin/python3 /usr/bin/s        0    12064    12316    14480 
50214 codespace ./cli mmap images/4096x4096        0   196708   236082   394536 
50203 codespace ./cli mmap images/4096x4096        0   196712   236086   394540 
50205 codespace ./cli mmap images/4096x4096        0   196708   236087   394628 
50212 codespace ./cli mmap images/4096x4096        0   196712   236088   394600 
50208 codespace ./cli mmap images/4096x4096        0   196712   236091   394636 
%CPU %MEM ARGS Wed Sep 30 21:14:39 UTC 2026
 0.0  0.0 grep --color=auto ./cli       0  2192
19.1  4.8 ./cli mmap images/4096x4096   0 394536
19.2  4.8 ./cli mmap images/4096x4096   1 394600
19.3  4.8 ./cli mmap images/4096x4096   0 394628
19.3  4.8 ./cli mmap images/4096x4096   0 394636
19.4  4.8 ./cli mmap images/4096x4096   0 394540
  PID User     Command                         Swap      USS      PSS      RSS 
56986 codespace /usr/bin/python3 /usr/bin/s        0    12064    12345    14592 
50214 codespace ./cli mmap images/4096x4096        0   196708   236082   394536 
50203 codespace ./cli mmap images/4096x4096        0   196712   236086   394540 
50205 codespace ./cli mmap images/4096x4096        0   196708   236087   394628 
50212 codespace ./cli mmap images/4096x4096        0   196712   236088   394600 
50208 codespace ./cli mmap images/4096x4096        0   196712   236092   394636 
%CPU %MEM ARGS Wed Sep 30 21:14:40 UTC 2026
 0.0  0.0 grep --color=auto ./cli       0  2184
19.1  4.8 ./cli mmap images/4096x4096   1 394536
19.2  4.8 ./cli mmap images/4096x4096   0 394600
19.3  4.8 ./cli mmap images/4096x4096   1 394628
19.3  4.8 ./cli mmap images/4096x4096   1 394636
19.4  4.8 ./cli mmap images/4096x4096   1 394540
  PID User     Command                         Swap      USS      PSS      RSS 
56992 codespace /usr/bin/python3 /usr/bin/s        0    12064    12308    14480 
50214 codespace ./cli mmap images/4096x4096        0   196708   236076   394536 
50205 codespace ./cli mmap images/4096x4096        0   196708   236082   394628 
50203 codespace ./cli mmap images/4096x4096        0   196712   236086   394540 
50212 codespace ./cli mmap images/4096x4096        0   196712   236088   394600 
50208 codespace ./cli mmap images/4096x4096        0   196712   236091   394636 
%CPU %MEM ARGS Wed Sep 30 21:14:41 UTC 2026
 0.0  0.0 grep --color=auto ./cli       1  2160
19.1  4.8 ./cli mmap images/4096x4096   1 394536
19.2  4.8 ./cli mmap images/4096x4096   0 394600
19.3  4.8 ./cli mmap images/4096x4096   1 394628
19.3  4.8 ./cli mmap images/4096x4096   1 394636
19.4  4.8 ./cli mmap images/4096x4096   0 394540
  PID User     Command                         Swap      USS      PSS      RSS 
57009 codespace /usr/bin/python3 /usr/bin/s        0    12028    12279    14444 
50214 codespace ./cli mmap images/4096x4096        0   196708   236082   394536 
50203 codespace ./cli mmap images/4096x4096        0   196712   236086   394540 
50205 codespace ./cli mmap images/4096x4096        0   196708   236087   394628 
50212 codespace ./cli mmap images/4096x4096        0   196712   236088   394600 
50208 codespace ./cli mmap images/4096x4096        0   196712   236091   394636 
%CPU %MEM ARGS Wed Sep 30 21:14:42 UTC 2026
 0.0  0.0 grep --color=auto ./cli       1  2292
19.1  4.8 ./cli mmap images/4096x4096   1 394536
19.2  4.8 ./cli mmap images/4096x4096   1 394600
19.3  4.8 ./cli mmap images/4096x4096   1 394628
19.3  4.8 ./cli mmap images/4096x4096   1 394636
19.4  4.8 ./cli mmap images/4096x4096   0 394540
  PID User     Command                         Swap      USS      PSS      RSS 
57016 codespace /usr/bin/python3 /usr/bin/s        0    12060    12310    14476 
50214 codespace ./cli mmap images/4096x4096        0   196708   236082   394536 
50203 codespace ./cli mmap images/4096x4096        0   196712   236086   394540 
50205 codespace ./cli mmap images/4096x4096        0   196708   236087   394628 
50212 codespace ./cli mmap images/4096x4096        0   196712   236088   394600 
50208 codespace ./cli mmap images/4096x4096        0   196712   236091   394636 
%CPU %MEM ARGS Wed Sep 30 21:14:43 UTC 2026
 0.0  0.0 grep --color=auto ./cli       1  2172
19.1  4.8 ./cli mmap images/4096x4096   1 394536
19.2  4.8 ./cli mmap images/4096x4096   1 394600
19.3  4.8 ./cli mmap images/4096x4096   1 394628
19.3  4.8 ./cli mmap images/4096x4096   1 394636
19.4  4.8 ./cli mmap images/4096x4096   0 394540
  PID User     Command                         Swap      USS      PSS      RSS 
57022 codespace /usr/bin/python3 /usr/bin/s        0    12060    12288    14548 
50214 codespace ./cli mmap images/4096x4096        0   196708   236081   394536 
50203 codespace ./cli mmap images/4096x4096        0   196712   236086   394540 
50212 codespace ./cli mmap images/4096x4096        0   196712   236086   394600 
50205 codespace ./cli mmap images/4096x4096        0   196708   236087   394628 
50208 codespace ./cli mmap images/4096x4096        0   196712   236091   394636 
%CPU %MEM ARGS Wed Sep 30 21:14:44 UTC 2026
 0.0  0.0 grep --color=auto ./cli       1  2176
19.1  4.8 ./cli mmap images/4096x4096   1 394536
19.2  4.8 ./cli mmap images/4096x4096   1 394600
19.3  4.8 ./cli mmap images/4096x4096   0 394628
19.3  4.8 ./cli mmap images/4096x4096   1 394636
19.4  4.8 ./cli mmap images/4096x4096   1 394540
  PID User     Command                         Swap      USS      PSS      RSS 
57039 codespace /usr/bin/python3 /usr/bin/s        0    12064    12323    14532 
50214 codespace ./cli mmap images/4096x4096        0   196708   236081   394536 
50203 codespace ./cli mmap images/4096x4096        0   196712   236085   394540 
50205 codespace ./cli mmap images/4096x4096        0   196708   236087   394628 
50212 codespace ./cli mmap images/4096x4096        0   196712   236088   394600 
50208 codespace ./cli mmap images/4096x4096        0   196712   236092   394636 
%CPU %MEM ARGS Wed Sep 30 21:14:45 UTC 2026
 0.0  0.0 grep --color=auto ./cli       1  2132
19.1  4.8 ./cli mmap images/4096x4096   0 394536
19.2  4.8 ./cli mmap images/4096x4096   1 394600
19.3  4.8 ./cli mmap images/4096x4096   0 394628
19.3  4.8 ./cli mmap images/4096x4096   0 394636
19.4  4.8 ./cli mmap images/4096x4096   0 394540
  PID User     Command                         Swap      USS      PSS      RSS 
57063 codespace /usr/bin/python3 /usr/bin/s        0    12056    12316    14524 
50214 codespace ./cli mmap images/4096x4096        0   196708   236082   394536 
50203 codespace ./cli mmap images/4096x4096        0   196712   236086   394540 
50205 codespace ./cli mmap images/4096x4096        0   196708   236087   394628 
50212 codespace ./cli mmap images/4096x4096        0   196712   236088   394600 
50208 codespace ./cli mmap images/4096x4096        0   196712   236092   394636 
%CPU %MEM ARGS Wed Sep 30 21:14:47 UTC 2026
 0.0  0.0 grep --color=auto ./cli       0  2164
19.2  4.8 ./cli mmap images/4096x4096   1 394536
19.2  4.8 ./cli mmap images/4096x4096   0 394600
19.3  4.8 ./cli mmap images/4096x4096   0 394628
19.3  4.8 ./cli mmap images/4096x4096   0 394636
19.4  4.8 ./cli mmap images/4096x4096   0 394540
  PID User     Command                         Swap      USS      PSS      RSS 
57076 codespace /usr/bin/python3 /usr/bin/s        0    12064    12341    14572 
50214 codespace ./cli mmap images/4096x4096        0   196708   236081   394536 
50203 codespace ./cli mmap images/4096x4096        0   196712   236085   394540 
50205 codespace ./cli mmap images/4096x4096        0   196708   236087   394628 
50212 codespace ./cli mmap images/4096x4096        0   196712   236088   394600 
50208 codespace ./cli mmap images/4096x4096        0   196712   236091   394636 
%CPU %MEM ARGS Wed Sep 30 21:14:48 UTC 2026
 0.0  0.0 grep --color=auto ./cli       0  2288
19.2  4.8 ./cli mmap images/4096x4096   0 394536
19.2  4.8 ./cli mmap images/4096x4096   1 394600
19.3  4.8 ./cli mmap images/4096x4096   0 394628
19.3  4.8 ./cli mmap images/4096x4096   0 394636
19.4  4.8 ./cli mmap images/4096x4096   0 394540
  PID User     Command                         Swap      USS      PSS      RSS 
57082 codespace /usr/bin/python3 /usr/bin/s        0    12068    12320    14548 
50214 codespace ./cli mmap images/4096x4096        0   196708   236082   394536 
50203 codespace ./cli mmap images/4096x4096        0   196712   236086   394540 
50205 codespace ./cli mmap images/4096x4096        0   196708   236087   394628 
50212 codespace ./cli mmap images/4096x4096        0   196712   236088   394600 
50208 codespace ./cli mmap images/4096x4096        0   196712   236091   394636 
%CPU %MEM ARGS Wed Sep 30 21:14:49 UTC 2026
 0.0  0.0 grep --color=auto ./cli       1  2204
19.2  4.8 ./cli mmap images/4096x4096   0 394536
19.2  4.8 ./cli mmap images/4096x4096   1 394600
19.2  4.8 ./cli mmap images/4096x4096   0 394628
19.3  4.8 ./cli mmap images/4096x4096   0 394636
19.4  4.8 ./cli mmap images/4096x4096   0 394540
  PID User     Command                         Swap      USS      PSS      RSS 
57094 codespace /usr/bin/python3 /usr/bin/s        0    12060    12308    14480 
50214 codespace ./cli mmap images/4096x4096        0   196708   236082   394536 
50203 codespace ./cli mmap images/4096x4096        0   196712   236086   394540 
50205 codespace ./cli mmap images/4096x4096        0   196708   236086   394628 
50212 codespace ./cli mmap images/4096x4096        0   196712   236088   394600 
50208 codespace ./cli mmap images/4096x4096        0   196712   236091   394636 
%CPU %MEM ARGS Wed Sep 30 21:14:50 UTC 2026
 0.0  0.0 grep --color=auto ./cli       1  2244
19.2  4.8 ./cli mmap images/4096x4096   0 394536
19.2  4.8 ./cli mmap images/4096x4096   0 394600
19.2  4.8 ./cli mmap images/4096x4096   0 394628
19.3  4.8 ./cli mmap images/4096x4096   0 394636
19.4  4.8 ./cli mmap images/4096x4096   0 394540
  PID User     Command                         Swap      USS      PSS      RSS 
57106 codespace /usr/bin/python3 /usr/bin/s        0    12064    12311    14480 
50214 codespace ./cli mmap images/4096x4096        0   196708   236082   394536 
50203 codespace ./cli mmap images/4096x4096        0   196712   236086   394540 
50205 codespace ./cli mmap images/4096x4096        0   196708   236087   394628 
50212 codespace ./cli mmap images/4096x4096        0   196712   236088   394600 
50208 codespace ./cli mmap images/4096x4096        0   196712   236090   394636 
%CPU %MEM ARGS Wed Sep 30 21:14:51 UTC 2026
 0.0  0.0 grep --color=auto ./cli       0  2168
19.2  4.8 ./cli mmap images/4096x4096   0 394536
19.2  4.8 ./cli mmap images/4096x4096   0 394600
19.2  4.8 ./cli mmap images/4096x4096   0 394628
19.3  4.8 ./cli mmap images/4096x4096   1 394636
19.4  4.8 ./cli mmap images/4096x4096   0 394540
  PID User     Command                         Swap      USS      PSS      RSS 
57118 codespace /usr/bin/python3 /usr/bin/s        0    12068    12320    14484 
50214 codespace ./cli mmap images/4096x4096        0   196708   236082   394536 
50203 codespace ./cli mmap images/4096x4096        0   196712   236086   394540 
50205 codespace ./cli mmap images/4096x4096        0   196708   236087   394628 
50212 codespace ./cli mmap images/4096x4096        0   196712   236088   394600 
50208 codespace ./cli mmap images/4096x4096        0   196712   236091   394636 
%CPU %MEM ARGS Wed Sep 30 21:14:52 UTC 2026
 0.0  0.0 grep --color=auto ./cli       0  2176
19.2  4.8 ./cli mmap images/4096x4096   0 394536
19.2  4.8 ./cli mmap images/4096x4096   0 394600
19.2  4.8 ./cli mmap images/4096x4096   0 394628
19.3  4.8 ./cli mmap images/4096x4096   0 394636
19.4  4.8 ./cli mmap images/4096x4096   0 394540
  PID User     Command                         Swap      USS      PSS      RSS 
57124 codespace /usr/bin/python3 /usr/bin/s        0    12068    12337    14508 
50214 codespace ./cli mmap images/4096x4096        0   196708   236082   394536 
50203 codespace ./cli mmap images/4096x4096        0   196712   236086   394540 
50205 codespace ./cli mmap images/4096x4096        0   196708   236087   394628 
50212 codespace ./cli mmap images/4096x4096        0   196712   236088   394600 
50208 codespace ./cli mmap images/4096x4096        0   196712   236091   394636 
%CPU %MEM ARGS Wed Sep 30 21:14:53 UTC 2026
 0.0  0.0 grep --color=auto ./cli       1  2160
19.2  4.8 ./cli mmap images/4096x4096   0 394536
19.2  4.8 ./cli mmap images/4096x4096   0 394600
19.2  4.8 ./cli mmap images/4096x4096   0 394628
19.3  4.8 ./cli mmap images/4096x4096   0 394636
19.4  4.8 ./cli mmap images/4096x4096   0 394540
  PID User     Command                         Swap      USS      PSS      RSS 
57136 codespace /usr/bin/python3 /usr/bin/s        0    12064    12349    14624 
50214 codespace ./cli mmap images/4096x4096        0   196708   236082   394536 
50203 codespace ./cli mmap images/4096x4096        0   196712   236086   394540 
50205 codespace ./cli mmap images/4096x4096        0   196708   236087   394628 
50212 codespace ./cli mmap images/4096x4096        0   196712   236088   394600 
50208 codespace ./cli mmap images/4096x4096        0   196712   236092   394636 
%CPU %MEM ARGS Wed Sep 30 21:14:54 UTC 2026
 0.0  0.0 grep --color=auto ./cli       1  2180
19.2  4.8 ./cli mmap images/4096x4096   0 394536
19.2  4.8 ./cli mmap images/4096x4096   1 394600
19.2  4.8 ./cli mmap images/4096x4096   0 394628
19.3  4.8 ./cli mmap images/4096x4096   0 394636
19.4  4.8 ./cli mmap images/4096x4096   0 394540
  PID User     Command                         Swap      USS      PSS      RSS 
57142 codespace /usr/bin/python3 /usr/bin/s        0    12004    12268    14456 
50214 codespace ./cli mmap images/4096x4096        0   196708   236081   394536 
50203 codespace ./cli mmap images/4096x4096        0   196712   236085   394540 
50205 codespace ./cli mmap images/4096x4096        0   196708   236087   394628 
50212 codespace ./cli mmap images/4096x4096        0   196712   236088   394600 
50208 codespace ./cli mmap images/4096x4096        0   196712   236092   394636 
%CPU %MEM ARGS Wed Sep 30 21:14:55 UTC 2026
 0.0  0.0 grep --color=auto ./cli       1  2180
19.2  4.8 ./cli mmap images/4096x4096   0 394536
19.2  4.8 ./cli mmap images/4096x4096   1 394628
19.2  4.8 ./cli mmap images/4096x4096   0 394600
19.3  4.8 ./cli mmap images/4096x4096   1 394636
19.4  4.8 ./cli mmap images/4096x4096   1 394540
  PID User     Command                         Swap      USS      PSS      RSS 
57148 codespace /usr/bin/python3 /usr/bin/s        0    12060    12280    14480 
50214 codespace ./cli mmap images/4096x4096        0   196708   236080   394536 
50203 codespace ./cli mmap images/4096x4096        0   196712   236084   394540 
50205 codespace ./cli mmap images/4096x4096        0   196708   236085   394628 
50212 codespace ./cli mmap images/4096x4096        0   196712   236088   394600 
50208 codespace ./cli mmap images/4096x4096        0   196712   236091   394636 
%CPU %MEM ARGS Wed Sep 30 21:14:56 UTC 2026
 0.0  0.0 grep --color=auto ./cli       1  2152
19.1  4.8 ./cli mmap images/4096x4096   0 394536
19.2  4.8 ./cli mmap images/4096x4096   1 394628
19.2  4.8 ./cli mmap images/4096x4096   0 394600
19.3  4.8 ./cli mmap images/4096x4096   0 394636
  PID User     Command                         Swap      USS      PSS      RSS 
57183 codespace /usr/bin/python3 /usr/bin/s        0    12064    12330    14516 
50214 codespace ./cli mmap images/4096x4096        0   196708   245917   394536 
50205 codespace ./cli mmap images/4096x4096        0   196708   245923   394628 
50212 codespace ./cli mmap images/4096x4096        0   196712   245924   394600 
50208 codespace ./cli mmap images/4096x4096        0   196712   245928   394636 
%CPU %MEM ARGS Wed Sep 30 21:14:57 UTC 2026
 0.0  0.0 grep --color=auto ./cli       0  2196
19.2  4.8 ./cli mmap images/4096x4096   0 394536
19.2  4.8 ./cli mmap images/4096x4096   1 394628
19.2  4.8 ./cli mmap images/4096x4096   1 394600
19.3  4.8 ./cli mmap images/4096x4096   1 394636
  PID User     Command                         Swap      USS      PSS      RSS 
57190 codespace /usr/bin/python3 /usr/bin/s        0    12060    12275    14476 
50214 codespace ./cli mmap images/4096x4096        0   196708   245912   394536 
50205 codespace ./cli mmap images/4096x4096        0   196708   245916   394628 
50212 codespace ./cli mmap images/4096x4096        0   196712   245918   394600 
50208 codespace ./cli mmap images/4096x4096        0   196712   245921   394636 
%CPU %MEM ARGS Wed Sep 30 21:14:58 UTC 2026
 0.0  0.0 grep --color=auto ./cli       1  2304
19.2  4.8 ./cli mmap images/4096x4096   0 394536
19.2  4.8 ./cli mmap images/4096x4096   1 394628
19.2  4.8 ./cli mmap images/4096x4096   1 394600
19.3  2.9 ./cli mmap images/4096x4096   1 239468
  PID User     Command                         Swap      USS      PSS      RSS 
57216 codespace /usr/bin/python3 /usr/bin/s        0    12100    12339    14548 
50214 codespace ./cli mmap images/4096x4096        0   196708   262299   394536 
50205 codespace ./cli mmap images/4096x4096        0   196708   262303   394628 
50212 codespace ./cli mmap images/4096x4096        0   196712   262304   394600 
%CPU %MEM ARGS Wed Sep 30 21:14:59 UTC 2026
 0.0  0.0 grep --color=auto ./cli       1  2252
19.2  4.8 ./cli mmap images/4096x4096   0 394536
19.2  4.8 ./cli mmap images/4096x4096   1 394628
19.2  4.8 ./cli mmap images/4096x4096   1 394600
  PID User     Command                         Swap      USS      PSS      RSS 
57236 codespace /usr/bin/python3 /usr/bin/s        0    12064    12318    14480 
50214 codespace ./cli mmap images/4096x4096        0   196708   262305   394536 
50205 codespace ./cli mmap images/4096x4096        0   196708   262310   394628 
50212 codespace ./cli mmap images/4096x4096        0   196712   262311   394600 
%CPU %MEM ARGS Wed Sep 30 21:14:59 UTC 2026
 0.0  0.0 grep --color=auto ./cli       1  2168
19.2  4.8 ./cli mmap images/4096x4096   1 394628
19.2  4.8 ./cli mmap images/4096x4096   1 394600
19.2  4.8 ./cli mmap images/4096x4096   0 394536
  PID User     Command                         Swap      USS      PSS      RSS 
57242 codespace /usr/bin/python3 /usr/bin/s        0    12068    12332    14544 
50212 codespace ./cli mmap images/4096x4096        0   196712   262305   394600 
50214 codespace ./cli mmap images/4096x4096        0   196708   262305   394536 
50205 codespace ./cli mmap images/4096x4096        0   196708   262310   394628 
%CPU %MEM ARGS Wed Sep 30 21:15:00 UTC 2026
 0.0  0.0 grep --color=auto ./cli       1  2248
19.2  4.8 ./cli mmap images/4096x4096   1 394600
19.2  4.8 ./cli mmap images/4096x4096   1 394536
19.3  4.8 ./cli mmap images/4096x4096   0 394628
  PID User     Command                         Swap      USS      PSS      RSS 
57254 codespace /usr/bin/python3 /usr/bin/s        0    12052    12336    14560 
50214 codespace ./cli mmap images/4096x4096        0   196708   295081   394536 
50212 codespace ./cli mmap images/4096x4096        0   196712   295088   394600 
%CPU %MEM ARGS Wed Sep 30 21:15:01 UTC 2026
 0.0  0.0 grep --color=auto ./cli       1  2184
19.3  2.4 ./cli mmap images/4096x4096   1 200640
  PID User     Command                         Swap      USS      PSS      RSS 
57259 codespace /usr/bin/python3 /usr/bin/s        0    11908    12182    14356 
