%CPU %MEM ARGS Wed Sep 30 20:00:47 UTC 2026
 0.0  0.0 grep --color=auto ./cli       0  2304
 0.0  0.0 ./cli kernel images/4096x40   1  1416
  PID User     Command                         Swap      USS      PSS      RSS 
17221 codespace ./cli kernel images/4096x40        0      840      903     2088 
17215 codespace /usr/bin/python3 /usr/bin/s        0    11904    12163    14320 
%CPU %MEM ARGS Wed Sep 30 20:00:47 UTC 2026
 0.0  0.0 grep --color=auto ./cli       0  2208
96.9  0.0 ./cli kernel images/4096x40   1  4060
  PID User     Command                         Swap      USS      PSS      RSS 
17221 codespace ./cli kernel images/4096x40        0     3208     3271     4456 
17224 codespace /usr/bin/python3 /usr/bin/s        0    12016    12310    14576 
%CPU %MEM ARGS Wed Sep 30 20:00:47 UTC 2026
 0.0  0.0 grep --color=auto ./cli       1  2308
98.3  0.0 ./cli kernel images/4096x40   0  6568
  PID User     Command                         Swap      USS      PSS      RSS 
17221 codespace ./cli kernel images/4096x40        0     5632     5695     6880 
17229 codespace /usr/bin/python3 /usr/bin/s        0    11988    12258    14456 
%CPU %MEM ARGS Wed Sep 30 20:00:47 UTC 2026
 0.0  0.0 grep --color=auto ./cli       0  2160
96.7  0.1 ./cli kernel images/4096x40   1  8996
  PID User     Command                         Swap      USS      PSS      RSS 
17221 codespace ./cli kernel images/4096x40        0     8212     8275     9460 
17235 codespace /usr/bin/python3 /usr/bin/s        0    12020    12307    14468 
%CPU %MEM ARGS Wed Sep 30 20:00:48 UTC 2026
 0.0  0.0 grep --color=auto ./cli       1  2304
95.9  0.1 ./cli kernel images/4096x40   1 11368
  PID User     Command                         Swap      USS      PSS      RSS 
17221 codespace ./cli kernel images/4096x40        0    10596    10650    11844 
17251 codespace /usr/bin/python3 /usr/bin/s        0    12020    12264    14436 
%CPU %MEM ARGS Wed Sep 30 20:00:48 UTC 2026
 0.0  0.0 grep --color=auto ./cli       0  2252
96.7  0.1 ./cli kernel images/4096x40   1 14004
  PID User     Command                         Swap      USS      PSS      RSS 
17257 codespace /usr/bin/python3 /usr/bin/s        0    12016    12267    14524 
17221 codespace ./cli kernel images/4096x40        0    13168    13222    14416 
%CPU %MEM ARGS Wed Sep 30 20:00:48 UTC 2026
 0.0  0.0 grep --color=auto ./cli       1  2252
96.1  0.2 ./cli kernel images/4096x40   0 16388
  PID User     Command                         Swap      USS      PSS      RSS 
17269 codespace /usr/bin/python3 /usr/bin/s        0    12032    12294    14540 
17221 codespace ./cli kernel images/4096x40        0    15528    15581    16776 
%CPU %MEM ARGS Wed Sep 30 20:00:49 UTC 2026
 0.0  0.0 grep --color=auto ./cli       0  2180
96.6  0.2 ./cli kernel images/4096x40   1 18852
  PID User     Command                         Swap      USS      PSS      RSS 
17282 codespace /usr/bin/python3 /usr/bin/s        0    11996    12266    14480 
17221 codespace ./cli kernel images/4096x40        0    18076    18139    19324 
%CPU %MEM ARGS Wed Sep 30 20:00:49 UTC 2026
 0.0  0.0 grep --color=auto ./cli       1  2160
96.2  0.2 ./cli kernel images/4096x40   0 21348
  PID User     Command                         Swap      USS      PSS      RSS 
17287 codespace /usr/bin/python3 /usr/bin/s        0    12016    12304    14544 
17221 codespace ./cli kernel images/4096x40        0    20496    20559    21744 
%CPU %MEM ARGS Wed Sep 30 20:00:49 UTC 2026
 0.0  0.0 grep --color=auto ./cli       0  2184
96.6  0.2 ./cli kernel images/4096x40   1 23820
  PID User     Command                         Swap      USS      PSS      RSS 
17292 codespace /usr/bin/python3 /usr/bin/s        0    12000    12268    14480 
17221 codespace ./cli kernel images/4096x40        0    22964    23027    24212 
%CPU %MEM ARGS Wed Sep 30 20:00:50 UTC 2026
 0.0  0.0 grep --color=auto ./cli       0  2252
97.0  0.3 ./cli kernel images/4096x40   1 26332
  PID User     Command                         Swap      USS      PSS      RSS 
17298 codespace /usr/bin/python3 /usr/bin/s        0    12008    12298    14516 
17221 codespace ./cli kernel images/4096x40        0    25472    25535    26720 
%CPU %MEM ARGS Wed Sep 30 20:00:50 UTC 2026
 0.0  0.0 grep --color=auto ./cli       1  2160
96.6  0.3 ./cli kernel images/4096x40   1 28432
  PID User     Command                         Swap      USS      PSS      RSS 
17309 codespace /usr/bin/python3 /usr/bin/s        0    12020    12299    14456 
17221 codespace ./cli kernel images/4096x40        0    27508    27571    28756 
%CPU %MEM ARGS Wed Sep 30 20:00:50 UTC 2026
 0.0  0.0 grep --color=auto ./cli       0  2304
94.7  0.3 ./cli kernel images/4096x40   1 30268
  PID User     Command                         Swap      USS      PSS      RSS 
17326 codespace /usr/bin/python3 /usr/bin/s        0    12036    12338    14544 
17221 codespace ./cli kernel images/4096x40        0    29404    29467    30652 
%CPU %MEM ARGS Wed Sep 30 20:00:50 UTC 2026
 0.0  0.0 grep --color=auto ./cli       0  2168
95.1  0.4 ./cli kernel images/4096x40   1 32624
  PID User     Command                         Swap      USS      PSS      RSS 
17338 codespace /usr/bin/python3 /usr/bin/s        0    12016    12312    14576 
17221 codespace ./cli kernel images/4096x40        0    31780    31843    33028 
%CPU %MEM ARGS Wed Sep 30 20:00:51 UTC 2026
 0.0  0.0 grep --color=auto ./cli       0  2180
95.4  0.4 ./cli kernel images/4096x40   1 35172
  PID User     Command                         Swap      USS      PSS      RSS 
17343 codespace /usr/bin/python3 /usr/bin/s        0    12016    12275    14432 
17221 codespace ./cli kernel images/4096x40        0    34352    34415    35600 
%CPU %MEM ARGS Wed Sep 30 20:00:51 UTC 2026
 0.0  0.0 grep --color=auto ./cli       0  2200
95.5  0.4 ./cli kernel images/4096x40   1 37752
  PID User     Command                         Swap      USS      PSS      RSS 
17348 codespace /usr/bin/python3 /usr/bin/s        0    12036    12298    14452 
17221 codespace ./cli kernel images/4096x40        0    36904    36967    38152 
%CPU %MEM ARGS Wed Sep 30 20:00:51 UTC 2026
 0.0  0.0 grep --color=auto ./cli       0  2292
96.2  0.4 ./cli kernel images/4096x40   1 40228
  PID User     Command                         Swap      USS      PSS      RSS 
17353 codespace /usr/bin/python3 /usr/bin/s        0    12016    12289    14492 
17221 codespace ./cli kernel images/4096x40        0    39396    39459    40644 
%CPU %MEM ARGS Wed Sep 30 20:00:52 UTC 2026
 0.0  0.0 grep --color=auto ./cli       0  2168
96.4  0.5 ./cli kernel images/4096x40   1 42792
  PID User     Command                         Swap      USS      PSS      RSS 
17359 codespace /usr/bin/python3 /usr/bin/s        0    12028    12300    14512 
17221 codespace ./cli kernel images/4096x40        0    41948    42011    43196 
%CPU %MEM ARGS Wed Sep 30 20:00:52 UTC 2026
 0.0  0.0 grep --color=auto ./cli       0  2172
96.2  0.5 ./cli kernel images/4096x40   1 45084
  PID User     Command                         Swap      USS      PSS      RSS 
17370 codespace /usr/bin/python3 /usr/bin/s        0    12016    12256    14504 
17221 codespace ./cli kernel images/4096x40        0    44244    44304    45492 
%CPU %MEM ARGS Wed Sep 30 20:00:52 UTC 2026
 0.0  0.0 grep --color=auto ./cli       1  2196
95.9  0.5 ./cli kernel images/4096x40   0 47344
  PID User     Command                         Swap      USS      PSS      RSS 
17387 codespace /usr/bin/python3 /usr/bin/s        0    12012    12238    14428 
17221 codespace ./cli kernel images/4096x40        0    46496    46549    47744 
%CPU %MEM ARGS Wed Sep 30 20:00:52 UTC 2026
 0.0  0.0 grep --color=auto ./cli       1  2176
95.6  0.6 ./cli kernel images/4096x40   1 49716
  PID User     Command                         Swap      USS      PSS      RSS 
17399 codespace /usr/bin/python3 /usr/bin/s        0    12016    12247    14492 
17221 codespace ./cli kernel images/4096x40        0    48900    48954    50148 
%CPU %MEM ARGS Wed Sep 30 20:00:53 UTC 2026
 0.0  0.0 grep --color=auto ./cli       0  2160
95.8  0.6 ./cli kernel images/4096x40   1 52296
  PID User     Command                         Swap      USS      PSS      RSS 
17404 codespace /usr/bin/python3 /usr/bin/s        0    12016    12245    14496 
17221 codespace ./cli kernel images/4096x40        0    51484    51538    52732 
%CPU %MEM ARGS Wed Sep 30 20:00:53 UTC 2026
 0.0  0.0 grep --color=auto ./cli       0  2248
96.0  0.6 ./cli kernel images/4096x40   1 54716
  PID User     Command                         Swap      USS      PSS      RSS 
17417 codespace /usr/bin/python3 /usr/bin/s        0    12036    12340    14544 
17221 codespace ./cli kernel images/4096x40        0    53940    54003    55188 
%CPU %MEM ARGS Wed Sep 30 20:00:53 UTC 2026
 0.0  0.0 grep --color=auto ./cli       0  2340
96.0  0.7 ./cli kernel images/4096x40   1 57344
  PID User     Command                         Swap      USS      PSS      RSS 
17423 codespace /usr/bin/python3 /usr/bin/s        0    12016    12277    14440 
17221 codespace ./cli kernel images/4096x40        0    56488    56551    57736 
%CPU %MEM ARGS Wed Sep 30 20:00:54 UTC 2026
 0.0  0.0 grep --color=auto ./cli       0  2168
96.3  0.7 ./cli kernel images/4096x40   1 59904
  PID User     Command                         Swap      USS      PSS      RSS 
17428 codespace /usr/bin/python3 /usr/bin/s        0    12020    12304    14436 
17221 codespace ./cli kernel images/4096x40        0    59076    59139    60324 
%CPU %MEM ARGS Wed Sep 30 20:00:54 UTC 2026
 0.0  0.0 grep --color=auto ./cli       0  2180
96.3  0.7 ./cli kernel images/4096x40   1 62316
  PID User     Command                         Swap      USS      PSS      RSS 
17433 codespace /usr/bin/python3 /usr/bin/s        0    12012    12282    14428 
17221 codespace ./cli kernel images/4096x40        0    61468    61531    62716 
%CPU %MEM ARGS Wed Sep 30 20:00:54 UTC 2026
 0.0  0.0 grep --color=auto ./cli       0  2172
96.6  0.7 ./cli kernel images/4096x40   1 64844
  PID User     Command                         Swap      USS      PSS      RSS 
17438 codespace /usr/bin/python3 /usr/bin/s        0    12016    12307    14548 
17221 codespace ./cli kernel images/4096x40        0    64000    64063    65248 
%CPU %MEM ARGS Wed Sep 30 20:00:55 UTC 2026
 0.0  0.0 grep --color=auto ./cli       0  2168
96.6  0.8 ./cli kernel images/4096x40   1 67272
  PID User     Command                         Swap      USS      PSS      RSS 
17450 codespace /usr/bin/python3 /usr/bin/s        0    12016    12289    14484 
17221 codespace ./cli kernel images/4096x40        0    66420    66483    67668 
%CPU %MEM ARGS Wed Sep 30 20:00:55 UTC 2026
 0.0  0.0 grep --color=auto ./cli       0  2180
96.6  0.8 ./cli kernel images/4096x40   0 69796
  PID User     Command                         Swap      USS      PSS      RSS 
17455 codespace /usr/bin/python3 /usr/bin/s        0    12016    12289    14484 
17221 codespace ./cli kernel images/4096x40        0    68928    68991    70176 
%CPU %MEM ARGS Wed Sep 30 20:00:55 UTC 2026
 0.0  0.0 grep --color=auto ./cli       1  2172
96.7  0.8 ./cli kernel images/4096x40   0 72168
  PID User     Command                         Swap      USS      PSS      RSS 
17460 codespace /usr/bin/python3 /usr/bin/s        0    12016    12306    14524 
17221 codespace ./cli kernel images/4096x40        0    71192    71255    72440 
%CPU %MEM ARGS Wed Sep 30 20:00:55 UTC 2026
 0.0  0.0 grep --color=auto ./cli       0  2180
96.6  0.9 ./cli kernel images/4096x40   1 74588
  PID User     Command                         Swap      USS      PSS      RSS 
17466 codespace /usr/bin/python3 /usr/bin/s        0    12016    12272    14464 
17221 codespace ./cli kernel images/4096x40        0    73720    73783    74968 
%CPU %MEM ARGS Wed Sep 30 20:00:56 UTC 2026
 0.0  0.0 grep --color=auto ./cli       0  2296
96.7  0.9 ./cli kernel images/4096x40   1 77120
  PID User     Command                         Swap      USS      PSS      RSS 
17471 codespace /usr/bin/python3 /usr/bin/s        0    12020    12313    14548 
17221 codespace ./cli kernel images/4096x40        0    76296    76359    77544 
%CPU %MEM ARGS Wed Sep 30 20:00:56 UTC 2026
 0.0  0.0 grep --color=auto ./cli       0  2248
96.8  0.9 ./cli kernel images/4096x40   1 79692
  PID User     Command                         Swap      USS      PSS      RSS 
17476 codespace /usr/bin/python3 /usr/bin/s        0    12020    12284    14436 
17221 codespace ./cli kernel images/4096x40        0    78836    78899    80084 
%CPU %MEM ARGS Wed Sep 30 20:00:56 UTC 2026
 0.0  0.0 grep --color=auto ./cli       0  2156
96.9  1.0 ./cli kernel images/4096x40   0 82200
  PID User     Command                         Swap      USS      PSS      RSS 
17481 codespace /usr/bin/python3 /usr/bin/s        0    12016    12287    14492 
17221 codespace ./cli kernel images/4096x40        0    81348    81411    82596 
%CPU %MEM ARGS Wed Sep 30 20:00:57 UTC 2026
 0.0  0.0 grep --color=auto ./cli       0  2200
96.9  1.0 ./cli kernel images/4096x40   1 84600
  PID User     Command                         Swap      USS      PSS      RSS 
17493 codespace /usr/bin/python3 /usr/bin/s        0    12016    12314    14576 
17221 codespace ./cli kernel images/4096x40        0    83744    83807    84992 
%CPU %MEM ARGS Wed Sep 30 20:00:57 UTC 2026
 0.0  0.0 grep --color=auto ./cli       0  2296
97.0  1.0 ./cli kernel images/4096x40   1 87168
  PID User     Command                         Swap      USS      PSS      RSS 
17498 codespace /usr/bin/python3 /usr/bin/s        0    12020    12280    14436 
17221 codespace ./cli kernel images/4096x40        0    86320    86383    87568 
%CPU %MEM ARGS Wed Sep 30 20:00:57 UTC 2026
 0.0  0.0 grep --color=auto ./cli       0  2168
97.0  1.1 ./cli kernel images/4096x40   1 89740
  PID User     Command                         Swap      USS      PSS      RSS 
17503 codespace /usr/bin/python3 /usr/bin/s        0    12016    12308    14524 
17221 codespace ./cli kernel images/4096x40        0    88904    88967    90152 
%CPU %MEM ARGS Wed Sep 30 20:00:57 UTC 2026
 0.0  0.0 grep --color=auto ./cli       0  2192
96.8  1.1 ./cli kernel images/4096x40   1 92220
  PID User     Command                         Swap      USS      PSS      RSS 
17515 codespace /usr/bin/python3 /usr/bin/s        0    12020    12285    14500 
17221 codespace ./cli kernel images/4096x40        0    91444    91507    92692 
%CPU %MEM ARGS Wed Sep 30 20:00:58 UTC 2026
 0.0  0.0 grep --color=auto ./cli       1  2192
96.8  1.1 ./cli kernel images/4096x40   0 94688
  PID User     Command                         Swap      USS      PSS      RSS 
17520 codespace /usr/bin/python3 /usr/bin/s        0    12020    12299    14436 
17221 codespace ./cli kernel images/4096x40        0    93812    93875    95060 
%CPU %MEM ARGS Wed Sep 30 20:00:58 UTC 2026
 0.0  0.0 grep --color=auto ./cli       0  2208
96.8  1.1 ./cli kernel images/4096x40   1 97204
  PID User     Command                         Swap      USS      PSS      RSS 
17525 codespace /usr/bin/python3 /usr/bin/s        0    12036    12338    14544 
17221 codespace ./cli kernel images/4096x40        0    96340    96403    97588 
%CPU %MEM ARGS Wed Sep 30 20:00:58 UTC 2026
 0.0  0.0 grep --color=auto ./cli       0  2184
97.0  1.2 ./cli kernel images/4096x40   1 99712
  PID User     Command                         Swap      USS      PSS      RSS 
17531 codespace /usr/bin/python3 /usr/bin/s        0    12016    12291    14484 
17221 codespace ./cli kernel images/4096x40        0    98844    98908   100092 
%CPU %MEM ARGS Wed Sep 30 20:00:59 UTC 2026
 0.0  0.0 grep --color=auto ./cli       1  2180
97.0  1.2 ./cli kernel images/4096x40   0 102088
  PID User     Command                         Swap      USS      PSS      RSS 
17542 codespace /usr/bin/python3 /usr/bin/s        0    12016    12276    14432 
17221 codespace ./cli kernel images/4096x40        0   101064   101127   102312 
%CPU %MEM ARGS Wed Sep 30 20:00:59 UTC 2026
 0.0  0.0 grep --color=auto ./cli       0  2172
96.7  1.2 ./cli kernel images/4096x40   1 104164
  PID User     Command                         Swap      USS      PSS      RSS 
17547 codespace /usr/bin/python3 /usr/bin/s        0    12016    12311    14544 
17221 codespace ./cli kernel images/4096x40        0   103304   103367   104552 
%CPU %MEM ARGS Wed Sep 30 20:00:59 UTC 2026
 0.0  0.0 grep --color=auto ./cli       0  2308
96.7  1.3 ./cli kernel images/4096x40   1 106716
  PID User     Command                         Swap      USS      PSS      RSS 
17552 codespace /usr/bin/python3 /usr/bin/s        0    12016    12278    14432 
17221 codespace ./cli kernel images/4096x40        0   105768   105831   107016 
%CPU %MEM ARGS Wed Sep 30 20:01:00 UTC 2026
 0.0  0.0 grep --color=auto ./cli       0  2180
96.7  1.3 ./cli kernel images/4096x40   1 109172
  PID User     Command                         Swap      USS      PSS      RSS 
17558 codespace /usr/bin/python3 /usr/bin/s        0    12020    12310    14548 
17221 codespace ./cli kernel images/4096x40        0   108332   108395   109580 
%CPU %MEM ARGS Wed Sep 30 20:01:00 UTC 2026
 0.0  0.0 grep --color=auto ./cli       0  2248
96.7  1.3 ./cli kernel images/4096x40   1 111716
  PID User     Command                         Swap      USS      PSS      RSS 
17563 codespace /usr/bin/python3 /usr/bin/s        0    12016    12287    14484 
17221 codespace ./cli kernel images/4096x40        0   110856   110919   112104 
%CPU %MEM ARGS Wed Sep 30 20:01:00 UTC 2026
 0.0  0.0 grep --color=auto ./cli       0  2176
96.6  1.4 ./cli kernel images/4096x40   1 113956
  PID User     Command                         Swap      USS      PSS      RSS 
17574 codespace /usr/bin/python3 /usr/bin/s        0    12008    12277    14492 
17221 codespace ./cli kernel images/4096x40        0   113096   113159   114344 
%CPU %MEM ARGS Wed Sep 30 20:01:01 UTC 2026
 0.0  0.0 grep --color=auto ./cli       1  2156
95.9  1.4 ./cli kernel images/4096x40   0 116344
  PID User     Command                         Swap      USS      PSS      RSS 
17592 codespace /usr/bin/python3 /usr/bin/s        0    12036    12338    14544 
17221 codespace ./cli kernel images/4096x40        0   115508   115571   116756 
%CPU %MEM ARGS Wed Sep 30 20:01:01 UTC 2026
 0.0  0.0 grep --color=auto ./cli       1  2192
95.8  1.4 ./cli kernel images/4096x40   0 118772
  PID User     Command                         Swap      USS      PSS      RSS 
17603 codespace /usr/bin/python3 /usr/bin/s        0    12032    12334    14540 
17221 codespace ./cli kernel images/4096x40        0   117916   117979   119164 
%CPU %MEM ARGS Wed Sep 30 20:01:01 UTC 2026
 0.0  0.0 grep --color=auto ./cli       0  2248
95.8  1.4 ./cli kernel images/4096x40   0 121352
  PID User     Command                         Swap      USS      PSS      RSS 
17608 codespace /usr/bin/python3 /usr/bin/s        0    12020    12279    14436 
17221 codespace ./cli kernel images/4096x40        0   120704   120767   121952 
%CPU %MEM ARGS Wed Sep 30 20:01:01 UTC 2026
 0.0  0.0 grep --color=auto ./cli       1  2176
95.9  1.5 ./cli kernel images/4096x40   1 123980
  PID User     Command                         Swap      USS      PSS      RSS 
17614 codespace /usr/bin/python3 /usr/bin/s        0    12016    12285    14492 
17221 codespace ./cli kernel images/4096x40        0   123188   123251   124436 
%CPU %MEM ARGS Wed Sep 30 20:01:02 UTC 2026
 0.0  0.0 grep --color=auto ./cli       1  2248
96.0  1.5 ./cli kernel images/4096x40   0 126564
  PID User     Command                         Swap      USS      PSS      RSS 
17619 codespace /usr/bin/python3 /usr/bin/s        0    12012    12304    14572 
17221 codespace ./cli kernel images/4096x40        0   125704   125767   126952 
%CPU %MEM ARGS Wed Sep 30 20:01:02 UTC 2026
 0.0  0.0 grep --color=auto ./cli       1  2288
96.0  1.5 ./cli kernel images/4096x40   0 129068
  PID User     Command                         Swap      USS      PSS      RSS 
17624 codespace /usr/bin/python3 /usr/bin/s        0    12016    12303    14524 
17221 codespace ./cli kernel images/4096x40        0   128212   128275   129460 
%CPU %MEM ARGS Wed Sep 30 20:01:02 UTC 2026
 0.0  0.0 grep --color=auto ./cli       0  2204
96.1  1.6 ./cli kernel images/4096x40   0 131576
  PID User     Command                         Swap      USS      PSS      RSS 
17629 codespace /usr/bin/python3 /usr/bin/s        0    12036    12338    14544 
17221 codespace ./cli kernel images/4096x40        0   130704   130767   131952 
%CPU %MEM ARGS Wed Sep 30 20:01:03 UTC 2026
 0.0  0.0 grep --color=auto ./cli       1  2180
96.1  1.6 ./cli kernel images/4096x40   0 134112
  PID User     Command                         Swap      USS      PSS      RSS 
17635 codespace /usr/bin/python3 /usr/bin/s        0    12012    12231    14500 
17221 codespace ./cli kernel images/4096x40        0   133268   133328   134516 
%CPU %MEM ARGS Wed Sep 30 20:01:03 UTC 2026
 0.0  0.0 grep --color=auto ./cli       1  2204
95.9  1.6 ./cli kernel images/4096x40   0 136660
  PID User     Command                         Swap      USS      PSS      RSS 
17651 codespace /usr/bin/python3 /usr/bin/s        0    12016    12311    14576 
17221 codespace ./cli kernel images/4096x40        0   135860   135923   137108 
%CPU %MEM ARGS Wed Sep 30 20:01:03 UTC 2026
 0.0  0.0 grep --color=auto ./cli       0  2160
95.9  1.7 ./cli kernel images/4096x40   1 139068
  PID User     Command                         Swap      USS      PSS      RSS 
17656 codespace /usr/bin/python3 /usr/bin/s        0    12016    12286    14500 
17221 codespace ./cli kernel images/4096x40        0   138100   138163   139348 
%CPU %MEM ARGS Wed Sep 30 20:01:04 UTC 2026
 0.0  0.0 grep --color=auto ./cli       1  2180
95.8  1.7 ./cli kernel images/4096x40   0 141552
  PID User     Command                         Swap      USS      PSS      RSS 
17662 codespace /usr/bin/python3 /usr/bin/s        0    12020    12296    14436 
17221 codespace ./cli kernel images/4096x40        0   140692   140755   141940 
%CPU %MEM ARGS Wed Sep 30 20:01:04 UTC 2026
 0.0  0.0 grep --color=auto ./cli       1  2156
95.9  1.7 ./cli kernel images/4096x40   0 144128
  PID User     Command                         Swap      USS      PSS      RSS 
17667 codespace /usr/bin/python3 /usr/bin/s        0    12020    12297    14472 
17221 codespace ./cli kernel images/4096x40        0   143300   143363   144548 
%CPU %MEM ARGS Wed Sep 30 20:01:04 UTC 2026
 0.0  0.0 grep --color=auto ./cli       0  2204
95.9  1.8 ./cli kernel images/4096x40   1 146700
  PID User     Command                         Swap      USS      PSS      RSS 
17672 codespace /usr/bin/python3 /usr/bin/s        0    12008    12267    14424 
17221 codespace ./cli kernel images/4096x40        0   145828   145891   147076 
%CPU %MEM ARGS Wed Sep 30 20:01:04 UTC 2026
 0.0  0.0 grep --color=auto ./cli       0  2168
95.8  1.8 ./cli kernel images/4096x40   0 149100
  PID User     Command                         Swap      USS      PSS      RSS 
17678 codespace /usr/bin/python3 /usr/bin/s        0    12016    12288    14484 
17221 codespace ./cli kernel images/4096x40        0   148268   148331   149516 
%CPU %MEM ARGS Wed Sep 30 20:01:05 UTC 2026
 0.0  0.0 grep --color=auto ./cli       1  2176
95.8  1.8 ./cli kernel images/4096x40   0 151712
  PID User     Command                         Swap      USS      PSS      RSS 
17686 codespace /usr/bin/python3 /usr/bin/s        0    12016    12286    14492 
17221 codespace ./cli kernel images/4096x40        0   150940   151003   152188 
%CPU %MEM ARGS Wed Sep 30 20:01:05 UTC 2026
 0.0  0.0 grep --color=auto ./cli       1  2192
96.0  1.8 ./cli kernel images/4096x40   0 154372
  PID User     Command                         Swap      USS      PSS      RSS 
17694 codespace /usr/bin/python3 /usr/bin/s        0    12020    12305    14468 
17221 codespace ./cli kernel images/4096x40        0   153508   153571   154756 
%CPU %MEM ARGS Wed Sep 30 20:01:05 UTC 2026
 0.0  0.0 grep --color=auto ./cli       0  2288
95.9  1.9 ./cli kernel images/4096x40   0 156572
  PID User     Command                         Swap      USS      PSS      RSS 
17700 codespace /usr/bin/python3 /usr/bin/s        0    12016    12288    14492 
17221 codespace ./cli kernel images/4096x40        0   155708   155771   156956 
%CPU %MEM ARGS Wed Sep 30 20:01:06 UTC 2026
 0.0  0.0 grep --color=auto ./cli       0  2196
95.9  1.9 ./cli kernel images/4096x40   1 159132
  PID User     Command                         Swap      USS      PSS      RSS 
17705 codespace /usr/bin/python3 /usr/bin/s        0    12012    12270    14448 
17221 codespace ./cli kernel images/4096x40        0   158256   158319   159504 
%CPU %MEM ARGS Wed Sep 30 20:01:06 UTC 2026
 0.0  0.0 grep --color=auto ./cli       0  2300
96.0  1.9 ./cli kernel images/4096x40   1 161688
  PID User     Command                         Swap      USS      PSS      RSS 
17710 codespace /usr/bin/python3 /usr/bin/s        0    12016    12288    14492 
17221 codespace ./cli kernel images/4096x40        0   160836   160899   162084 
%CPU %MEM ARGS Wed Sep 30 20:01:06 UTC 2026
 0.0  0.0 grep --color=auto ./cli       0  2156
96.1  2.0 ./cli kernel images/4096x40   1 164256
  PID User     Command                         Swap      USS      PSS      RSS 
17715 codespace /usr/bin/python3 /usr/bin/s        0    12016    12285    14496 
17221 codespace ./cli kernel images/4096x40        0   163388   163451   164636 
%CPU %MEM ARGS Wed Sep 30 20:01:07 UTC 2026
 0.0  0.0 grep --color=auto ./cli       0  2172
96.1  2.0 ./cli kernel images/4096x40   1 166764
  PID User     Command                         Swap      USS      PSS      RSS 
17721 codespace /usr/bin/python3 /usr/bin/s        0    12016    12277    14432 
17221 codespace ./cli kernel images/4096x40        0   165908   165971   167156 
%CPU %MEM ARGS Wed Sep 30 20:01:07 UTC 2026
 0.0  0.0 grep --color=auto ./cli       1  2208
96.1  2.0 ./cli kernel images/4096x40   1 169352
  PID User     Command                         Swap      USS      PSS      RSS 
17726 codespace /usr/bin/python3 /usr/bin/s        0    12016    12279    14432 
17221 codespace ./cli kernel images/4096x40        0   168644   168707   169892 
%CPU %MEM ARGS Wed Sep 30 20:01:07 UTC 2026
 0.0  0.0 grep --color=auto ./cli       0  2308
96.1  2.1 ./cli kernel images/4096x40   1 172084
  PID User     Command                         Swap      USS      PSS      RSS 
17737 codespace /usr/bin/python3 /usr/bin/s        0    11992    12261    14468 
17221 codespace ./cli kernel images/4096x40        0   171284   171347   172532 
%CPU %MEM ARGS Wed Sep 30 20:01:07 UTC 2026
 0.0  0.0 grep --color=auto ./cli       1  2172
96.0  2.1 ./cli kernel images/4096x40   0 174504
  PID User     Command                         Swap      USS      PSS      RSS 
17747 codespace /usr/bin/python3 /usr/bin/s        0    12020    12308    14548 
17221 codespace ./cli kernel images/4096x40        0   173588   173651   174836 
%CPU %MEM ARGS Wed Sep 30 20:01:08 UTC 2026
 0.0  0.0 grep --color=auto ./cli       1  2152
96.0  2.1 ./cli kernel images/4096x40   0 177036
  PID User     Command                         Swap      USS      PSS      RSS 
17753 codespace /usr/bin/python3 /usr/bin/s        0    11988    12256    14404 
17221 codespace ./cli kernel images/4096x40        0   176288   176351   177536 
%CPU %MEM ARGS Wed Sep 30 20:01:08 UTC 2026
 0.0  0.0 grep --color=auto ./cli       0  2192
96.0  2.2 ./cli kernel images/4096x40   1 179728
  PID User     Command                         Swap      USS      PSS      RSS 
17759 codespace /usr/bin/python3 /usr/bin/s        0    12016    12304    14544 
17221 codespace ./cli kernel images/4096x40        0   178912   178975   180160 
%CPU %MEM ARGS Wed Sep 30 20:01:08 UTC 2026
 0.0  0.0 grep --color=auto ./cli       0  2248
96.0  2.2 ./cli kernel images/4096x40   1 182108
  PID User     Command                         Swap      USS      PSS      RSS 
17771 codespace /usr/bin/python3 /usr/bin/s        0    12012    12256    14468 
17221 codespace ./cli kernel images/4096x40        0   181340   181400   182588 
%CPU %MEM ARGS Wed Sep 30 20:01:09 UTC 2026
 0.0  0.0 grep --color=auto ./cli       1  2252
96.1  2.2 ./cli kernel images/4096x40   0 184708
  PID User     Command                         Swap      USS      PSS      RSS 
17776 codespace /usr/bin/python3 /usr/bin/s        0    12036    12338    14544 
17221 codespace ./cli kernel images/4096x40        0   184160   184223   185408 
%CPU %MEM ARGS Wed Sep 30 20:01:09 UTC 2026
 0.0  0.0 grep --color=auto ./cli       1  2288
95.9  2.3 ./cli kernel images/4096x40   1 187284
  PID User     Command                         Swap      USS      PSS      RSS 
17787 codespace /usr/bin/python3 /usr/bin/s        0    12008    12281    14476 
17221 codespace ./cli kernel images/4096x40        0   186412   186475   187660 
%CPU %MEM ARGS Wed Sep 30 20:01:09 UTC 2026
 0.0  0.0 grep --color=auto ./cli       0  2152
96.0  2.3 ./cli kernel images/4096x40   1 189852
  PID User     Command                         Swap      USS      PSS      RSS 
17793 codespace /usr/bin/python3 /usr/bin/s        0    12012    12285    14488 
17221 codespace ./cli kernel images/4096x40        0   189104   189167   190352 
%CPU %MEM ARGS Wed Sep 30 20:01:10 UTC 2026
 0.0  0.0 grep --color=auto ./cli       0  2176
96.0  2.3 ./cli kernel images/4096x40   1 192496
  PID User     Command                         Swap      USS      PSS      RSS 
17798 codespace /usr/bin/python3 /usr/bin/s        0    12016    12289    14500 
17221 codespace ./cli kernel images/4096x40        0   191624   191687   192872 
%CPU %MEM ARGS Wed Sep 30 20:01:10 UTC 2026
 0.0  0.0 grep --color=auto ./cli       0  2196
96.1  2.3 ./cli kernel images/4096x40   1 195064
  PID User     Command                         Swap      USS      PSS      RSS 
17803 codespace /usr/bin/python3 /usr/bin/s        0    12016    12293    14432 
17221 codespace ./cli kernel images/4096x40        0   194212   194275   195460 
%CPU %MEM ARGS Wed Sep 30 20:01:10 UTC 2026
 0.0  0.0 grep --color=auto ./cli       1  2324
96.1  2.4 ./cli kernel images/4096x40   0 197604
  PID User     Command                         Swap      USS      PSS      RSS 
17808 codespace /usr/bin/python3 /usr/bin/s        0    12020    12303    14468 
17221 codespace ./cli kernel images/4096x40        0   196960   197023   198208 
%CPU %MEM ARGS Wed Sep 30 20:01:11 UTC 2026
 0.0  0.0 grep --color=auto ./cli       1  2252
95.6  2.5 ./cli kernel images/4096x40   0 207244
  PID User     Command                         Swap      USS      PSS      RSS 
17831 codespace /usr/bin/python3 /usr/bin/s        0    12056    12351    14616 
17221 codespace ./cli kernel images/4096x40        0   208312   208375   209560 
%CPU %MEM ARGS Wed Sep 30 20:01:11 UTC 2026
 0.0  0.0 grep --color=auto ./cli       0  2172
95.7  2.7 ./cli kernel images/4096x40   1 221940
  PID User     Command                         Swap      USS      PSS      RSS 
17836 codespace /usr/bin/python3 /usr/bin/s        0    12020    12313    14548 
17221 codespace ./cli kernel images/4096x40        0   223488   223551   224736 
%CPU %MEM ARGS Wed Sep 30 20:01:11 UTC 2026
 0.0  0.0 grep --color=auto ./cli       0  2244
95.7  2.9 ./cli kernel images/4096x40   1 236740
  PID User     Command                         Swap      USS      PSS      RSS 
17847 codespace /usr/bin/python3 /usr/bin/s        0    12016    12265    14412 
17221 codespace ./cli kernel images/4096x40        0   237884   237947   239132 
%CPU %MEM ARGS Wed Sep 30 20:01:12 UTC 2026
 0.0  0.0 grep --color=auto ./cli       1  2252
95.8  3.0 ./cli kernel images/4096x40   1 251180
  PID User     Command                         Swap      USS      PSS      RSS 
17853 codespace /usr/bin/python3 /usr/bin/s        0    12016    12285    14492 
17221 codespace ./cli kernel images/4096x40        0   252348   252411   253596 
%CPU %MEM ARGS Wed Sep 30 20:01:12 UTC 2026
 0.0  0.0 grep --color=auto ./cli       0  2184
95.8  3.2 ./cli kernel images/4096x40   1 265908
  PID User     Command                         Swap      USS      PSS      RSS 
17858 codespace /usr/bin/python3 /usr/bin/s        0    12016    12288    14484 
17221 codespace ./cli kernel images/4096x40        0   267068   267131   268316 
%CPU %MEM ARGS Wed Sep 30 20:01:12 UTC 2026
 0.0  0.0 grep --color=auto ./cli       0  2244
95.9  3.4 ./cli kernel images/4096x40   1 280728
  PID User     Command                         Swap      USS      PSS      RSS 
17863 codespace /usr/bin/python3 /usr/bin/s        0    12016    12284    14500 
17221 codespace ./cli kernel images/4096x40        0   280660   280723   281908 
%CPU %MEM ARGS Wed Sep 30 20:01:12 UTC 2026
 0.0  0.0 grep --color=auto ./cli       1  2168
95.7  3.6 ./cli kernel images/4096x40   1 293616
  PID User     Command                         Swap      USS      PSS      RSS 
17869 codespace /usr/bin/python3 /usr/bin/s        0    12020    12297    14436 
17221 codespace ./cli kernel images/4096x40        0   296664   296727   297912 
%CPU %MEM ARGS Wed Sep 30 20:01:13 UTC 2026
 0.0  0.0 grep --color=auto ./cli       1  2176
95.6  3.8 ./cli kernel images/4096x40   0 309668
  PID User     Command                         Swap      USS      PSS      RSS 
17879 codespace /usr/bin/python3 /usr/bin/s        0    12016    12275    14432 
17221 codespace ./cli kernel images/4096x40        0   310096   310159   311344 
%CPU %MEM ARGS Wed Sep 30 20:01:13 UTC 2026
 0.0  0.0 grep --color=auto ./cli       0  2152
95.5  3.9 ./cli kernel images/4096x40   1 322504
  PID User     Command                         Swap      USS      PSS      RSS 
17888 codespace /usr/bin/python3 /usr/bin/s        0    12016    12281    14496 
17221 codespace ./cli kernel images/4096x40        0   324480   324543   325728 
%CPU %MEM ARGS Wed Sep 30 20:01:13 UTC 2026
 0.0  0.0 grep --color=auto ./cli       0  2168
95.5  4.1 ./cli kernel images/4096x40   1 337872
  PID User     Command                         Swap      USS      PSS      RSS 
17897 codespace /usr/bin/python3 /usr/bin/s        0    12016    12289    14484 
17221 codespace ./cli kernel images/4096x40        0   339104   339167   340352 
%CPU %MEM ARGS Wed Sep 30 20:01:14 UTC 2026
 0.0  0.0 grep --color=auto ./cli       1  2156
95.5  4.3 ./cli kernel images/4096x40   1 352464
  PID User     Command                         Swap      USS      PSS      RSS 
17902 codespace /usr/bin/python3 /usr/bin/s        0    12024    12319    14584 
17221 codespace ./cli kernel images/4096x40        0   353752   353815   355000 
%CPU %MEM ARGS Wed Sep 30 20:01:14 UTC 2026
 0.0  0.0 grep --color=auto ./cli       1  2248
95.5  4.5 ./cli kernel images/4096x40   1 366496
  PID User     Command                         Swap      USS      PSS      RSS 
17913 codespace /usr/bin/python3 /usr/bin/s        0    12012    12270    14428 
17221 codespace ./cli kernel images/4096x40        0   368060   368123   369308 
%CPU %MEM ARGS Wed Sep 30 20:01:14 UTC 2026
 0.0  0.0 grep --color=auto ./cli       1  2252
95.4  4.6 ./cli kernel images/4096x40   0 380844
  PID User     Command                         Swap      USS      PSS      RSS 
17918 codespace /usr/bin/python3 /usr/bin/s        0    12024    12289    14504 
17221 codespace ./cli kernel images/4096x40        0   381288   381351   382536 
%CPU %MEM ARGS Wed Sep 30 20:01:15 UTC 2026
 0.0  0.0 grep --color=auto ./cli       0  2340
95.3  4.8 ./cli kernel images/4096x40   1 394576
  PID User     Command                         Swap      USS      PSS      RSS 
17924 codespace /usr/bin/python3 /usr/bin/s        0    12016    12263    14460 
17221 codespace ./cli kernel images/4096x40        0   393332   393395   394580 
%CPU %MEM ARGS Wed Sep 30 20:01:15 UTC 2026
 0.0  0.0 grep --color=auto ./cli       1  2132
95.0  4.8 ./cli kernel images/4096x40   0 394580
  PID User     Command                         Swap      USS      PSS      RSS 
17929 codespace /usr/bin/python3 /usr/bin/s        0    12020    12299    14436 
17221 codespace ./cli kernel images/4096x40        0   393332   393395   394580 
%CPU %MEM ARGS Wed Sep 30 20:01:16 UTC 2026
 0.0  0.0 grep --color=auto ./cli       1  2196
94.6  4.8 ./cli kernel images/4096x40   0 394580
  PID User     Command                         Swap      USS      PSS      RSS 
17941 codespace /usr/bin/python3 /usr/bin/s        0    12016    12302    14524 
17221 codespace ./cli kernel images/4096x40        0   393332   393395   394580 
%CPU %MEM ARGS Wed Sep 30 20:01:16 UTC 2026
 0.0  0.0 grep --color=auto ./cli       0  2212
94.3  4.8 ./cli kernel images/4096x40   1 394580
  PID User     Command                         Swap      USS      PSS      RSS 
17946 codespace /usr/bin/python3 /usr/bin/s        0    12016    12284    14496 
17221 codespace ./cli kernel images/4096x40        0   393332   393395   394580 
%CPU %MEM ARGS Wed Sep 30 20:01:16 UTC 2026
 0.0  0.0 grep --color=auto ./cli       1  2244
94.0  4.8 ./cli kernel images/4096x40   0 394580
  PID User     Command                         Swap      USS      PSS      RSS 
17951 codespace /usr/bin/python3 /usr/bin/s        0    12020    12288    14500 
17221 codespace ./cli kernel images/4096x40        0   393332   393395   394580 
%CPU %MEM ARGS Wed Sep 30 20:01:17 UTC 2026
 0.0  0.0 grep --color=auto ./cli       0  2308
93.8  4.8 ./cli kernel images/4096x40   0 394580
  PID User     Command                         Swap      USS      PSS      RSS 
17957 codespace /usr/bin/python3 /usr/bin/s        0    12028    12321    14556 
17221 codespace ./cli kernel images/4096x40        0   393332   393395   394580 
%CPU %MEM ARGS Wed Sep 30 20:01:17 UTC 2026
 0.0  0.0 grep --color=auto ./cli       1  2160
93.6  4.8 ./cli kernel images/4096x40   0 394580
  PID User     Command                         Swap      USS      PSS      RSS 
17962 codespace /usr/bin/python3 /usr/bin/s        0    12024    12283    14440 
17221 codespace ./cli kernel images/4096x40        0   393332   393395   394580 
%CPU %MEM ARGS Wed Sep 30 20:01:17 UTC 2026
 0.0  0.0 grep --color=auto ./cli       1  2340
93.4  4.8 ./cli kernel images/4096x40   0 394580
  PID User     Command                         Swap      USS      PSS      RSS 
17967 codespace /usr/bin/python3 /usr/bin/s        0    12016    12274    14432 
17221 codespace ./cli kernel images/4096x40        0   393332   393395   394580 
%CPU %MEM ARGS Wed Sep 30 20:01:18 UTC 2026
 0.0  0.0 grep --color=auto ./cli       1  2160
93.2  4.8 ./cli kernel images/4096x40   0 394580
  PID User     Command                         Swap      USS      PSS      RSS 
17979 codespace /usr/bin/python3 /usr/bin/s        0    12016    12282    14496 
17221 codespace ./cli kernel images/4096x40        0   393332   393395   394580 
%CPU %MEM ARGS Wed Sep 30 20:01:18 UTC 2026
 0.0  0.0 grep --color=auto ./cli       0  2172
93.0  4.8 ./cli kernel images/4096x40   1 394580
  PID User     Command                         Swap      USS      PSS      RSS 
17984 codespace /usr/bin/python3 /usr/bin/s        0    12020    12311    14548 
17221 codespace ./cli kernel images/4096x40        0   393332   393395   394580 
%CPU %MEM ARGS Wed Sep 30 20:01:18 UTC 2026
 0.0  0.0 grep --color=auto ./cli       0  2180
92.8  4.8 ./cli kernel images/4096x40   1 394580
  PID User     Command                         Swap      USS      PSS      RSS 
17989 codespace /usr/bin/python3 /usr/bin/s        0    12024    12314    14472 
17221 codespace ./cli kernel images/4096x40        0   393332   393395   394580 
%CPU %MEM ARGS Wed Sep 30 20:01:19 UTC 2026
 0.0  0.0 grep --color=auto ./cli       1  2300
92.7  4.8 ./cli kernel images/4096x40   0 394580
  PID User     Command                         Swap      USS      PSS      RSS 
17995 codespace /usr/bin/python3 /usr/bin/s        0    12016    12290    14484 
17221 codespace ./cli kernel images/4096x40        0   393332   393395   394580 
%CPU %MEM ARGS Wed Sep 30 20:01:19 UTC 2026
 0.0  0.0 grep --color=auto ./cli       0  2208
92.4  4.8 ./cli kernel images/4096x40   0 394580
  PID User     Command                         Swap      USS      PSS      RSS 
18000 codespace /usr/bin/python3 /usr/bin/s        0    12016    12275    14432 
17221 codespace ./cli kernel images/4096x40        0   393332   393395   394580 
%CPU %MEM ARGS Wed Sep 30 20:01:19 UTC 2026
 0.0  0.0 grep --color=auto ./cli       0  2152
92.0  4.8 ./cli kernel images/4096x40   1 394580
  PID User     Command                         Swap      USS      PSS      RSS 
18005 codespace /usr/bin/python3 /usr/bin/s        0    12012    12270    14548 
17221 codespace ./cli kernel images/4096x40        0   393332   393392   394580 
%CPU %MEM ARGS Wed Sep 30 20:01:20 UTC 2026
 0.0  0.0 grep --color=auto ./cli       0  2172
91.7  4.8 ./cli kernel images/4096x40   1 394580
  PID User     Command                         Swap      USS      PSS      RSS 
18023 codespace /usr/bin/python3 /usr/bin/s        0    12016    12287    14484 
17221 codespace ./cli kernel images/4096x40        0   393332   393396   394580 
%CPU %MEM ARGS Wed Sep 30 20:01:20 UTC 2026
 0.0  0.0 grep --color=auto ./cli       1  2184
91.5  4.8 ./cli kernel images/4096x40   0 394580
  PID User     Command                         Swap      USS      PSS      RSS 
18028 codespace /usr/bin/python3 /usr/bin/s        0    12016    12306    14548 
17221 codespace ./cli kernel images/4096x40        0   393332   393395   394580 
%CPU %MEM ARGS Wed Sep 30 20:01:20 UTC 2026
 0.0  0.0 grep --color=auto ./cli       1  2296
91.3  4.8 ./cli kernel images/4096x40   0 394580
  PID User     Command                         Swap      USS      PSS      RSS 
18033 codespace /usr/bin/python3 /usr/bin/s        0    12020    12313    14548 
17221 codespace ./cli kernel images/4096x40        0   393332   393395   394580 
%CPU %MEM ARGS Wed Sep 30 20:01:21 UTC 2026
 0.0  0.0 grep --color=auto ./cli       1  2344
90.8  4.8 ./cli kernel images/4096x40   0 394580
  PID User     Command                         Swap      USS      PSS      RSS 
18051 codespace /usr/bin/python3 /usr/bin/s        0    12036    12338    14544 
17221 codespace ./cli kernel images/4096x40        0   393332   393395   394580 
%CPU %MEM ARGS Wed Sep 30 20:01:21 UTC 2026
 0.0  0.0 grep --color=auto ./cli       1  2164
90.5  4.8 ./cli kernel images/4096x40   1 394580
  PID User     Command                         Swap      USS      PSS      RSS 
18062 codespace /usr/bin/python3 /usr/bin/s        0    12016    12311    14576 
17221 codespace ./cli kernel images/4096x40        0   393332   393395   394580 
%CPU %MEM ARGS Wed Sep 30 20:01:22 UTC 2026
 0.0  0.0 grep --color=auto ./cli       0  2160
90.2  4.8 ./cli kernel images/4096x40   1 394580
  PID User     Command                         Swap      USS      PSS      RSS 
18074 codespace /usr/bin/python3 /usr/bin/s        0    12020    12313    14548 
17221 codespace ./cli kernel images/4096x40        0   393332   393395   394580 
%CPU %MEM ARGS Wed Sep 30 20:01:22 UTC 2026
 0.0  0.0 grep --color=auto ./cli       0  2164
90.1  4.8 ./cli kernel images/4096x40   1 394580
  PID User     Command                         Swap      USS      PSS      RSS 
18079 codespace /usr/bin/python3 /usr/bin/s        0    12020    12280    14436 
17221 codespace ./cli kernel images/4096x40        0   393332   393395   394580 
%CPU %MEM ARGS Wed Sep 30 20:01:22 UTC 2026
 0.0  0.0 grep --color=auto ./cli       1  2300
90.0  4.8 ./cli kernel images/4096x40   0 394580
  PID User     Command                         Swap      USS      PSS      RSS 
18084 codespace /usr/bin/python3 /usr/bin/s        0    12004    12297    14532 
17221 codespace ./cli kernel images/4096x40        0   393332   393395   394580 
%CPU %MEM ARGS Wed Sep 30 20:01:23 UTC 2026
 0.0  0.0 grep --color=auto ./cli       1  2152
89.9  4.8 ./cli kernel images/4096x40   0 394580
  PID User     Command                         Swap      USS      PSS      RSS 
18090 codespace /usr/bin/python3 /usr/bin/s        0    12016    12273    14432 
17221 codespace ./cli kernel images/4096x40        0   393332   393395   394580 
%CPU %MEM ARGS Wed Sep 30 20:01:23 UTC 2026
 0.0  0.0 grep --color=auto ./cli       1  2200
89.7  4.8 ./cli kernel images/4096x40   0 394580
  PID User     Command                         Swap      USS      PSS      RSS 
18095 codespace /usr/bin/python3 /usr/bin/s        0    12036    12338    14544 
17221 codespace ./cli kernel images/4096x40        0   393332   393395   394580 
%CPU %MEM ARGS Wed Sep 30 20:01:23 UTC 2026
 0.0  0.0 grep --color=auto ./cli       1  2288
89.6  4.8 ./cli kernel images/4096x40   0 394580
  PID User     Command                         Swap      USS      PSS      RSS 
18100 codespace /usr/bin/python3 /usr/bin/s        0    12016    12279    14432 
17221 codespace ./cli kernel images/4096x40        0   393332   393395   394580 
%CPU %MEM ARGS Wed Sep 30 20:01:24 UTC 2026
 0.0  0.0 grep --color=auto ./cli       0  2172
89.5  4.8 ./cli kernel images/4096x40   1 394580
  PID User     Command                         Swap      USS      PSS      RSS 
18106 codespace /usr/bin/python3 /usr/bin/s        0    12016    12284    14500 
17221 codespace ./cli kernel images/4096x40        0   393332   393395   394580 
%CPU %MEM ARGS Wed Sep 30 20:01:24 UTC 2026
 0.0  0.0 grep --color=auto ./cli       1  2172
89.3  4.8 ./cli kernel images/4096x40   0 394580
  PID User     Command                         Swap      USS      PSS      RSS 
18117 codespace /usr/bin/python3 /usr/bin/s        0    12024    12310    14468 
17221 codespace ./cli kernel images/4096x40        0   393332   393395   394580 
%CPU %MEM ARGS Wed Sep 30 20:01:24 UTC 2026
 0.0  0.0 grep --color=auto ./cli       0  2176
89.1  4.8 ./cli kernel images/4096x40   1 394580
  PID User     Command                         Swap      USS      PSS      RSS 
18122 codespace /usr/bin/python3 /usr/bin/s        0    12020    12306    14468 
17221 codespace ./cli kernel images/4096x40        0   393332   393395   394580 
%CPU %MEM ARGS Wed Sep 30 20:01:25 UTC 2026
 0.0  0.0 grep --color=auto ./cli       0  2160
89.0  4.8 ./cli kernel images/4096x40   1 394580
  PID User     Command                         Swap      USS      PSS      RSS 
18128 codespace /usr/bin/python3 /usr/bin/s        0    12016    12278    14432 
17221 codespace ./cli kernel images/4096x40        0   393332   393395   394580 
%CPU %MEM ARGS Wed Sep 30 20:01:25 UTC 2026
 0.0  0.0 grep --color=auto ./cli       1  2288
88.8  4.8 ./cli kernel images/4096x40   0 394580
  PID User     Command                         Swap      USS      PSS      RSS 
18133 codespace /usr/bin/python3 /usr/bin/s        0    11984    12220    14404 
17221 codespace ./cli kernel images/4096x40        0   393332   393392   394580 
%CPU %MEM ARGS Wed Sep 30 20:01:25 UTC 2026
 0.0  0.0 grep --color=auto ./cli       1  2168
88.5  4.8 ./cli kernel images/4096x40   0 394580
  PID User     Command                         Swap      USS      PSS      RSS 
18144 codespace /usr/bin/python3 /usr/bin/s        0    12020    12308    14548 
17221 codespace ./cli kernel images/4096x40        0   393332   393395   394580 
%CPU %MEM ARGS Wed Sep 30 20:01:26 UTC 2026
 0.0  0.0 grep --color=auto ./cli       0  2344
88.4  4.8 ./cli kernel images/4096x40   0 394580
  PID User     Command                         Swap      USS      PSS      RSS 
18150 codespace /usr/bin/python3 /usr/bin/s        0    12020    12300    14468 
17221 codespace ./cli kernel images/4096x40        0   393332   393395   394580 
%CPU %MEM ARGS Wed Sep 30 20:01:26 UTC 2026
 0.0  0.0 grep --color=auto ./cli       1  2252
88.1  4.8 ./cli kernel images/4096x40   0 394580
  PID User     Command                         Swap      USS      PSS      RSS 
18161 codespace /usr/bin/python3 /usr/bin/s        0    12016    12292    14484 
17221 codespace ./cli kernel images/4096x40        0   393332   393395   394580 
%CPU %MEM ARGS Wed Sep 30 20:01:27 UTC 2026
 0.0  0.0 grep --color=auto ./cli       0  2168
87.8  4.8 ./cli kernel images/4096x40   1 394580
  PID User     Command                         Swap      USS      PSS      RSS 
18167 codespace /usr/bin/python3 /usr/bin/s        0    12016    12288    14484 
17221 codespace ./cli kernel images/4096x40        0   393332   393395   394580 
%CPU %MEM ARGS Wed Sep 30 20:01:27 UTC 2026
 0.0  0.0 grep --color=auto ./cli       1  2192
87.7  4.8 ./cli kernel images/4096x40   0 394580
  PID User     Command                         Swap      USS      PSS      RSS 
18172 codespace /usr/bin/python3 /usr/bin/s        0    12016    12273    14432 
17221 codespace ./cli kernel images/4096x40        0   393332   393395   394580 
%CPU %MEM ARGS Wed Sep 30 20:01:27 UTC 2026
 0.0  0.0 grep --color=auto ./cli       1  2196
87.5  4.8 ./cli kernel images/4096x40   1 394580
  PID User     Command                         Swap      USS      PSS      RSS 
18177 codespace /usr/bin/python3 /usr/bin/s        0    12012    12274    14428 
17221 codespace ./cli kernel images/4096x40        0   393332   393395   394580 
%CPU %MEM ARGS Wed Sep 30 20:01:28 UTC 2026
 0.0  0.0 grep --color=auto ./cli       0  2180
87.5  4.8 ./cli kernel images/4096x40   1 394580
  PID User     Command                         Swap      USS      PSS      RSS 
18183 codespace /usr/bin/python3 /usr/bin/s        0    12020    12275    14384 
17221 codespace ./cli kernel images/4096x40        0   393332   393395   394580 
%CPU %MEM ARGS Wed Sep 30 20:01:28 UTC 2026
 0.0  0.0 grep --color=auto ./cli       0  2288
87.3  4.8 ./cli kernel images/4096x40   0 394580
  PID User     Command                         Swap      USS      PSS      RSS 
18194 codespace /usr/bin/python3 /usr/bin/s        0    11972    12240    14452 
17221 codespace ./cli kernel images/4096x40        0   393332   393395   394580 
%CPU %MEM ARGS Wed Sep 30 20:01:28 UTC 2026
 0.0  0.0 grep --color=auto ./cli       1  2180
87.3  4.8 ./cli kernel images/4096x40   0 394580
  PID User     Command                         Swap      USS      PSS      RSS 
18199 codespace /usr/bin/python3 /usr/bin/s        0    12020    12296    14436 
17221 codespace ./cli kernel images/4096x40        0   393332   393395   394580 
%CPU %MEM ARGS Wed Sep 30 20:01:29 UTC 2026
 0.0  0.0 grep --color=auto ./cli       0  2184
87.1  4.8 ./cli kernel images/4096x40   1 394580
  PID User     Command                         Swap      USS      PSS      RSS 
18210 codespace /usr/bin/python3 /usr/bin/s        0    12016    12274    14432 
17221 codespace ./cli kernel images/4096x40        0   393332   393395   394580 
%CPU %MEM ARGS Wed Sep 30 20:01:29 UTC 2026
 0.0  0.0 grep --color=auto ./cli       1  2304
86.9  4.8 ./cli kernel images/4096x40   0 394580
  PID User     Command                         Swap      USS      PSS      RSS 
18216 codespace /usr/bin/python3 /usr/bin/s        0    12016    12279    14460 
17221 codespace ./cli kernel images/4096x40        0   393332   393395   394580 
%CPU %MEM ARGS Wed Sep 30 20:01:30 UTC 2026
 0.0  0.0 grep --color=auto ./cli       1  2160
86.8  4.8 ./cli kernel images/4096x40   1 394580
  PID User     Command                         Swap      USS      PSS      RSS 
18222 codespace /usr/bin/python3 /usr/bin/s        0    12016    12288    14520 
17221 codespace ./cli kernel images/4096x40        0   393332   393395   394580 
%CPU %MEM ARGS Wed Sep 30 20:01:30 UTC 2026
 0.0  0.0 grep --color=auto ./cli       1  2196
86.6  4.8 ./cli kernel images/4096x40   1 394580
  PID User     Command                         Swap      USS      PSS      RSS 
18227 codespace /usr/bin/python3 /usr/bin/s        0    12020    12288    14500 
17221 codespace ./cli kernel images/4096x40        0   393332   393395   394580 
%CPU %MEM ARGS Wed Sep 30 20:01:30 UTC 2026
 0.0  0.0 grep --color=auto ./cli       0  2168
86.5  4.8 ./cli kernel images/4096x40   1 394580
  PID User     Command                         Swap      USS      PSS      RSS 
18238 codespace /usr/bin/python3 /usr/bin/s        0    12016    12305    14524 
17221 codespace ./cli kernel images/4096x40        0   393332   393395   394580 
%CPU %MEM ARGS Wed Sep 30 20:01:31 UTC 2026
 0.0  0.0 grep --color=auto ./cli       1  2160
86.3  4.8 ./cli kernel images/4096x40   0 394580
  PID User     Command                         Swap      USS      PSS      RSS 
18249 codespace /usr/bin/python3 /usr/bin/s        0    11988    12289    14496 
17221 codespace ./cli kernel images/4096x40        0   393332   393395   394580 
%CPU %MEM ARGS Wed Sep 30 20:01:31 UTC 2026
 0.0  0.0 grep --color=auto ./cli       1  2180
85.9  4.8 ./cli kernel images/4096x40   0 394580
  PID User     Command                         Swap      USS      PSS      RSS 
18272 codespace /usr/bin/python3 /usr/bin/s        0    12020    12272    14412 
17221 codespace ./cli kernel images/4096x40        0   393332   393395   394580 
%CPU %MEM ARGS Wed Sep 30 20:01:32 UTC 2026
 0.0  0.0 grep --color=auto ./cli       0  2288
85.8  4.8 ./cli kernel images/4096x40   1 394580
  PID User     Command                         Swap      USS      PSS      RSS 
18278 codespace /usr/bin/python3 /usr/bin/s        0    11964    12237    14440 
17221 codespace ./cli kernel images/4096x40        0   393332   393395   394580 
%CPU %MEM ARGS Wed Sep 30 20:01:32 UTC 2026
 0.0  0.0 grep --color=auto ./cli       1  2156
85.7  4.8 ./cli kernel images/4096x40   1 394580
  PID User     Command                         Swap      USS      PSS      RSS 
18283 codespace /usr/bin/python3 /usr/bin/s        0    12024    12294    14460 
17221 codespace ./cli kernel images/4096x40        0   393332   393395   394580 
%CPU %MEM ARGS Wed Sep 30 20:01:33 UTC 2026
 0.0  0.0 grep --color=auto ./cli       0  2124
85.5  4.8 ./cli kernel images/4096x40   1 394580
  PID User     Command                         Swap      USS      PSS      RSS 
18294 codespace /usr/bin/python3 /usr/bin/s        0    12016    12279    14432 
17221 codespace ./cli kernel images/4096x40        0   393332   393395   394580 
%CPU %MEM ARGS Wed Sep 30 20:01:33 UTC 2026
 0.0  0.0 grep --color=auto ./cli       0  2240
85.4  4.8 ./cli kernel images/4096x40   1 394580
  PID User     Command                         Swap      USS      PSS      RSS 
18300 codespace /usr/bin/python3 /usr/bin/s        0    12016    12279    14432 
17221 codespace ./cli kernel images/4096x40        0   393332   393395   394580 
%CPU %MEM ARGS Wed Sep 30 20:01:33 UTC 2026
 0.0  0.0 grep --color=auto ./cli       1  2172
85.3  4.8 ./cli kernel images/4096x40   1 394580
  PID User     Command                         Swap      USS      PSS      RSS 
18305 codespace /usr/bin/python3 /usr/bin/s        0    12016    12287    14468 
17221 codespace ./cli kernel images/4096x40        0   393332   393395   394580 
%CPU %MEM ARGS Wed Sep 30 20:01:34 UTC 2026
 0.0  0.0 grep --color=auto ./cli       1  2292
85.2  4.8 ./cli kernel images/4096x40   0 394580
  PID User     Command                         Swap      USS      PSS      RSS 
18311 codespace /usr/bin/python3 /usr/bin/s        0    12016    12283    14496 
17221 codespace ./cli kernel images/4096x40        0   393332   393395   394580 
%CPU %MEM ARGS Wed Sep 30 20:01:34 UTC 2026
 0.0  0.0 grep --color=auto ./cli       0  2176
84.9  4.8 ./cli kernel images/4096x40   0 394580
  PID User     Command                         Swap      USS      PSS      RSS 
18321 codespace /usr/bin/python3 /usr/bin/s        0    12020    12308    14468 
17221 codespace ./cli kernel images/4096x40        0   393332   393395   394580 
%CPU %MEM ARGS Wed Sep 30 20:01:34 UTC 2026
 0.0  0.0 grep --color=auto ./cli       1  2176
84.7  4.8 ./cli kernel images/4096x40   1 394580
  PID User     Command                         Swap      USS      PSS      RSS 
18330 codespace /usr/bin/python3 /usr/bin/s        0    12020    12291    14488 
17221 codespace ./cli kernel images/4096x40        0   393332   393395   394580 
%CPU %MEM ARGS Wed Sep 30 20:01:35 UTC 2026
 0.0  0.0 grep --color=auto ./cli       0  2344
84.6  4.8 ./cli kernel images/4096x40   1 394580
  PID User     Command                         Swap      USS      PSS      RSS 
18339 codespace /usr/bin/python3 /usr/bin/s        0    12020    12289    14496 
17221 codespace ./cli kernel images/4096x40        0   393332   393395   394580 
%CPU %MEM ARGS Wed Sep 30 20:01:35 UTC 2026
 0.0  0.0 grep --color=auto ./cli       1  2156
84.6  4.8 ./cli kernel images/4096x40   0 394580
  PID User     Command                         Swap      USS      PSS      RSS 
18344 codespace /usr/bin/python3 /usr/bin/s        0    12020    12305    14468 
17221 codespace ./cli kernel images/4096x40        0   393332   393395   394580 
%CPU %MEM ARGS Wed Sep 30 20:01:36 UTC 2026
 0.0  0.0 grep --color=auto ./cli       0  2132
84.6  4.8 ./cli kernel images/4096x40   1 394580
  PID User     Command                         Swap      USS      PSS      RSS 
18349 codespace /usr/bin/python3 /usr/bin/s        0    12012    12278    14492 
17221 codespace ./cli kernel images/4096x40        0   393332   393395   394580 
%CPU %MEM ARGS Wed Sep 30 20:01:36 UTC 2026
 0.0  0.0 grep --color=auto ./cli       1  2212
84.5  4.8 ./cli kernel images/4096x40   1 394580
  PID User     Command                         Swap      USS      PSS      RSS 
18355 codespace /usr/bin/python3 /usr/bin/s        0    12036    12333    14492 
17221 codespace ./cli kernel images/4096x40        0   393332   393395   394580 
%CPU %MEM ARGS Wed Sep 30 20:01:36 UTC 2026
 0.0  0.0 grep --color=auto ./cli       0  2208
84.4  4.8 ./cli kernel images/4096x40   0 394580
  PID User     Command                         Swap      USS      PSS      RSS 
18360 codespace /usr/bin/python3 /usr/bin/s        0    12016    12278    14548 
17221 codespace ./cli kernel images/4096x40        0   393332   393392   394580 
%CPU %MEM ARGS Wed Sep 30 20:01:37 UTC 2026
 0.0  0.0 grep --color=auto ./cli       1  2200
84.2  4.8 ./cli kernel images/4096x40   0 394580
  PID User     Command                         Swap      USS      PSS      RSS 
18378 codespace /usr/bin/python3 /usr/bin/s        0    12016    12309    14576 
17221 codespace ./cli kernel images/4096x40        0   393332   393395   394580 
%CPU %MEM ARGS Wed Sep 30 20:01:37 UTC 2026
 0.0  0.0 grep --color=auto ./cli       0  2200
84.2  4.8 ./cli kernel images/4096x40   0 394580
  PID User     Command                         Swap      USS      PSS      RSS 
18383 codespace /usr/bin/python3 /usr/bin/s        0    12008    12269    14424 
17221 codespace ./cli kernel images/4096x40        0   393332   393395   394580 
%CPU %MEM ARGS Wed Sep 30 20:01:37 UTC 2026
 0.0  0.0 grep --color=auto ./cli       1  2212
84.1  4.8 ./cli kernel images/4096x40   0 394580
  PID User     Command                         Swap      USS      PSS      RSS 
18388 codespace /usr/bin/python3 /usr/bin/s        0    12020    12307    14468 
17221 codespace ./cli kernel images/4096x40        0   393332   393395   394580 
%CPU %MEM ARGS Wed Sep 30 20:01:38 UTC 2026
 0.0  0.0 grep --color=auto ./cli       0  2296
84.0  4.8 ./cli kernel images/4096x40   1 394580
  PID User     Command                         Swap      USS      PSS      RSS 
18394 codespace /usr/bin/python3 /usr/bin/s        0    12016    12287    14492 
17221 codespace ./cli kernel images/4096x40        0   393332   393395   394580 
%CPU %MEM ARGS Wed Sep 30 20:01:38 UTC 2026
 0.0  0.0 grep --color=auto ./cli       0  2288
84.0  4.8 ./cli kernel images/4096x40   0 394580
  PID User     Command                         Swap      USS      PSS      RSS 
18399 codespace /usr/bin/python3 /usr/bin/s        0    12016    12307    14524 
17221 codespace ./cli kernel images/4096x40        0   393332   393395   394580 
%CPU %MEM ARGS Wed Sep 30 20:01:39 UTC 2026
 0.0  0.0 grep --color=auto ./cli       0  2292
83.9  4.8 ./cli kernel images/4096x40   0 394580
  PID User     Command                         Swap      USS      PSS      RSS 
18404 codespace /usr/bin/python3 /usr/bin/s        0    12020    12313    14548 
17221 codespace ./cli kernel images/4096x40        0   393332   393395   394580 
%CPU %MEM ARGS Wed Sep 30 20:01:39 UTC 2026
 0.0  0.0 grep --color=auto ./cli       1  2248
83.7  4.8 ./cli kernel images/4096x40   0 394580
  PID User     Command                         Swap      USS      PSS      RSS 
18416 codespace /usr/bin/python3 /usr/bin/s        0    12020    12267    14464 
17221 codespace ./cli kernel images/4096x40        0   393332   393395   394580 
%CPU %MEM ARGS Wed Sep 30 20:01:39 UTC 2026
 0.0  0.0 grep --color=auto ./cli       0  2180
83.7  4.8 ./cli kernel images/4096x40   1 394580
  PID User     Command                         Swap      USS      PSS      RSS 
18421 codespace /usr/bin/python3 /usr/bin/s        0    12024    12311    14472 
17221 codespace ./cli kernel images/4096x40        0   393332   393395   394580 
%CPU %MEM ARGS Wed Sep 30 20:01:40 UTC 2026
 0.0  0.0 grep --color=auto ./cli       1  2160
83.6  4.8 ./cli kernel images/4096x40   0 394580
  PID User     Command                         Swap      USS      PSS      RSS 
18427 codespace /usr/bin/python3 /usr/bin/s        0    12028    12329    14544 
17221 codespace ./cli kernel images/4096x40        0   393332   393395   394580 
%CPU %MEM ARGS Wed Sep 30 20:01:40 UTC 2026
 0.0  0.0 grep --color=auto ./cli       1  2204
83.6  4.8 ./cli kernel images/4096x40   0 394580
  PID User     Command                         Swap      USS      PSS      RSS 
18432 codespace /usr/bin/python3 /usr/bin/s        0    12052    12343    14584 
17221 codespace ./cli kernel images/4096x40        0   393332   393395   394580 
%CPU %MEM ARGS Wed Sep 30 20:01:40 UTC 2026
 0.0  0.0 grep --color=auto ./cli       0  2296
83.4  4.8 ./cli kernel images/4096x40   0 394580
  PID User     Command                         Swap      USS      PSS      RSS 
18437 codespace /usr/bin/python3 /usr/bin/s        0    12024    12314    14472 
17221 codespace ./cli kernel images/4096x40        0   393332   393395   394580 
%CPU %MEM ARGS Wed Sep 30 20:01:41 UTC 2026
 0.0  0.0 grep --color=auto ./cli       0  2288
83.2  4.8 ./cli kernel images/4096x40   1 394580
  PID User     Command                         Swap      USS      PSS      RSS 
18454 codespace /usr/bin/python3 /usr/bin/s        0    12020    12315    14472 
17221 codespace ./cli kernel images/4096x40        0   393332   393395   394580 
%CPU %MEM ARGS Wed Sep 30 20:01:41 UTC 2026
 0.0  0.0 grep --color=auto ./cli       1  2172
83.1  4.8 ./cli kernel images/4096x40   0 394580
  PID User     Command                         Swap      USS      PSS      RSS 
18460 codespace /usr/bin/python3 /usr/bin/s        0    12024    12321    14472 
17221 codespace ./cli kernel images/4096x40        0   393332   393395   394580 
%CPU %MEM ARGS Wed Sep 30 20:01:42 UTC 2026
 0.0  0.0 grep --color=auto ./cli       0  2252
82.9  4.8 ./cli kernel images/4096x40   0 394580
  PID User     Command                         Swap      USS      PSS      RSS 
18465 codespace /usr/bin/python3 /usr/bin/s        0    12016    12266    14412 
17221 codespace ./cli kernel images/4096x40        0   393332   393395   394580 
%CPU %MEM ARGS Wed Sep 30 20:01:42 UTC 2026
 0.0  0.0 grep --color=auto ./cli       1  2156
82.7  4.8 ./cli kernel images/4096x40   0 394580
  PID User     Command                         Swap      USS      PSS      RSS 
18493 codespace /usr/bin/python3 /usr/bin/s        0    12012    12272    14524 
17221 codespace ./cli kernel images/4096x40        0   393332   393392   394580 
%CPU %MEM ARGS Wed Sep 30 20:01:42 UTC 2026
 0.0  0.0 grep --color=auto ./cli       0  2164
82.6  4.8 ./cli kernel images/4096x40   1 394580
  PID User     Command                         Swap      USS      PSS      RSS 
18498 codespace /usr/bin/python3 /usr/bin/s        0    12036    12339    14544 
17221 codespace ./cli kernel images/4096x40        0   393332   393395   394580 
%CPU %MEM ARGS Wed Sep 30 20:01:43 UTC 2026
 0.0  0.0 grep --color=auto ./cli       0  2176
82.6  4.8 ./cli kernel images/4096x40   1 394580
  PID User     Command                         Swap      USS      PSS      RSS 
18504 codespace /usr/bin/python3 /usr/bin/s        0    12012    12239    14492 
17221 codespace ./cli kernel images/4096x40        0   393332   393390   394580 
%CPU %MEM ARGS Wed Sep 30 20:01:43 UTC 2026
 0.0  0.0 grep --color=auto ./cli       0  2248
82.5  4.8 ./cli kernel images/4096x40   1 394580
  PID User     Command                         Swap      USS      PSS      RSS 
18515 codespace /usr/bin/python3 /usr/bin/s        0    12016    12285    14496 
17221 codespace ./cli kernel images/4096x40        0   393332   393395   394580 
%CPU %MEM ARGS Wed Sep 30 20:01:43 UTC 2026
 0.0  0.0 grep --color=auto ./cli       1  2212
82.4  4.8 ./cli kernel images/4096x40   0 394580
  PID User     Command                         Swap      USS      PSS      RSS 
18520 codespace /usr/bin/python3 /usr/bin/s        0    12024    12316    14472 
17221 codespace ./cli kernel images/4096x40        0   393332   393395   394580 
%CPU %MEM ARGS Wed Sep 30 20:01:44 UTC 2026
 0.0  0.0 grep --color=auto ./cli       1  2200
82.4  4.8 ./cli kernel images/4096x40   0 394580
  PID User     Command                         Swap      USS      PSS      RSS 
18526 codespace /usr/bin/python3 /usr/bin/s        0    12012    12271    14428 
17221 codespace ./cli kernel images/4096x40        0   393332   393395   394580 
%CPU %MEM ARGS Wed Sep 30 20:01:44 UTC 2026
 0.0  0.0 grep --color=auto ./cli       1  2196
82.4  4.8 ./cli kernel images/4096x40   0 394580
  PID User     Command                         Swap      USS      PSS      RSS 
18531 codespace /usr/bin/python3 /usr/bin/s        0    12016    12278    14432 
17221 codespace ./cli kernel images/4096x40        0   393332   393395   394580 
%CPU %MEM ARGS Wed Sep 30 20:01:45 UTC 2026
 0.0  0.0 grep --color=auto ./cli       0  2156
82.2  4.8 ./cli kernel images/4096x40   1 394580
  PID User     Command                         Swap      USS      PSS      RSS 
18536 codespace /usr/bin/python3 /usr/bin/s        0    12016    12308    14544 
17221 codespace ./cli kernel images/4096x40        0   393332   393395   394580 
%CPU %MEM ARGS Wed Sep 30 20:01:45 UTC 2026
 0.0  0.0 grep --color=auto ./cli       1  2256
82.1  4.8 ./cli kernel images/4096x40   0 394580
  PID User     Command                         Swap      USS      PSS      RSS 
18545 codespace /usr/bin/python3 /usr/bin/s        0    12016    12275    14432 
17221 codespace ./cli kernel images/4096x40        0   393332   393395   394580 
%CPU %MEM ARGS Wed Sep 30 20:01:45 UTC 2026
 0.0  0.0 grep --color=auto ./cli       1  2204
82.0  4.8 ./cli kernel images/4096x40   0 394580
  PID User     Command                         Swap      USS      PSS      RSS 
18553 codespace /usr/bin/python3 /usr/bin/s        0    12020    12312    14548 
17221 codespace ./cli kernel images/4096x40        0   393332   393395   394580 
%CPU %MEM ARGS Wed Sep 30 20:01:46 UTC 2026
 0.0  0.0 grep --color=auto ./cli       0  2304
81.9  4.8 ./cli kernel images/4096x40   1 394580
  PID User     Command                         Swap      USS      PSS      RSS 
18563 codespace /usr/bin/python3 /usr/bin/s        0    12020    12280    14436 
17221 codespace ./cli kernel images/4096x40        0   393332   393395   394580 
%CPU %MEM ARGS Wed Sep 30 20:01:46 UTC 2026
 0.0  0.0 grep --color=auto ./cli       0  2144
81.8  4.8 ./cli kernel images/4096x40   0 394580
  PID User     Command                         Swap      USS      PSS      RSS 
18570 codespace /usr/bin/python3 /usr/bin/s        0    12016    12287    14484 
17221 codespace ./cli kernel images/4096x40        0   393332   393395   394580 
%CPU %MEM ARGS Wed Sep 30 20:01:46 UTC 2026
 0.0  0.0 grep --color=auto ./cli       1  2248
81.8  4.8 ./cli kernel images/4096x40   0 394580
  PID User     Command                         Swap      USS      PSS      RSS 
18575 codespace /usr/bin/python3 /usr/bin/s        0    12024    12295    14492 
17221 codespace ./cli kernel images/4096x40        0   393332   393395   394580 
%CPU %MEM ARGS Wed Sep 30 20:01:47 UTC 2026
 0.0  0.0 grep --color=auto ./cli       1  2308
81.7  4.8 ./cli kernel images/4096x40   0 394580
  PID User     Command                         Swap      USS      PSS      RSS 
18581 codespace /usr/bin/python3 /usr/bin/s        0    12024    12301    14440 
17221 codespace ./cli kernel images/4096x40        0   393332   393395   394580 
%CPU %MEM ARGS Wed Sep 30 20:01:47 UTC 2026
 0.0  0.0 grep --color=auto ./cli       1  2176
81.6  4.8 ./cli kernel images/4096x40   0 394580
  PID User     Command                         Swap      USS      PSS      RSS 
18592 codespace /usr/bin/python3 /usr/bin/s        0    12056    12352    14616 
17221 codespace ./cli kernel images/4096x40        0   393332   393395   394580 
%CPU %MEM ARGS Wed Sep 30 20:01:48 UTC 2026
 0.0  0.0 grep --color=auto ./cli       0  2344
81.5  4.8 ./cli kernel images/4096x40   1 394580
  PID User     Command                         Swap      USS      PSS      RSS 
18603 codespace /usr/bin/python3 /usr/bin/s        0    12012    12254    14468 
17221 codespace ./cli kernel images/4096x40        0   393332   393393   394580 
%CPU %MEM ARGS Wed Sep 30 20:01:48 UTC 2026
 0.0  0.0 grep --color=auto ./cli       1  2176
81.4  4.8 ./cli kernel images/4096x40   0 394580
  PID User     Command                         Swap      USS      PSS      RSS 
18609 codespace /usr/bin/python3 /usr/bin/s        0    12016    12275    14432 
17221 codespace ./cli kernel images/4096x40        0   393332   393395   394580 
%CPU %MEM ARGS Wed Sep 30 20:01:48 UTC 2026
 0.0  0.0 grep --color=auto ./cli       0  2176
81.4  4.8 ./cli kernel images/4096x40   1 394580
  PID User     Command                         Swap      USS      PSS      RSS 
18614 codespace /usr/bin/python3 /usr/bin/s        0    12020    12314    14580 
17221 codespace ./cli kernel images/4096x40        0   393332   393395   394580 
%CPU %MEM ARGS Wed Sep 30 20:01:49 UTC 2026
 0.0  0.0 grep --color=auto ./cli       0  2152
81.3  4.8 ./cli kernel images/4096x40   0 394580
  PID User     Command                         Swap      USS      PSS      RSS 
18620 codespace /usr/bin/python3 /usr/bin/s        0    12016    12287    14484 
17221 codespace ./cli kernel images/4096x40        0   393332   393395   394580 
%CPU %MEM ARGS Wed Sep 30 20:01:49 UTC 2026
 0.0  0.0 grep --color=auto ./cli       0  2188
81.2  4.8 ./cli kernel images/4096x40   0 394580
  PID User     Command                         Swap      USS      PSS      RSS 
18625 codespace /usr/bin/python3 /usr/bin/s        0    12016    12287    14484 
17221 codespace ./cli kernel images/4096x40        0   393332   393395   394580 
%CPU %MEM ARGS Wed Sep 30 20:01:50 UTC 2026
 0.0  0.0 grep --color=auto ./cli       1  2172
81.2  4.8 ./cli kernel images/4096x40   0 394580
  PID User     Command                         Swap      USS      PSS      RSS 
18636 codespace /usr/bin/python3 /usr/bin/s        0    12012    12268    14460 
17221 codespace ./cli kernel images/4096x40        0   393332   393395   394580 
%CPU %MEM ARGS Wed Sep 30 20:01:50 UTC 2026
 0.0  0.0 grep --color=auto ./cli       1  2212
81.1  4.8 ./cli kernel images/4096x40   0 394580
  PID User     Command                         Swap      USS      PSS      RSS 
18642 codespace /usr/bin/python3 /usr/bin/s        0    12016    12267    14404 
17221 codespace ./cli kernel images/4096x40        0   393332   393395   394580 
%CPU %MEM ARGS Wed Sep 30 20:01:50 UTC 2026
 0.0  0.0 grep --color=auto ./cli       1  2156
81.1  4.8 ./cli kernel images/4096x40   0 394580
  PID User     Command                         Swap      USS      PSS      RSS 
18647 codespace /usr/bin/python3 /usr/bin/s        0    12012    12269    14388 
17221 codespace ./cli kernel images/4096x40        0   393332   393395   394580 
%CPU %MEM ARGS Wed Sep 30 20:01:51 UTC 2026
 0.0  0.0 grep --color=auto ./cli       1  2156
81.0  4.8 ./cli kernel images/4096x40   0 394580
  PID User     Command                         Swap      USS      PSS      RSS 
18652 codespace /usr/bin/python3 /usr/bin/s        0    12016    12278    14432 
17221 codespace ./cli kernel images/4096x40        0   393332   393395   394580 
%CPU %MEM ARGS Wed Sep 30 20:01:51 UTC 2026
 0.0  0.0 grep --color=auto ./cli       1  2156
81.0  4.8 ./cli kernel images/4096x40   0 394580
  PID User     Command                         Swap      USS      PSS      RSS 
18658 codespace /usr/bin/python3 /usr/bin/s        0    12020    12308    14468 
17221 codespace ./cli kernel images/4096x40        0   393332   393395   394580 
%CPU %MEM ARGS Wed Sep 30 20:01:51 UTC 2026
 0.0  0.0 grep --color=auto ./cli       0  2156
80.9  4.8 ./cli kernel images/4096x40   1 394580
  PID User     Command                         Swap      USS      PSS      RSS 
18663 codespace /usr/bin/python3 /usr/bin/s        0    12020    12308    14468 
17221 codespace ./cli kernel images/4096x40        0   393332   393395   394580 
%CPU %MEM ARGS Wed Sep 30 20:01:52 UTC 2026
 0.0  0.0 grep --color=auto ./cli       0  2340
80.9  4.8 ./cli kernel images/4096x40   0 394580
  PID User     Command                         Swap      USS      PSS      RSS 
18674 codespace /usr/bin/python3 /usr/bin/s        0    12016    12287    14484 
17221 codespace ./cli kernel images/4096x40        0   393332   393395   394580 
%CPU %MEM ARGS Wed Sep 30 20:01:52 UTC 2026
 0.0  0.0 grep --color=auto ./cli       0  2172
80.7  4.8 ./cli kernel images/4096x40   1 394580
  PID User     Command                         Swap      USS      PSS      RSS 
18692 codespace /usr/bin/python3 /usr/bin/s        0    12024    12293    14500 
17221 codespace ./cli kernel images/4096x40        0   393332   393395   394580 
%CPU %MEM ARGS Wed Sep 30 20:01:53 UTC 2026
 0.0  0.0 grep --color=auto ./cli       0  2288
80.6  4.8 ./cli kernel images/4096x40   1 394580
  PID User     Command                         Swap      USS      PSS      RSS 
18703 codespace /usr/bin/python3 /usr/bin/s        0    12024    12314    14472 
17221 codespace ./cli kernel images/4096x40        0   393332   393395   394580 
%CPU %MEM ARGS Wed Sep 30 20:01:53 UTC 2026
 0.0  0.0 grep --color=auto ./cli       0  2268
80.5  4.8 ./cli kernel images/4096x40   0 394580
  PID User     Command                         Swap      USS      PSS      RSS 
18709 codespace /usr/bin/python3 /usr/bin/s        0    12016    12275    14432 
17221 codespace ./cli kernel images/4096x40        0   393332   393395   394580 
%CPU %MEM ARGS Wed Sep 30 20:01:53 UTC 2026
 0.0  0.0 grep --color=auto ./cli       0  2296
80.4  4.8 ./cli kernel images/4096x40   0 394580
  PID User     Command                         Swap      USS      PSS      RSS 
18720 codespace /usr/bin/python3 /usr/bin/s        0    12016    12275    14432 
17221 codespace ./cli kernel images/4096x40        0   393332   393395   394580 
%CPU %MEM ARGS Wed Sep 30 20:01:54 UTC 2026
 0.0  0.0 grep --color=auto ./cli       0  2156
80.3  4.8 ./cli kernel images/4096x40   0 394580
  PID User     Command                         Swap      USS      PSS      RSS 
18731 codespace /usr/bin/python3 /usr/bin/s        0    12020    12288    14500 
17221 codespace ./cli kernel images/4096x40        0   393332   393395   394580 
%CPU %MEM ARGS Wed Sep 30 20:01:54 UTC 2026
 0.0  0.0 grep --color=auto ./cli       1  2196
80.2  4.8 ./cli kernel images/4096x40   0 394580
  PID User     Command                         Swap      USS      PSS      RSS 
18737 codespace /usr/bin/python3 /usr/bin/s        0    12012    12283    14496 
17221 codespace ./cli kernel images/4096x40        0   393332   393395   394580 
%CPU %MEM ARGS Wed Sep 30 20:01:54 UTC 2026
 0.0  0.0 grep --color=auto ./cli       0  2248
80.2  4.8 ./cli kernel images/4096x40   1 394580
  PID User     Command                         Swap      USS      PSS      RSS 
18742 codespace /usr/bin/python3 /usr/bin/s        0    12032    12332    14488 
17221 codespace ./cli kernel images/4096x40        0   393332   393395   394580 
%CPU %MEM ARGS Wed Sep 30 20:01:55 UTC 2026
 0.0  0.0 grep --color=auto ./cli       0  2160
80.1  4.8 ./cli kernel images/4096x40   0 394580
  PID User     Command                         Swap      USS      PSS      RSS 
18747 codespace /usr/bin/python3 /usr/bin/s        0    12016    12271    14380 
17221 codespace ./cli kernel images/4096x40        0   393332   393395   394580 
%CPU %MEM ARGS Wed Sep 30 20:01:55 UTC 2026
 0.0  0.0 grep --color=auto ./cli       1  2304
80.0  4.8 ./cli kernel images/4096x40   0 394580
  PID User     Command                         Swap      USS      PSS      RSS 
18753 codespace /usr/bin/python3 /usr/bin/s        0    12012    12281    14488 
17221 codespace ./cli kernel images/4096x40        0   393332   393395   394580 
%CPU %MEM ARGS Wed Sep 30 20:01:55 UTC 2026
 0.0  0.0 grep --color=auto ./cli       1  2172
79.9  4.8 ./cli kernel images/4096x40   0 394580
  PID User     Command                         Swap      USS      PSS      RSS 
18758 codespace /usr/bin/python3 /usr/bin/s        0    12020    12281    14436 
17221 codespace ./cli kernel images/4096x40        0   393332   393395   394580 
%CPU %MEM ARGS Wed Sep 30 20:01:56 UTC 2026
 0.0  0.0 grep --color=auto ./cli       1  2180
79.9  4.8 ./cli kernel images/4096x40   0 394580
  PID User     Command                         Swap      USS      PSS      RSS 
18769 codespace /usr/bin/python3 /usr/bin/s        0    12016    12285    14432 
17221 codespace ./cli kernel images/4096x40        0   393332   393395   394580 
%CPU %MEM ARGS Wed Sep 30 20:01:56 UTC 2026
 0.0  0.0 grep --color=auto ./cli       0  2208
79.8  4.8 ./cli kernel images/4096x40   1 394580
  PID User     Command                         Swap      USS      PSS      RSS 
18775 codespace /usr/bin/python3 /usr/bin/s        0    12012    12282    14428 
17221 codespace ./cli kernel images/4096x40        0   393332   393395   394580 
%CPU %MEM ARGS Wed Sep 30 20:01:56 UTC 2026
 0.0  0.0 grep --color=auto ./cli       0  2208
79.8  4.8 ./cli kernel images/4096x40   1 394580
  PID User     Command                         Swap      USS      PSS      RSS 
18780 codespace /usr/bin/python3 /usr/bin/s        0    12024    12313    14472 
17221 codespace ./cli kernel images/4096x40        0   393332   393395   394580 
%CPU %MEM ARGS Wed Sep 30 20:01:57 UTC 2026
 0.0  0.0 grep --color=auto ./cli       1  2304
79.7  4.8 ./cli kernel images/4096x40   0 394580
  PID User     Command                         Swap      USS      PSS      RSS 
18786 codespace /usr/bin/python3 /usr/bin/s        0    12020    12298    14436 
17221 codespace ./cli kernel images/4096x40        0   393332   393395   394580 
%CPU %MEM ARGS Wed Sep 30 20:01:57 UTC 2026
 0.0  0.0 grep --color=auto ./cli       1  2332
79.7  4.8 ./cli kernel images/4096x40   0 394580
  PID User     Command                         Swap      USS      PSS      RSS 
18791 codespace /usr/bin/python3 /usr/bin/s        0    12020    12290    14496 
17221 codespace ./cli kernel images/4096x40        0   393332   393395   394580 
%CPU %MEM ARGS Wed Sep 30 20:01:58 UTC 2026
 0.0  0.0 grep --color=auto ./cli       0  2308
79.7  4.8 ./cli kernel images/4096x40   1 394580
  PID User     Command                         Swap      USS      PSS      RSS 
18796 codespace /usr/bin/python3 /usr/bin/s        0    12016    12306    14524 
17221 codespace ./cli kernel images/4096x40        0   393332   393395   394580 
%CPU %MEM ARGS Wed Sep 30 20:01:58 UTC 2026
 0.0  0.0 grep --color=auto ./cli       1  2324
79.7  4.8 ./cli kernel images/4096x40   0 394580
  PID User     Command                         Swap      USS      PSS      RSS 
18808 codespace /usr/bin/python3 /usr/bin/s        0    12016    12269    14388 
17221 codespace ./cli kernel images/4096x40        0   393332   393395   394580 
%CPU %MEM ARGS Wed Sep 30 20:01:58 UTC 2026
 0.0  0.0 grep --color=auto ./cli       1  2300
79.6  4.8 ./cli kernel images/4096x40   1 394580
  PID User     Command                         Swap      USS      PSS      RSS 
18813 codespace /usr/bin/python3 /usr/bin/s        0    12016    12268    14412 
17221 codespace ./cli kernel images/4096x40        0   393332   393395   394580 
%CPU %MEM ARGS Wed Sep 30 20:01:58 UTC 2026
 0.0  0.0 grep --color=auto ./cli       1  2176
79.6  4.8 ./cli kernel images/4096x40   0 394580
  PID User     Command                         Swap      USS      PSS      RSS 
18818 codespace /usr/bin/python3 /usr/bin/s        0    12016    12275    14432 
17221 codespace ./cli kernel images/4096x40        0   393332   393395   394580 
%CPU %MEM ARGS Wed Sep 30 20:01:59 UTC 2026
 0.0  0.0 grep --color=auto ./cli       0  2340
79.5  4.8 ./cli kernel images/4096x40   1 394580
  PID User     Command                         Swap      USS      PSS      RSS 
18830 codespace /usr/bin/python3 /usr/bin/s        0    12016    12261    14436 
17221 codespace ./cli kernel images/4096x40        0   393332   393392   394580 
%CPU %MEM ARGS Wed Sep 30 20:01:59 UTC 2026
 0.0  0.0 grep --color=auto ./cli       1  2156
79.4  4.8 ./cli kernel images/4096x40   0 394580
  PID User     Command                         Swap      USS      PSS      RSS 
18835 codespace /usr/bin/python3 /usr/bin/s        0    11976    12272    14536 
17221 codespace ./cli kernel images/4096x40        0   393332   393395   394580 
%CPU %MEM ARGS Wed Sep 30 20:02:00 UTC 2026
 0.0  0.0 grep --color=auto ./cli       1  2180
79.4  4.8 ./cli kernel images/4096x40   0 394580
  PID User     Command                         Swap      USS      PSS      RSS 
18840 codespace /usr/bin/python3 /usr/bin/s        0    12060    12351    14568 
17221 codespace ./cli kernel images/4096x40        0   393332   393395   394580 
%CPU %MEM ARGS Wed Sep 30 20:02:00 UTC 2026
 0.0  0.0 grep --color=auto ./cli       0  2184
79.3  4.8 ./cli kernel images/4096x40   0 394580
  PID User     Command                         Swap      USS      PSS      RSS 
18849 codespace /usr/bin/python3 /usr/bin/s        0    12036    12341    14544 
17221 codespace ./cli kernel images/4096x40        0   393332   393395   394580 
%CPU %MEM ARGS Wed Sep 30 20:02:00 UTC 2026
 0.0  0.0 grep --color=auto ./cli       0  2344
79.3  4.8 ./cli kernel images/4096x40   1 394580
  PID User     Command                         Swap      USS      PSS      RSS 
18857 codespace /usr/bin/python3 /usr/bin/s        0    12012    12285    14496 
17221 codespace ./cli kernel images/4096x40        0   393332   393395   394580 
%CPU %MEM ARGS Wed Sep 30 20:02:01 UTC 2026
 0.0  0.0 grep --color=auto ./cli       1  2184
79.2  4.8 ./cli kernel images/4096x40   0 394580
  PID User     Command                         Swap      USS      PSS      RSS 
18862 codespace /usr/bin/python3 /usr/bin/s        0    12016    12288    14468 
17221 codespace ./cli kernel images/4096x40        0   393332   393396   394580 
%CPU %MEM ARGS Wed Sep 30 20:02:01 UTC 2026
 0.0  0.0 grep --color=auto ./cli       1  2192
79.2  4.8 ./cli kernel images/4096x40   0 394580
  PID User     Command                         Swap      USS      PSS      RSS 
18868 codespace /usr/bin/python3 /usr/bin/s        0    12012    12283    14488 
17221 codespace ./cli kernel images/4096x40        0   393332   393395   394580 
%CPU %MEM ARGS Wed Sep 30 20:02:01 UTC 2026
 0.0  0.0 grep --color=auto ./cli       0  2248
79.2  4.8 ./cli kernel images/4096x40   1 394580
  PID User     Command                         Swap      USS      PSS      RSS 
18873 codespace /usr/bin/python3 /usr/bin/s        0    12016    12300    14432 
17221 codespace ./cli kernel images/4096x40        0   393332   393395   394580 
%CPU %MEM ARGS Wed Sep 30 20:02:02 UTC 2026
 0.0  0.0 grep --color=auto ./cli       1  2184
79.2  4.8 ./cli kernel images/4096x40   1 394580
  PID User     Command                         Swap      USS      PSS      RSS 
18878 codespace /usr/bin/python3 /usr/bin/s        0    12024    12310    14472 
17221 codespace ./cli kernel images/4096x40        0   393332   393395   394580 
%CPU %MEM ARGS Wed Sep 30 20:02:02 UTC 2026
 0.0  0.0 grep --color=auto ./cli       1  2252
79.1  4.8 ./cli kernel images/4096x40   0 394580
  PID User     Command                         Swap      USS      PSS      RSS 
18890 codespace /usr/bin/python3 /usr/bin/s        0    12020    12314    14548 
17221 codespace ./cli kernel images/4096x40        0   393332   393395   394580 
%CPU %MEM ARGS Wed Sep 30 20:02:02 UTC 2026
 0.0  0.0 grep --color=auto ./cli       0  2200
78.9  4.8 ./cli kernel images/4096x40   0 394580
  PID User     Command                         Swap      USS      PSS      RSS 
18914 codespace /usr/bin/python3 /usr/bin/s        0    12028    12322    14556 
17221 codespace ./cli kernel images/4096x40        0   393332   393395   394580 
%CPU %MEM ARGS Wed Sep 30 20:02:03 UTC 2026
 0.0  0.0 grep --color=auto ./cli       1  2208
78.9  4.8 ./cli kernel images/4096x40   0 394580
  PID User     Command                         Swap      USS      PSS      RSS 
18920 codespace /usr/bin/python3 /usr/bin/s        0    12020    12290    14496 
17221 codespace ./cli kernel images/4096x40        0   393332   393395   394580 
%CPU %MEM ARGS Wed Sep 30 20:02:03 UTC 2026
 0.0  0.0 grep --color=auto ./cli       0  2180
78.8  4.8 ./cli kernel images/4096x40   1 394580
  PID User     Command                         Swap      USS      PSS      RSS 
18925 codespace /usr/bin/python3 /usr/bin/s        0    12012    12270    14428 
17221 codespace ./cli kernel images/4096x40        0   393332   393395   394580 
%CPU %MEM ARGS Wed Sep 30 20:02:04 UTC 2026
 0.0  0.0 grep --color=auto ./cli       0  2300
78.8  4.8 ./cli kernel images/4096x40   1 394580
  PID User     Command                         Swap      USS      PSS      RSS 
18930 codespace /usr/bin/python3 /usr/bin/s        0    12016    12282    14496 
17221 codespace ./cli kernel images/4096x40        0   393332   393395   394580 
%CPU %MEM ARGS Wed Sep 30 20:02:04 UTC 2026
 0.0  0.0 grep --color=auto ./cli       1  2160
78.8  4.8 ./cli kernel images/4096x40   1 394580
  PID User     Command                         Swap      USS      PSS      RSS 
18936 codespace /usr/bin/python3 /usr/bin/s        0    11964    12234    14440 
17221 codespace ./cli kernel images/4096x40        0   393332   393395   394580 
%CPU %MEM ARGS Wed Sep 30 20:02:05 UTC 2026
 0.0  0.0 grep --color=auto ./cli       1  2212
78.7  4.8 ./cli kernel images/4096x40   0 394580
  PID User     Command                         Swap      USS      PSS      RSS 
18954 codespace /usr/bin/python3 /usr/bin/s        0    12016    12279    14432 
17221 codespace ./cli kernel images/4096x40        0   393332   393395   394580 
%CPU %MEM ARGS Wed Sep 30 20:02:05 UTC 2026
 0.0  0.0 grep --color=auto ./cli       1  2176
78.6  4.8 ./cli kernel images/4096x40   1 394580
  PID User     Command                         Swap      USS      PSS      RSS 
18960 codespace /usr/bin/python3 /usr/bin/s        0    12016    12293    14468 
17221 codespace ./cli kernel images/4096x40        0   393332   393396   394580 
%CPU %MEM ARGS Wed Sep 30 20:02:05 UTC 2026
 0.0  0.0 grep --color=auto ./cli       1  2168
78.6  4.8 ./cli kernel images/4096x40   0 394580
  PID User     Command                         Swap      USS      PSS      RSS 
18965 codespace /usr/bin/python3 /usr/bin/s        0    12012    12285    14488 
17221 codespace ./cli kernel images/4096x40        0   393332   393395   394580 
%CPU %MEM ARGS Wed Sep 30 20:02:06 UTC 2026
 0.0  0.0 grep --color=auto ./cli       0  2288
78.5  4.8 ./cli kernel images/4096x40   1 394580
  PID User     Command                         Swap      USS      PSS      RSS 
18970 codespace /usr/bin/python3 /usr/bin/s        0    12016    12277    14432 
17221 codespace ./cli kernel images/4096x40        0   393332   393395   394580 
%CPU %MEM ARGS Wed Sep 30 20:02:06 UTC 2026
 0.0  0.0 grep --color=auto ./cli       1  2204
78.5  4.8 ./cli kernel images/4096x40   0 394580
  PID User     Command                         Swap      USS      PSS      RSS 
18976 codespace /usr/bin/python3 /usr/bin/s        0    12028    12318    14476 
17221 codespace ./cli kernel images/4096x40        0   393332   393395   394580 
%CPU %MEM ARGS Wed Sep 30 20:02:06 UTC 2026
 0.0  0.0 grep --color=auto ./cli       1  2192
78.5  4.8 ./cli kernel images/4096x40   0 394580
  PID User     Command                         Swap      USS      PSS      RSS 
18987 codespace /usr/bin/python3 /usr/bin/s        0    12020    12294    14420 
17221 codespace ./cli kernel images/4096x40        0   393332   393395   394580 
%CPU %MEM ARGS Wed Sep 30 20:02:07 UTC 2026
 0.0  0.0 grep --color=auto ./cli       1  2184
78.5  4.8 ./cli kernel images/4096x40   0 394580
  PID User     Command                         Swap      USS      PSS      RSS 
18992 codespace /usr/bin/python3 /usr/bin/s        0    12020    12291    14488 
17221 codespace ./cli kernel images/4096x40        0   393332   393395   394580 
%CPU %MEM ARGS Wed Sep 30 20:02:07 UTC 2026
 0.0  0.0 grep --color=auto ./cli       0  2168
78.4  4.8 ./cli kernel images/4096x40   1 394580
  PID User     Command                         Swap      USS      PSS      RSS 
18998 codespace /usr/bin/python3 /usr/bin/s        0    12012    12283    14468 
17221 codespace ./cli kernel images/4096x40        0   393332   393395   394580 
%CPU %MEM ARGS Wed Sep 30 20:02:07 UTC 2026
 0.0  0.0 grep --color=auto ./cli       1  2340
78.4  4.8 ./cli kernel images/4096x40   1 394580
  PID User     Command                         Swap      USS      PSS      RSS 
19003 codespace /usr/bin/python3 /usr/bin/s        0    12016    12310    14576 
17221 codespace ./cli kernel images/4096x40        0   393332   393395   394580 
%CPU %MEM ARGS Wed Sep 30 20:02:08 UTC 2026
 0.0  0.0 grep --color=auto ./cli       1  2196
78.4  4.8 ./cli kernel images/4096x40   0 394580
  PID User     Command                         Swap      USS      PSS      RSS 
19008 codespace /usr/bin/python3 /usr/bin/s        0    12036    12335    14544 
17221 codespace ./cli kernel images/4096x40        0   393332   393395   394580 
%CPU %MEM ARGS Wed Sep 30 20:02:08 UTC 2026
 0.0  0.0 grep --color=auto ./cli       1  2248
78.4  4.8 ./cli kernel images/4096x40   0 394580
  PID User     Command                         Swap      USS      PSS      RSS 
19014 codespace /usr/bin/python3 /usr/bin/s        0    12012    12268    14460 
17221 codespace ./cli kernel images/4096x40        0   393332   393395   394580 
%CPU %MEM ARGS Wed Sep 30 20:02:08 UTC 2026
 0.0  0.0 grep --color=auto ./cli       0  2304
78.3  4.8 ./cli kernel images/4096x40   1 394580
  PID User     Command                         Swap      USS      PSS      RSS 
19025 codespace /usr/bin/python3 /usr/bin/s        0    12020    12308    14468 
17221 codespace ./cli kernel images/4096x40        0   393332   393395   394580 
%CPU %MEM ARGS Wed Sep 30 20:02:09 UTC 2026
 0.0  0.0 grep --color=auto ./cli       1  2156
78.3  4.8 ./cli kernel images/4096x40   1 394580
  PID User     Command                         Swap      USS      PSS      RSS 
19031 codespace /usr/bin/python3 /usr/bin/s        0    12012    12274    14428 
17221 codespace ./cli kernel images/4096x40        0   393332   393395   394580 
%CPU %MEM ARGS Wed Sep 30 20:02:09 UTC 2026
 0.0  0.0 grep --color=auto ./cli       1  2308
78.2  4.8 ./cli kernel images/4096x40   0 394580
  PID User     Command                         Swap      USS      PSS      RSS 
19036 codespace /usr/bin/python3 /usr/bin/s        0    12032    12337    14540 
17221 codespace ./cli kernel images/4096x40        0   393332   393395   394580 
%CPU %MEM ARGS Wed Sep 30 20:02:10 UTC 2026
 0.0  0.0 grep --color=auto ./cli       1  2340
78.2  4.8 ./cli kernel images/4096x40   0 394580
  PID User     Command                         Swap      USS      PSS      RSS 
19041 codespace /usr/bin/python3 /usr/bin/s        0    12016    12277    14432 
17221 codespace ./cli kernel images/4096x40        0   393332   393395   394580 
%CPU %MEM ARGS Wed Sep 30 20:02:10 UTC 2026
 0.0  0.0 grep --color=auto ./cli       0  2288
78.2  4.8 ./cli kernel images/4096x40   1 394580
  PID User     Command                         Swap      USS      PSS      RSS 
19053 codespace /usr/bin/python3 /usr/bin/s        0    12004    12264    14420 
17221 codespace ./cli kernel images/4096x40        0   393332   393395   394580 
%CPU %MEM ARGS Wed Sep 30 20:02:10 UTC 2026
 0.0  0.0 grep --color=auto ./cli       1  2344
78.1  4.8 ./cli kernel images/4096x40   0 394580
  PID User     Command                         Swap      USS      PSS      RSS 
19058 codespace /usr/bin/python3 /usr/bin/s        0    12016    12276    14432 
17221 codespace ./cli kernel images/4096x40        0   393332   393395   394580 
%CPU %MEM ARGS Wed Sep 30 20:02:11 UTC 2026
 0.0  0.0 grep --color=auto ./cli       1  2196
78.0  4.8 ./cli kernel images/4096x40   1 394580
  PID User     Command                         Swap      USS      PSS      RSS 
19069 codespace /usr/bin/python3 /usr/bin/s        0    12004    12292    14512 
17221 codespace ./cli kernel images/4096x40        0   393332   393396   394580 
%CPU %MEM ARGS Wed Sep 30 20:02:11 UTC 2026
 0.0  0.0 grep --color=auto ./cli       0  2180
78.0  4.8 ./cli kernel images/4096x40   1 394580
  PID User     Command                         Swap      USS      PSS      RSS 
19075 codespace /usr/bin/python3 /usr/bin/s        0    12012    12303    14544 
17221 codespace ./cli kernel images/4096x40        0   393332   393395   394580 
%CPU %MEM ARGS Wed Sep 30 20:02:12 UTC 2026
 0.0  0.0 grep --color=auto ./cli       0  2292
77.9  4.8 ./cli kernel images/4096x40   0 394580
  PID User     Command                         Swap      USS      PSS      RSS 
19080 codespace /usr/bin/python3 /usr/bin/s        0    12016    12287    14492 
17221 codespace ./cli kernel images/4096x40        0   393332   393395   394580 
%CPU %MEM ARGS Wed Sep 30 20:02:12 UTC 2026
 0.0  0.0 grep --color=auto ./cli       0  2340
77.9  4.8 ./cli kernel images/4096x40   1 394580
  PID User     Command                         Swap      USS      PSS      RSS 
19086 codespace /usr/bin/python3 /usr/bin/s        0    12016    12308    14524 
17221 codespace ./cli kernel images/4096x40        0   393332   393395   394580 
%CPU %MEM ARGS Wed Sep 30 20:02:12 UTC 2026
 0.0  0.0 grep --color=auto ./cli       0  2340
77.7  4.8 ./cli kernel images/4096x40   1 394580
  PID User     Command                         Swap      USS      PSS      RSS 
19091 codespace /usr/bin/python3 /usr/bin/s        0    12016    12276    14432 
17221 codespace ./cli kernel images/4096x40        0   393332   393395   394580 
%CPU %MEM ARGS Wed Sep 30 20:02:13 UTC 2026
 0.0  0.0 grep --color=auto ./cli       0  2252
77.6  4.8 ./cli kernel images/4096x40   1 394580
  PID User     Command                         Swap      USS      PSS      RSS 
19114 codespace /usr/bin/python3 /usr/bin/s        0    12020    12280    14436 
17221 codespace ./cli kernel images/4096x40        0   393332   393395   394580 
%CPU %MEM ARGS Wed Sep 30 20:02:13 UTC 2026
 0.0  0.0 grep --color=auto ./cli       0  2212
77.6  4.8 ./cli kernel images/4096x40   1 394580
  PID User     Command                         Swap      USS      PSS      RSS 
19126 codespace /usr/bin/python3 /usr/bin/s        0    12016    12307    14524 
17221 codespace ./cli kernel images/4096x40        0   393332   393396   394580 
%CPU %MEM ARGS Wed Sep 30 20:02:13 UTC 2026
 0.0  0.0 grep --color=auto ./cli       0  2304
77.6  4.8 ./cli kernel images/4096x40   0 394580
  PID User     Command                         Swap      USS      PSS      RSS 
19131 codespace /usr/bin/python3 /usr/bin/s        0    12032    12337    14540 
17221 codespace ./cli kernel images/4096x40        0   393332   393395   394580 
%CPU %MEM ARGS Wed Sep 30 20:02:14 UTC 2026
 0.0  0.0 grep --color=auto ./cli       1  2160
77.5  4.8 ./cli kernel images/4096x40   1 394580
  PID User     Command                         Swap      USS      PSS      RSS 
19136 codespace /usr/bin/python3 /usr/bin/s        0    12020    12289    14492 
17221 codespace ./cli kernel images/4096x40        0   393332   393395   394580 
%CPU %MEM ARGS Wed Sep 30 20:02:14 UTC 2026
 0.0  0.0 grep --color=auto ./cli       1  2180
77.5  4.8 ./cli kernel images/4096x40   0 394580
  PID User     Command                         Swap      USS      PSS      RSS 
19142 codespace /usr/bin/python3 /usr/bin/s        0    12016    12279    14432 
17221 codespace ./cli kernel images/4096x40        0   393332   393395   394580 
%CPU %MEM ARGS Wed Sep 30 20:02:15 UTC 2026
 0.0  0.0 grep --color=auto ./cli       1  2208
77.5  4.8 ./cli kernel images/4096x40   0 394580
  PID User     Command                         Swap      USS      PSS      RSS 
19147 codespace /usr/bin/python3 /usr/bin/s        0    12036    12299    14544 
17221 codespace ./cli kernel images/4096x40        0   393332   393390   394580 
%CPU %MEM ARGS Wed Sep 30 20:02:15 UTC 2026
 0.0  0.0 grep --color=auto ./cli       0  2168
77.4  4.8 ./cli kernel images/4096x40   1 394580
  PID User     Command                         Swap      USS      PSS      RSS 
19159 codespace /usr/bin/python3 /usr/bin/s        0    12016    12292    14484 
17221 codespace ./cli kernel images/4096x40        0   393332   393395   394580 
%CPU %MEM ARGS Wed Sep 30 20:02:15 UTC 2026
 0.0  0.0 grep --color=auto ./cli       1  2308
77.4  4.8 ./cli kernel images/4096x40   0 394580
  PID User     Command                         Swap      USS      PSS      RSS 
19164 codespace /usr/bin/python3 /usr/bin/s        0    12012    12279    14576 
17221 codespace ./cli kernel images/4096x40        0   393332   393392   394580 
%CPU %MEM ARGS Wed Sep 30 20:02:16 UTC 2026
 0.0  0.0 grep --color=auto ./cli       0  2252
77.3  4.8 ./cli kernel images/4096x40   1 394580
  PID User     Command                         Swap      USS      PSS      RSS 
19175 codespace /usr/bin/python3 /usr/bin/s        0    12040    12344    14548 
17221 codespace ./cli kernel images/4096x40        0   393332   393395   394580 
%CPU %MEM ARGS Wed Sep 30 20:02:16 UTC 2026
 0.0  0.0 grep --color=auto ./cli       1  2296
77.3  4.8 ./cli kernel images/4096x40   0 394580
  PID User     Command                         Swap      USS      PSS      RSS 
19181 codespace /usr/bin/python3 /usr/bin/s        0    12016    12278    14420 
17221 codespace ./cli kernel images/4096x40        0   393332   393395   394580 
%CPU %MEM ARGS Wed Sep 30 20:02:16 UTC 2026
 0.0  0.0 grep --color=auto ./cli       1  2192
77.3  4.8 ./cli kernel images/4096x40   0 394580
  PID User     Command                         Swap      USS      PSS      RSS 
19186 codespace /usr/bin/python3 /usr/bin/s        0    12024    12305    14472 
17221 codespace ./cli kernel images/4096x40        0   393332   393395   394580 
%CPU %MEM ARGS Wed Sep 30 20:02:17 UTC 2026
 0.0  0.0 grep --color=auto ./cli       0  2204
77.2  4.8 ./cli kernel images/4096x40   0 394580
  PID User     Command                         Swap      USS      PSS      RSS 
19192 codespace /usr/bin/python3 /usr/bin/s        0    12016    12269    14384 
17221 codespace ./cli kernel images/4096x40        0   393332   393395   394580 
%CPU %MEM ARGS Wed Sep 30 20:02:17 UTC 2026
 0.0  0.0 grep --color=auto ./cli       0  2180
77.2  4.8 ./cli kernel images/4096x40   1 394580
  PID User     Command                         Swap      USS      PSS      RSS 
19203 codespace /usr/bin/python3 /usr/bin/s        0    12016    12273    14432 
17221 codespace ./cli kernel images/4096x40        0   393332   393395   394580 
%CPU %MEM ARGS Wed Sep 30 20:02:18 UTC 2026
 0.0  0.0 grep --color=auto ./cli       1  2176
77.2  4.8 ./cli kernel images/4096x40   0 394580
  PID User     Command                         Swap      USS      PSS      RSS 
19208 codespace /usr/bin/python3 /usr/bin/s        0    12008    12265    14424 
17221 codespace ./cli kernel images/4096x40        0   393332   393395   394580 
%CPU %MEM ARGS Wed Sep 30 20:02:18 UTC 2026
 0.0  0.0 grep --color=auto ./cli       0  2344
77.2  4.8 ./cli kernel images/4096x40   1 394580
  PID User     Command                         Swap      USS      PSS      RSS 
19214 codespace /usr/bin/python3 /usr/bin/s        0    12016    12312    14576 
17221 codespace ./cli kernel images/4096x40        0   393332   393395   394580 
%CPU %MEM ARGS Wed Sep 30 20:02:18 UTC 2026
 0.0  0.0 grep --color=auto ./cli       1  2208
77.2  4.8 ./cli kernel images/4096x40   0 394580
  PID User     Command                         Swap      USS      PSS      RSS 
19219 codespace /usr/bin/python3 /usr/bin/s        0    12020    12314    14548 
17221 codespace ./cli kernel images/4096x40        0   393332   393395   394580 
%CPU %MEM ARGS Wed Sep 30 20:02:19 UTC 2026
 0.0  0.0 grep --color=auto ./cli       0  2304
77.1  4.8 ./cli kernel images/4096x40   1 394580
  PID User     Command                         Swap      USS      PSS      RSS 
19224 codespace /usr/bin/python3 /usr/bin/s        0    12016    12308    14524 
17221 codespace ./cli kernel images/4096x40        0   393332   393395   394580 
%CPU %MEM ARGS Wed Sep 30 20:02:19 UTC 2026
 0.0  0.0 grep --color=auto ./cli       0  2304
77.1  4.8 ./cli kernel images/4096x40   1 394580
  PID User     Command                         Swap      USS      PSS      RSS 
19230 codespace /usr/bin/python3 /usr/bin/s        0    12016    12276    14440 
17221 codespace ./cli kernel images/4096x40        0   393332   393395   394580 
%CPU %MEM ARGS Wed Sep 30 20:02:19 UTC 2026
 0.0  0.0 grep --color=auto ./cli       0  2192
77.1  4.8 ./cli kernel images/4096x40   1 394580
  PID User     Command                         Swap      USS      PSS      RSS 
19241 codespace /usr/bin/python3 /usr/bin/s        0    12008    12302    14536 
17221 codespace ./cli kernel images/4096x40        0   393332   393395   394580 
%CPU %MEM ARGS Wed Sep 30 20:02:20 UTC 2026
 0.0  0.0 grep --color=auto ./cli       0  2252
77.1  4.8 ./cli kernel images/4096x40   0 394580
  PID User     Command                         Swap      USS      PSS      RSS 
19246 codespace /usr/bin/python3 /usr/bin/s        0    12020    12282    14436 
17221 codespace ./cli kernel images/4096x40        0   393332   393395   394580 
%CPU %MEM ARGS Wed Sep 30 20:02:20 UTC 2026
 0.0  0.0 grep --color=auto ./cli       1  2252
77.1  4.8 ./cli kernel images/4096x40   1 394580
  PID User     Command                         Swap      USS      PSS      RSS 
19252 codespace /usr/bin/python3 /usr/bin/s        0    12016    12281    14496 
17221 codespace ./cli kernel images/4096x40        0   393332   393395   394580 
%CPU %MEM ARGS Wed Sep 30 20:02:20 UTC 2026
 0.0  0.0 grep --color=auto ./cli       1  2196
77.0  4.8 ./cli kernel images/4096x40   1 394580
  PID User     Command                         Swap      USS      PSS      RSS 
19257 codespace /usr/bin/python3 /usr/bin/s        0    12020    12305    14468 
17221 codespace ./cli kernel images/4096x40        0   393332   393395   394580 
%CPU %MEM ARGS Wed Sep 30 20:02:21 UTC 2026
 0.0  0.0 grep --color=auto ./cli       1  2308
77.0  4.8 ./cli kernel images/4096x40   0 394580
  PID User     Command                         Swap      USS      PSS      RSS 
19262 codespace /usr/bin/python3 /usr/bin/s        0    12016    12282    14496 
17221 codespace ./cli kernel images/4096x40        0   393332   393395   394580 
%CPU %MEM ARGS Wed Sep 30 20:02:21 UTC 2026
 0.0  0.0 grep --color=auto ./cli       1  2244
77.0  4.8 ./cli kernel images/4096x40   0 394580
  PID User     Command                         Swap      USS      PSS      RSS 
19280 codespace /usr/bin/python3 /usr/bin/s        0    12016    12304    14524 
17221 codespace ./cli kernel images/4096x40        0   393332   393395   394580 
%CPU %MEM ARGS Wed Sep 30 20:02:22 UTC 2026
 0.0  0.0 grep --color=auto ./cli       1  2292
76.9  4.8 ./cli kernel images/4096x40   0 394580
  PID User     Command                         Swap      USS      PSS      RSS 
19285 codespace /usr/bin/python3 /usr/bin/s        0    12012    12278    14428 
17221 codespace ./cli kernel images/4096x40        0   393332   393395   394580 
%CPU %MEM ARGS Wed Sep 30 20:02:22 UTC 2026
 0.0  0.0 grep --color=auto ./cli       0  2156
76.9  4.8 ./cli kernel images/4096x40   1 394580
  PID User     Command                         Swap      USS      PSS      RSS 
19291 codespace /usr/bin/python3 /usr/bin/s        0    12016    12277    14432 
17221 codespace ./cli kernel images/4096x40        0   393332   393395   394580 
%CPU %MEM ARGS Wed Sep 30 20:02:22 UTC 2026
 0.0  0.0 grep --color=auto ./cli       1  2296
76.9  4.8 ./cli kernel images/4096x40   0 394580
  PID User     Command                         Swap      USS      PSS      RSS 
19296 codespace /usr/bin/python3 /usr/bin/s        0    12016    12275    14432 
17221 codespace ./cli kernel images/4096x40        0   393332   393395   394580 
%CPU %MEM ARGS Wed Sep 30 20:02:23 UTC 2026
 0.0  0.0 grep --color=auto ./cli       0  2300
76.8  4.8 ./cli kernel images/4096x40   0 394580
  PID User     Command                         Swap      USS      PSS      RSS 
19301 codespace /usr/bin/python3 /usr/bin/s        0    12024    12305    14472 
17221 codespace ./cli kernel images/4096x40        0   393332   393395   394580 
%CPU %MEM ARGS Wed Sep 30 20:02:23 UTC 2026
 0.0  0.0 grep --color=auto ./cli       1  2156
76.7  4.8 ./cli kernel images/4096x40   1 394580
  PID User     Command                         Swap      USS      PSS      RSS 
19325 codespace /usr/bin/python3 /usr/bin/s        0    12020    12257    14472 
17221 codespace ./cli kernel images/4096x40        0   393332   393386   394580 
%CPU %MEM ARGS Wed Sep 30 20:02:24 UTC 2026
 0.0  0.0 grep --color=auto ./cli       0  2300
76.7  4.8 ./cli kernel images/4096x40   1 394580
  PID User     Command                         Swap      USS      PSS      RSS 
19336 codespace /usr/bin/python3 /usr/bin/s        0    11984    12261    14436 
17221 codespace ./cli kernel images/4096x40        0   393332   393396   394580 
%CPU %MEM ARGS Wed Sep 30 20:02:24 UTC 2026
 0.0  0.0 grep --color=auto ./cli       0  2212
76.7  4.8 ./cli kernel images/4096x40   1 394580
  PID User     Command                         Swap      USS      PSS      RSS 
19341 codespace /usr/bin/python3 /usr/bin/s        0    12016    12278    14432 
17221 codespace ./cli kernel images/4096x40        0   393332   393395   394580 
%CPU %MEM ARGS Wed Sep 30 20:02:24 UTC 2026
 0.0  0.0 grep --color=auto ./cli       1  2340
76.7  4.8 ./cli kernel images/4096x40   0 394580
  PID User     Command                         Swap      USS      PSS      RSS 
19347 codespace /usr/bin/python3 /usr/bin/s        0    12020    12294    14420 
17221 codespace ./cli kernel images/4096x40        0   393332   393395   394580 
%CPU %MEM ARGS Wed Sep 30 20:02:24 UTC 2026
 0.0  0.0 grep --color=auto ./cli       0  2252
76.6  4.8 ./cli kernel images/4096x40   1 394580
  PID User     Command                         Swap      USS      PSS      RSS 
19352 codespace /usr/bin/python3 /usr/bin/s        0    12016    12284    14432 
17221 codespace ./cli kernel images/4096x40        0   393332   393395   394580 
%CPU %MEM ARGS Wed Sep 30 20:02:25 UTC 2026
 0.0  0.0 grep --color=auto ./cli       0  2208
76.7  4.8 ./cli kernel images/4096x40   1 394580
  PID User     Command                         Swap      USS      PSS      RSS 
19357 codespace /usr/bin/python3 /usr/bin/s        0    11984    12243    14400 
17221 codespace ./cli kernel images/4096x40        0   393332   393395   394580 
%CPU %MEM ARGS Wed Sep 30 20:02:25 UTC 2026
 0.0  0.0 grep --color=auto ./cli       1  2204
76.6  4.8 ./cli kernel images/4096x40   0 394580
  PID User     Command                         Swap      USS      PSS      RSS 
19363 codespace /usr/bin/python3 /usr/bin/s        0    12020    12282    14436 
17221 codespace ./cli kernel images/4096x40        0   393332   393395   394580 
%CPU %MEM ARGS Wed Sep 30 20:02:26 UTC 2026
 0.0  0.0 grep --color=auto ./cli       1  2184
76.6  4.8 ./cli kernel images/4096x40   0 394580
  PID User     Command                         Swap      USS      PSS      RSS 
19374 codespace /usr/bin/python3 /usr/bin/s        0    12020    12301    14468 
17221 codespace ./cli kernel images/4096x40        0   393332   393395   394580 
%CPU %MEM ARGS Wed Sep 30 20:02:26 UTC 2026
 0.0  0.0 grep --color=auto ./cli       0  2160
76.6  4.8 ./cli kernel images/4096x40   1 394580
  PID User     Command                         Swap      USS      PSS      RSS 
19379 codespace /usr/bin/python3 /usr/bin/s        0    12024    12323    14532 
17221 codespace ./cli kernel images/4096x40        0   393332   393395   394580 
%CPU %MEM ARGS Wed Sep 30 20:02:26 UTC 2026
 0.0  0.0 grep --color=auto ./cli       1  2344
76.6  4.8 ./cli kernel images/4096x40   0 394580
  PID User     Command                         Swap      USS      PSS      RSS 
19385 codespace /usr/bin/python3 /usr/bin/s        0    12012    12275    14428 
17221 codespace ./cli kernel images/4096x40        0   393332   393395   394580 
%CPU %MEM ARGS Wed Sep 30 20:02:27 UTC 2026
 0.0  0.0 grep --color=auto ./cli       0  2172
76.6  4.8 ./cli kernel images/4096x40   1 394580
  PID User     Command                         Swap      USS      PSS      RSS 
19390 codespace /usr/bin/python3 /usr/bin/s        0    12012    12253    14484 
17221 codespace ./cli kernel images/4096x40        0   393332   393392   394580 
%CPU %MEM ARGS Wed Sep 30 20:02:27 UTC 2026
 0.0  0.0 grep --color=auto ./cli       0  2252
76.5  4.8 ./cli kernel images/4096x40   1 394580
  PID User     Command                         Swap      USS      PSS      RSS 
19402 codespace /usr/bin/python3 /usr/bin/s        0    12020    12288    14504 
17221 codespace ./cli kernel images/4096x40        0   393332   393395   394580 
%CPU %MEM ARGS Wed Sep 30 20:02:27 UTC 2026
 0.0  0.0 grep --color=auto ./cli       1  2308
76.5  4.8 ./cli kernel images/4096x40   0 394580
  PID User     Command                         Swap      USS      PSS      RSS 
19407 codespace /usr/bin/python3 /usr/bin/s        0    12024    12287    14472 
17221 codespace ./cli kernel images/4096x40        0   393332   393386   394580 
%CPU %MEM ARGS Wed Sep 30 20:02:28 UTC 2026
 0.0  0.0 grep --color=auto ./cli       1  2180
76.4  4.8 ./cli kernel images/4096x40   0 394580
  PID User     Command                         Swap      USS      PSS      RSS 
19418 codespace /usr/bin/python3 /usr/bin/s        0    12024    12309    14468 
17221 codespace ./cli kernel images/4096x40        0   393332   393395   394580 
%CPU %MEM ARGS Wed Sep 30 20:02:28 UTC 2026
 0.0  0.0 grep --color=auto ./cli       1  2308
76.4  4.8 ./cli kernel images/4096x40   1 394580
  PID User     Command                         Swap      USS      PSS      RSS 
19424 codespace /usr/bin/python3 /usr/bin/s        0    12016    12275    14432 
17221 codespace ./cli kernel images/4096x40        0   393332   393395   394580 
%CPU %MEM ARGS Wed Sep 30 20:02:28 UTC 2026
 0.0  0.0 grep --color=auto ./cli       0  2168
76.4  4.8 ./cli kernel images/4096x40   1 394580
  PID User     Command                         Swap      USS      PSS      RSS 
19429 codespace /usr/bin/python3 /usr/bin/s        0    12016    12282    14488 
17221 codespace ./cli kernel images/4096x40        0   393332   393395   394580 
%CPU %MEM ARGS Wed Sep 30 20:02:29 UTC 2026
 0.0  0.0 grep --color=auto ./cli       1  2176
76.4  4.8 ./cli kernel images/4096x40   0 394580
  PID User     Command                         Swap      USS      PSS      RSS 
19434 codespace /usr/bin/python3 /usr/bin/s        0    12012    12283    14496 
17221 codespace ./cli kernel images/4096x40        0   393332   393395   394580 
%CPU %MEM ARGS Wed Sep 30 20:02:29 UTC 2026
 0.0  0.0 grep --color=auto ./cli       1  2300
76.4  4.8 ./cli kernel images/4096x40   0 394580
  PID User     Command                         Swap      USS      PSS      RSS 
19440 codespace /usr/bin/python3 /usr/bin/s        0    12016    12288    14492 
17221 codespace ./cli kernel images/4096x40        0   393332   393395   394580 
%CPU %MEM ARGS Wed Sep 30 20:02:30 UTC 2026
 0.0  0.0 grep --color=auto ./cli       0  2180
76.4  4.8 ./cli kernel images/4096x40   0 394580
  PID User     Command                         Swap      USS      PSS      RSS 
19445 codespace /usr/bin/python3 /usr/bin/s        0    12020    12286    14420 
17221 codespace ./cli kernel images/4096x40        0   393332   393395   394580 
%CPU %MEM ARGS Wed Sep 30 20:02:30 UTC 2026
 0.0  0.0 grep --color=auto ./cli       0  2184
76.3  4.8 ./cli kernel images/4096x40   1 394580
  PID User     Command                         Swap      USS      PSS      RSS 
19456 codespace /usr/bin/python3 /usr/bin/s        0    11984    12270    14492 
17221 codespace ./cli kernel images/4096x40        0   393332   393395   394580 
%CPU %MEM ARGS Wed Sep 30 20:02:30 UTC 2026
 0.0  0.0 grep --color=auto ./cli       0  2176
76.3  4.8 ./cli kernel images/4096x40   0 394580
  PID User     Command                         Swap      USS      PSS      RSS 
19462 codespace /usr/bin/python3 /usr/bin/s        0    12016    12284    14432 
17221 codespace ./cli kernel images/4096x40        0   393332   393395   394580 
%CPU %MEM ARGS Wed Sep 30 20:02:31 UTC 2026
 0.0  0.0 grep --color=auto ./cli       1  2308
76.3  4.8 ./cli kernel images/4096x40   1 394580
  PID User     Command                         Swap      USS      PSS      RSS 
19467 codespace /usr/bin/python3 /usr/bin/s        0    12016    12278    14432 
17221 codespace ./cli kernel images/4096x40        0   393332   393395   394580 
%CPU %MEM ARGS Wed Sep 30 20:02:31 UTC 2026
 0.0  0.0 grep --color=auto ./cli       1  2292
76.3  4.8 ./cli kernel images/4096x40   0 394580
  PID User     Command                         Swap      USS      PSS      RSS 
19473 codespace /usr/bin/python3 /usr/bin/s        0    12020    12309    14468 
17221 codespace ./cli kernel images/4096x40        0   393332   393395   394580 
%CPU %MEM ARGS Wed Sep 30 20:02:32 UTC 2026
 0.0  0.0 grep --color=auto ./cli       1  2204
76.3  4.8 ./cli kernel images/4096x40   0 394580
  PID User     Command                         Swap      USS      PSS      RSS 
19478 codespace /usr/bin/python3 /usr/bin/s        0    12016    12286    14492 
17221 codespace ./cli kernel images/4096x40        0   393332   393395   394580 
%CPU %MEM ARGS Wed Sep 30 20:02:32 UTC 2026
 0.0  0.0 grep --color=auto ./cli       0  2284
76.3  4.8 ./cli kernel images/4096x40   1 394580
  PID User     Command                         Swap      USS      PSS      RSS 
19489 codespace /usr/bin/python3 /usr/bin/s        0    12016    12287    14468 
17221 codespace ./cli kernel images/4096x40        0   393332   393395   394580 
%CPU %MEM ARGS Wed Sep 30 20:02:32 UTC 2026
 0.0  0.0 grep --color=auto ./cli       1  2248
76.2  4.8 ./cli kernel images/4096x40   0 394580
  PID User     Command                         Swap      USS      PSS      RSS 
19500 codespace /usr/bin/python3 /usr/bin/s        0    12016    12286    14484 
17221 codespace ./cli kernel images/4096x40        0   393332   393395   394580 
%CPU %MEM ARGS Wed Sep 30 20:02:33 UTC 2026
 0.0  0.0 grep --color=auto ./cli       1  2156
76.1  4.8 ./cli kernel images/4096x40   0 394580
  PID User     Command                         Swap      USS      PSS      RSS 
19505 codespace /usr/bin/python3 /usr/bin/s        0    12028    12322    14588 
17221 codespace ./cli kernel images/4096x40        0   393332   393395   394580 
%CPU %MEM ARGS Wed Sep 30 20:02:33 UTC 2026
 0.0  0.0 grep --color=auto ./cli       1  2276
76.1  4.8 ./cli kernel images/4096x40   0 394580
  PID User     Command                         Swap      USS      PSS      RSS 
19511 codespace /usr/bin/python3 /usr/bin/s        0    12016    12285    14496 
17221 codespace ./cli kernel images/4096x40        0   393332   393395   394580 
%CPU %MEM ARGS Wed Sep 30 20:02:34 UTC 2026
 0.0  0.0 grep --color=auto ./cli       0  2196
76.0  4.8 ./cli kernel images/4096x40   0 394580
  PID User     Command                         Swap      USS      PSS      RSS 
19534 codespace /usr/bin/python3 /usr/bin/s        0    12012    12279    14504 
17221 codespace ./cli kernel images/4096x40        0   393332   393395   394580 
%CPU %MEM ARGS Wed Sep 30 20:02:34 UTC 2026
 0.0  0.0 grep --color=auto ./cli       0  2208
75.9  4.8 ./cli kernel images/4096x40   1 394580
  PID User     Command                         Swap      USS      PSS      RSS 
19546 codespace /usr/bin/python3 /usr/bin/s        0    12016    12277    14432 
17221 codespace ./cli kernel images/4096x40        0   393332   393395   394580 
%CPU %MEM ARGS Wed Sep 30 20:02:35 UTC 2026
 0.0  0.0 grep --color=auto ./cli       0  2184
75.9  4.8 ./cli kernel images/4096x40   1 394580
  PID User     Command                         Swap      USS      PSS      RSS 
19551 codespace /usr/bin/python3 /usr/bin/s        0    12016    12268    14380 
17221 codespace ./cli kernel images/4096x40        0   393332   393395   394580 
%CPU %MEM ARGS Wed Sep 30 20:02:35 UTC 2026
 0.0  0.0 grep --color=auto ./cli       0  2156
75.9  4.8 ./cli kernel images/4096x40   1 394580
  PID User     Command                         Swap      USS      PSS      RSS 
19556 codespace /usr/bin/python3 /usr/bin/s        0    12032    12333    14540 
17221 codespace ./cli kernel images/4096x40        0   393332   393395   394580 
%CPU %MEM ARGS Wed Sep 30 20:02:35 UTC 2026
 0.0  0.0 grep --color=auto ./cli       0  2180
75.8  4.8 ./cli kernel images/4096x40   0 394580
  PID User     Command                         Swap      USS      PSS      RSS 
19562 codespace /usr/bin/python3 /usr/bin/s        0    12016    12303    14524 
17221 codespace ./cli kernel images/4096x40        0   393332   393396   394580 
%CPU %MEM ARGS Wed Sep 30 20:02:36 UTC 2026
 0.0  0.0 grep --color=auto ./cli       0  2172
75.8  4.8 ./cli kernel images/4096x40   1 394580
  PID User     Command                         Swap      USS      PSS      RSS 
19567 codespace /usr/bin/python3 /usr/bin/s        0    12020    12289    14436 
17221 codespace ./cli kernel images/4096x40        0   393332   393395   394580 
%CPU %MEM ARGS Wed Sep 30 20:02:36 UTC 2026
 0.0  0.0 grep --color=auto ./cli       1  2168
75.8  4.8 ./cli kernel images/4096x40   0 394580
  PID User     Command                         Swap      USS      PSS      RSS 
19572 codespace /usr/bin/python3 /usr/bin/s        0    12008    12271    14424 
17221 codespace ./cli kernel images/4096x40        0   393332   393395   394580 
%CPU %MEM ARGS Wed Sep 30 20:02:36 UTC 2026
 0.0  0.0 grep --color=auto ./cli       1  2212
75.7  4.8 ./cli kernel images/4096x40   1 394580
  PID User     Command                         Swap      USS      PSS      RSS 
19584 codespace /usr/bin/python3 /usr/bin/s        0    12016    12272    14452 
17221 codespace ./cli kernel images/4096x40        0   393332   393395   394580 
%CPU %MEM ARGS Wed Sep 30 20:02:37 UTC 2026
 0.0  0.0 grep --color=auto ./cli       1  2160
75.7  4.8 ./cli kernel images/4096x40   1 394580
  PID User     Command                         Swap      USS      PSS      RSS 
19589 codespace /usr/bin/python3 /usr/bin/s        0    12016    12284    14496 
17221 codespace ./cli kernel images/4096x40        0   393332   393395   394580 
%CPU %MEM ARGS Wed Sep 30 20:02:37 UTC 2026
 0.0  0.0 grep --color=auto ./cli       1  2176
75.7  4.8 ./cli kernel images/4096x40   0 394580
  PID User     Command                         Swap      USS      PSS      RSS 
19595 codespace /usr/bin/python3 /usr/bin/s        0    12036    12338    14544 
17221 codespace ./cli kernel images/4096x40        0   393332   393395   394580 
%CPU %MEM ARGS Wed Sep 30 20:02:37 UTC 2026
 0.0  0.0 grep --color=auto ./cli       1  2164
75.7  4.8 ./cli kernel images/4096x40   1 394580
  PID User     Command                         Swap      USS      PSS      RSS 
19600 codespace /usr/bin/python3 /usr/bin/s        0    12016    12285    14492 
17221 codespace ./cli kernel images/4096x40        0   393332   393395   394580 
%CPU %MEM ARGS Wed Sep 30 20:02:38 UTC 2026
 0.0  0.0 grep --color=auto ./cli       0  2180
75.6  4.8 ./cli kernel images/4096x40   0 394580
  PID User     Command                         Swap      USS      PSS      RSS 
19611 codespace /usr/bin/python3 /usr/bin/s        0    12016    12266    14468 
17221 codespace ./cli kernel images/4096x40        0   393332   393392   394580 
%CPU %MEM ARGS Wed Sep 30 20:02:38 UTC 2026
 0.0  0.0 grep --color=auto ./cli       0  2172
75.6  4.8 ./cli kernel images/4096x40   1 394580
  PID User     Command                         Swap      USS      PSS      RSS 
19623 codespace /usr/bin/python3 /usr/bin/s        0    12016    12307    14524 
17221 codespace ./cli kernel images/4096x40        0   393332   393395   394580 
%CPU %MEM ARGS Wed Sep 30 20:02:39 UTC 2026
 0.0  0.0 grep --color=auto ./cli       1  2212
75.5  4.8 ./cli kernel images/4096x40   1 394580
  PID User     Command                         Swap      USS      PSS      RSS 
19628 codespace /usr/bin/python3 /usr/bin/s        0    11984    12261    14436 
17221 codespace ./cli kernel images/4096x40        0   393332   393395   394580 
%CPU %MEM ARGS Wed Sep 30 20:02:39 UTC 2026
 0.0  0.0 grep --color=auto ./cli       1  2180
75.5  4.8 ./cli kernel images/4096x40   1 394580
  PID User     Command                         Swap      USS      PSS      RSS 
19634 codespace /usr/bin/python3 /usr/bin/s        0    12004    12295    14532 
17221 codespace ./cli kernel images/4096x40        0   393332   393395   394580 
%CPU %MEM ARGS Wed Sep 30 20:02:39 UTC 2026
 0.0  0.0 grep --color=auto ./cli       1  2204
75.5  4.8 ./cli kernel images/4096x40   0 394580
  PID User     Command                         Swap      USS      PSS      RSS 
19639 codespace /usr/bin/python3 /usr/bin/s        0    12012    12258    14444 
17221 codespace ./cli kernel images/4096x40        0   393332   393395   394580 
%CPU %MEM ARGS Wed Sep 30 20:02:40 UTC 2026
 0.0  0.0 grep --color=auto ./cli       1  2176
75.5  4.8 ./cli kernel images/4096x40   0 394580
  PID User     Command                         Swap      USS      PSS      RSS 
19644 codespace /usr/bin/python3 /usr/bin/s        0    12016    12278    14432 
17221 codespace ./cli kernel images/4096x40        0   393332   393395   394580 
%CPU %MEM ARGS Wed Sep 30 20:02:40 UTC 2026
 0.0  0.0 grep --color=auto ./cli       1  2292
75.5  4.8 ./cli kernel images/4096x40   0 394580
  PID User     Command                         Swap      USS      PSS      RSS 
19649 codespace /usr/bin/python3 /usr/bin/s        0    12016    12305    14524 
17221 codespace ./cli kernel images/4096x40        0   393332   393395   394580 
%CPU %MEM ARGS Wed Sep 30 20:02:40 UTC 2026
 0.0  0.0 grep --color=auto ./cli       1  2172
75.5  4.8 ./cli kernel images/4096x40   0 394580
  PID User     Command                         Swap      USS      PSS      RSS 
19661 codespace /usr/bin/python3 /usr/bin/s        0    12012    12277    14492 
17221 codespace ./cli kernel images/4096x40        0   393332   393395   394580 
%CPU %MEM ARGS Wed Sep 30 20:02:41 UTC 2026
 0.0  0.0 grep --color=auto ./cli       0  2212
75.4  4.8 ./cli kernel images/4096x40   1 394580
  PID User     Command                         Swap      USS      PSS      RSS 
19666 codespace /usr/bin/python3 /usr/bin/s        0    11988    12260    14440 
17221 codespace ./cli kernel images/4096x40        0   393332   393395   394580 
%CPU %MEM ARGS Wed Sep 30 20:02:41 UTC 2026
 0.0  0.0 grep --color=auto ./cli       1  2184
75.4  4.8 ./cli kernel images/4096x40   0 394580
  PID User     Command                         Swap      USS      PSS      RSS 
19672 codespace /usr/bin/python3 /usr/bin/s        0    12016    12304    14524 
17221 codespace ./cli kernel images/4096x40        0   393332   393396   394580 
%CPU %MEM ARGS Wed Sep 30 20:02:41 UTC 2026
 0.0  0.0 grep --color=auto ./cli       0  2156
75.4  4.8 ./cli kernel images/4096x40   1 394580
  PID User     Command                         Swap      USS      PSS      RSS 
19677 codespace /usr/bin/python3 /usr/bin/s        0    12016    12288    14500 
17221 codespace ./cli kernel images/4096x40        0   393332   393395   394580 
%CPU %MEM ARGS Wed Sep 30 20:02:42 UTC 2026
 0.0  0.0 grep --color=auto ./cli       0  2340
75.4  4.8 ./cli kernel images/4096x40   1 394580
  PID User     Command                         Swap      USS      PSS      RSS 
19682 codespace /usr/bin/python3 /usr/bin/s        0    12016    12280    14432 
17221 codespace ./cli kernel images/4096x40        0   393332   393395   394580 
%CPU %MEM ARGS Wed Sep 30 20:02:42 UTC 2026
 0.0  0.0 grep --color=auto ./cli       0  2156
75.4  4.8 ./cli kernel images/4096x40   1 394580
  PID User     Command                         Swap      USS      PSS      RSS 
19688 codespace /usr/bin/python3 /usr/bin/s        0    12016    12292    14468 
17221 codespace ./cli kernel images/4096x40        0   393332   393395   394580 
%CPU %MEM ARGS Wed Sep 30 20:02:43 UTC 2026
 0.0  0.0 grep --color=auto ./cli       0  2292
75.4  4.8 ./cli kernel images/4096x40   1 394580
  PID User     Command                         Swap      USS      PSS      RSS 
19699 codespace /usr/bin/python3 /usr/bin/s        0    12016    12276    14432 
17221 codespace ./cli kernel images/4096x40        0   393332   393395   394580 
%CPU %MEM ARGS Wed Sep 30 20:02:43 UTC 2026
 0.0  0.0 grep --color=auto ./cli       0  2152
75.4  4.8 ./cli kernel images/4096x40   1 394580
  PID User     Command                         Swap      USS      PSS      RSS 
19704 codespace /usr/bin/python3 /usr/bin/s        0    12016    12288    14468 
17221 codespace ./cli kernel images/4096x40        0   393332   393395   394580 
%CPU %MEM ARGS Wed Sep 30 20:02:43 UTC 2026
 0.0  0.0 grep --color=auto ./cli       1  2160
75.4  4.8 ./cli kernel images/4096x40   1 394580
  PID User     Command                         Swap      USS      PSS      RSS 
19710 codespace /usr/bin/python3 /usr/bin/s        0    12016    12255    14488 
17221 codespace ./cli kernel images/4096x40        0   393332   393392   394580 
%CPU %MEM ARGS Wed Sep 30 20:02:44 UTC 2026
 0.0  0.0 grep --color=auto ./cli       1  2152
75.2  4.8 ./cli kernel images/4096x40   1 394580
  PID User     Command                         Swap      USS      PSS      RSS 
19738 codespace /usr/bin/python3 /usr/bin/s        0    12016    12278    14432 
17221 codespace ./cli kernel images/4096x40        0   393332   393395   394580 
%CPU %MEM ARGS Wed Sep 30 20:02:44 UTC 2026
 0.0  0.0 grep --color=auto ./cli       0  2340
75.2  4.8 ./cli kernel images/4096x40   1 394580
  PID User     Command                         Swap      USS      PSS      RSS 
19744 codespace /usr/bin/python3 /usr/bin/s        0    12016    12278    14432 
17221 codespace ./cli kernel images/4096x40        0   393332   393395   394580 
%CPU %MEM ARGS Wed Sep 30 20:02:45 UTC 2026
 0.0  0.0 grep --color=auto ./cli       0  2252
75.2  4.8 ./cli kernel images/4096x40   1 394580
  PID User     Command                         Swap      USS      PSS      RSS 
19755 codespace /usr/bin/python3 /usr/bin/s        0    12024    12291    14504 
17221 codespace ./cli kernel images/4096x40        0   393332   393395   394580 
%CPU %MEM ARGS Wed Sep 30 20:02:45 UTC 2026
 0.0  0.0 grep --color=auto ./cli       0  2296
75.2  4.8 ./cli kernel images/4096x40   1 394580
  PID User     Command                         Swap      USS      PSS      RSS 
19760 codespace /usr/bin/python3 /usr/bin/s        0    12012    12280    14428 
17221 codespace ./cli kernel images/4096x40        0   393332   393395   394580 
%CPU %MEM ARGS Wed Sep 30 20:02:45 UTC 2026
 0.0  0.0 grep --color=auto ./cli       1  2344
75.2  4.8 ./cli kernel images/4096x40   1 394580
  PID User     Command                         Swap      USS      PSS      RSS 
19766 codespace /usr/bin/python3 /usr/bin/s        0    12016    12286    14500 
17221 codespace ./cli kernel images/4096x40        0   393332   393395   394580 
%CPU %MEM ARGS Wed Sep 30 20:02:46 UTC 2026
 0.0  0.0 grep --color=auto ./cli       1  2288
75.2  4.8 ./cli kernel images/4096x40   0 394580
  PID User     Command                         Swap      USS      PSS      RSS 
19771 codespace /usr/bin/python3 /usr/bin/s        0    12016    12285    14492 
17221 codespace ./cli kernel images/4096x40        0   393332   393395   394580 
%CPU %MEM ARGS Wed Sep 30 20:02:46 UTC 2026
 0.0  0.0 grep --color=auto ./cli       0  2144
75.2  4.8 ./cli kernel images/4096x40   1 394580
  PID User     Command                         Swap      USS      PSS      RSS 
19776 codespace /usr/bin/python3 /usr/bin/s        0    12016    12278    14432 
17221 codespace ./cli kernel images/4096x40        0   393332   393395   394580 
%CPU %MEM ARGS Wed Sep 30 20:02:46 UTC 2026
 0.0  0.0 grep --color=auto ./cli       0  2200
75.2  4.8 ./cli kernel images/4096x40   1 394580
  PID User     Command                         Swap      USS      PSS      RSS 
19782 codespace /usr/bin/python3 /usr/bin/s        0    12024    12314    14472 
17221 codespace ./cli kernel images/4096x40        0   393332   393395   394580 
%CPU %MEM ARGS Wed Sep 30 20:02:47 UTC 2026
 0.0  0.0 grep --color=auto ./cli       0  2208
75.2  4.8 ./cli kernel images/4096x40   0 394580
  PID User     Command                         Swap      USS      PSS      RSS 
19791 codespace /usr/bin/python3 /usr/bin/s        0    12016    12286    14500 
17221 codespace ./cli kernel images/4096x40        0   393332   393395   394580 
%CPU %MEM ARGS Wed Sep 30 20:02:47 UTC 2026
 0.0  0.0 grep --color=auto ./cli       0  2156
75.2  4.8 ./cli kernel images/4096x40   1 394580
  PID User     Command                         Swap      USS      PSS      RSS 
19798 codespace /usr/bin/python3 /usr/bin/s        0    12016    12285    14496 
17221 codespace ./cli kernel images/4096x40        0   393332   393395   394580 
%CPU %MEM ARGS Wed Sep 30 20:02:47 UTC 2026
 0.0  0.0 grep --color=auto ./cli       0  2152
75.2  4.8 ./cli kernel images/4096x40   1 394580
  PID User     Command                         Swap      USS      PSS      RSS 
19804 codespace /usr/bin/python3 /usr/bin/s        0    12028    12329    14544 
17221 codespace ./cli kernel images/4096x40        0   393332   393395   394580 
%CPU %MEM ARGS Wed Sep 30 20:02:48 UTC 2026
 0.0  0.0 grep --color=auto ./cli       0  2136
75.2  4.8 ./cli kernel images/4096x40   1 394580
  PID User     Command                         Swap      USS      PSS      RSS 
19809 codespace /usr/bin/python3 /usr/bin/s        0    12020    12284    14436 
17221 codespace ./cli kernel images/4096x40        0   393332   393395   394580 
%CPU %MEM ARGS Wed Sep 30 20:02:48 UTC 2026
 0.0  0.0 grep --color=auto ./cli       0  2172
75.2  4.8 ./cli kernel images/4096x40   1 394580
  PID User     Command                         Swap      USS      PSS      RSS 
19815 codespace /usr/bin/python3 /usr/bin/s        0    12036    12339    14544 
17221 codespace ./cli kernel images/4096x40        0   393332   393395   394580 
%CPU %MEM ARGS Wed Sep 30 20:02:49 UTC 2026
 0.0  0.0 grep --color=auto ./cli       1  2308
75.1  4.8 ./cli kernel images/4096x40   0 394580
  PID User     Command                         Swap      USS      PSS      RSS 
19820 codespace /usr/bin/python3 /usr/bin/s        0    12016    12293    14468 
17221 codespace ./cli kernel images/4096x40        0   393332   393395   394580 
%CPU %MEM ARGS Wed Sep 30 20:02:49 UTC 2026
 0.0  0.0 grep --color=auto ./cli       0  2184
75.1  4.8 ./cli kernel images/4096x40   1 394580
  PID User     Command                         Swap      USS      PSS      RSS 
19831 codespace /usr/bin/python3 /usr/bin/s        0    12032    12335    14540 
17221 codespace ./cli kernel images/4096x40        0   393332   393395   394580 
%CPU %MEM ARGS Wed Sep 30 20:02:49 UTC 2026
 0.0  0.0 grep --color=auto ./cli       1  2160
75.1  4.8 ./cli kernel images/4096x40   0 394580
  PID User     Command                         Swap      USS      PSS      RSS 
19843 codespace /usr/bin/python3 /usr/bin/s        0    12028    12321    14556 
17221 codespace ./cli kernel images/4096x40        0   393332   393395   394580 
%CPU %MEM ARGS Wed Sep 30 20:02:50 UTC 2026
 0.0  0.0 grep --color=auto ./cli       1  2172
75.1  4.8 ./cli kernel images/4096x40   0 394580
  PID User     Command                         Swap      USS      PSS      RSS 
19848 codespace /usr/bin/python3 /usr/bin/s        0    12016    12309    14544 
17221 codespace ./cli kernel images/4096x40        0   393332   393395   394580 
%CPU %MEM ARGS Wed Sep 30 20:02:50 UTC 2026
 0.0  0.0 grep --color=auto ./cli       0  2296
75.1  4.8 ./cli kernel images/4096x40   1 394580
  PID User     Command                         Swap      USS      PSS      RSS 
19853 codespace /usr/bin/python3 /usr/bin/s        0    12016    12285    14472 
17221 codespace ./cli kernel images/4096x40        0   393332   393396   394580 
%CPU %MEM ARGS Wed Sep 30 20:02:50 UTC 2026
 0.0  0.0 grep --color=auto ./cli       1  2192
75.1  4.8 ./cli kernel images/4096x40   0 394580
  PID User     Command                         Swap      USS      PSS      RSS 
19859 codespace /usr/bin/python3 /usr/bin/s        0    12016    12288    14500 
17221 codespace ./cli kernel images/4096x40        0   393332   393395   394580 
%CPU %MEM ARGS Wed Sep 30 20:02:51 UTC 2026
 0.0  0.0 grep --color=auto ./cli       0  2280
75.0  4.8 ./cli kernel images/4096x40   1 394580
  PID User     Command                         Swap      USS      PSS      RSS 
19868 codespace /usr/bin/python3 /usr/bin/s        0    12016    12286    14492 
17221 codespace ./cli kernel images/4096x40        0   393332   393395   394580 
%CPU %MEM ARGS Wed Sep 30 20:02:51 UTC 2026
 0.0  0.0 grep --color=auto ./cli       0  2184
75.0  4.8 ./cli kernel images/4096x40   1 394580
  PID User     Command                         Swap      USS      PSS      RSS 
19876 codespace /usr/bin/python3 /usr/bin/s        0    12016    12303    14524 
17221 codespace ./cli kernel images/4096x40        0   393332   393395   394580 
%CPU %MEM ARGS Wed Sep 30 20:02:52 UTC 2026
 0.0  0.0 grep --color=auto ./cli       1  2288
75.0  4.8 ./cli kernel images/4096x40   1 394580
  PID User     Command                         Swap      USS      PSS      RSS 
19881 codespace /usr/bin/python3 /usr/bin/s        0    12020    12291    14472 
17221 codespace ./cli kernel images/4096x40        0   393332   393395   394580 
%CPU %MEM ARGS Wed Sep 30 20:02:52 UTC 2026
 0.0  0.0 grep --color=auto ./cli       0  2212
75.0  4.8 ./cli kernel images/4096x40   1 394580
  PID User     Command                         Swap      USS      PSS      RSS 
19886 codespace /usr/bin/python3 /usr/bin/s        0    12016    12279    14432 
17221 codespace ./cli kernel images/4096x40        0   393332   393395   394580 
%CPU %MEM ARGS Wed Sep 30 20:02:52 UTC 2026
 0.0  0.0 grep --color=auto ./cli       0  2304
75.0  4.8 ./cli kernel images/4096x40   1 394580
  PID User     Command                         Swap      USS      PSS      RSS 
19892 codespace /usr/bin/python3 /usr/bin/s        0    12020    12300    14468 
17221 codespace ./cli kernel images/4096x40        0   393332   393395   394580 
%CPU %MEM ARGS Wed Sep 30 20:02:53 UTC 2026
 0.0  0.0 grep --color=auto ./cli       1  2288
75.0  4.8 ./cli kernel images/4096x40   0 394580
  PID User     Command                         Swap      USS      PSS      RSS 
19897 codespace /usr/bin/python3 /usr/bin/s        0    12020    12297    14472 
17221 codespace ./cli kernel images/4096x40        0   393332   393395   394580 
%CPU %MEM ARGS Wed Sep 30 20:02:53 UTC 2026
 0.0  0.0 grep --color=auto ./cli       0  2376
75.0  4.8 ./cli kernel images/4096x40   1 394580
  PID User     Command                         Swap      USS      PSS      RSS 
19905 codespace /usr/bin/python3 /usr/bin/s        0    12012    12282    14496 
17221 codespace ./cli kernel images/4096x40        0   393332   393395   394580 
%CPU %MEM ARGS Wed Sep 30 20:02:53 UTC 2026
 0.0  0.0 grep --color=auto ./cli       0  2160
75.0  4.8 ./cli kernel images/4096x40   0 394580
  PID User     Command                         Swap      USS      PSS      RSS 
19914 codespace /usr/bin/python3 /usr/bin/s        0    12044    12326    14460 
17221 codespace ./cli kernel images/4096x40        0   393332   393395   394580 
%CPU %MEM ARGS Wed Sep 30 20:02:54 UTC 2026
 0.0  0.0 grep --color=auto ./cli       1  2160
74.9  4.8 ./cli kernel images/4096x40   1 394580
  PID User     Command                         Swap      USS      PSS      RSS 
19919 codespace /usr/bin/python3 /usr/bin/s        0    12016    12277    14432 
17221 codespace ./cli kernel images/4096x40        0   393332   393395   394580 
%CPU %MEM ARGS Wed Sep 30 20:02:54 UTC 2026
 0.0  0.0 grep --color=auto ./cli       0  2172
74.9  4.8 ./cli kernel images/4096x40   0 394580
  PID User     Command                         Swap      USS      PSS      RSS 
19943 codespace /usr/bin/python3 /usr/bin/s        0    12020    12305    14468 
17221 codespace ./cli kernel images/4096x40        0   393332   393395   394580 
%CPU %MEM ARGS Wed Sep 30 20:02:55 UTC 2026
 0.0  0.0 grep --color=auto ./cli       1  2172
74.8  4.8 ./cli kernel images/4096x40   0 394580
  PID User     Command                         Swap      USS      PSS      RSS 
19948 codespace /usr/bin/python3 /usr/bin/s        0    12016    12281    14548 
17221 codespace ./cli kernel images/4096x40        0   393332   393392   394580 
%CPU %MEM ARGS Wed Sep 30 20:02:55 UTC 2026
 0.0  0.0 grep --color=auto ./cli       0  2244
74.8  4.8 ./cli kernel images/4096x40   1 394580
  PID User     Command                         Swap      USS      PSS      RSS 
19963 codespace /usr/bin/python3 /usr/bin/s        0    12016    12275    14432 
17221 codespace ./cli kernel images/4096x40        0   393332   393395   394580 
%CPU %MEM ARGS Wed Sep 30 20:02:55 UTC 2026
 0.0  0.0 grep --color=auto ./cli       1  2252
74.8  4.8 ./cli kernel images/4096x40   0 394580
  PID User     Command                         Swap      USS      PSS      RSS 
19971 codespace /usr/bin/python3 /usr/bin/s        0    12016    12305    14524 
17221 codespace ./cli kernel images/4096x40        0   393332   393395   394580 
%CPU %MEM ARGS Wed Sep 30 20:02:56 UTC 2026
 0.0  0.0 grep --color=auto ./cli       1  2308
74.7  4.8 ./cli kernel images/4096x40   0 394580
  PID User     Command                         Swap      USS      PSS      RSS 
19976 codespace /usr/bin/python3 /usr/bin/s        0    12016    12317    14524 
17221 codespace ./cli kernel images/4096x40        0   393332   393395   394580 
%CPU %MEM ARGS Wed Sep 30 20:02:56 UTC 2026
 0.0  0.0 grep --color=auto ./cli       0  2180
74.7  4.8 ./cli kernel images/4096x40   1 394580
  PID User     Command                         Swap      USS      PSS      RSS 
19982 codespace /usr/bin/python3 /usr/bin/s        0    12016    12292    14484 
17221 codespace ./cli kernel images/4096x40        0   393332   393395   394580 
%CPU %MEM ARGS Wed Sep 30 20:02:57 UTC 2026
 0.0  0.0 grep --color=auto ./cli       0  2256
74.7  4.8 ./cli kernel images/4096x40   1 394580
  PID User     Command                         Swap      USS      PSS      RSS 
19987 codespace /usr/bin/python3 /usr/bin/s        0    12016    12275    14432 
17221 codespace ./cli kernel images/4096x40        0   393332   393395   394580 
%CPU %MEM ARGS Wed Sep 30 20:02:57 UTC 2026
 0.0  0.0 grep --color=auto ./cli       1  2156
74.7  4.8 ./cli kernel images/4096x40   1 394580
  PID User     Command                         Swap      USS      PSS      RSS 
19992 codespace /usr/bin/python3 /usr/bin/s        0    12012    12308    14572 
17221 codespace ./cli kernel images/4096x40        0   393332   393395   394580 
%CPU %MEM ARGS Wed Sep 30 20:02:57 UTC 2026
 0.0  0.0 grep --color=auto ./cli       1  2296
74.7  4.8 ./cli kernel images/4096x40   0 394580
  PID User     Command                         Swap      USS      PSS      RSS 
20004 codespace /usr/bin/python3 /usr/bin/s        0    12024    12305    14472 
17221 codespace ./cli kernel images/4096x40        0   393332   393395   394580 
%CPU %MEM ARGS Wed Sep 30 20:02:58 UTC 2026
 0.0  0.0 grep --color=auto ./cli       1  2156
74.7  4.8 ./cli kernel images/4096x40   0 394580
  PID User     Command                         Swap      USS      PSS      RSS 
20009 codespace /usr/bin/python3 /usr/bin/s        0    12020    12296    14436 
17221 codespace ./cli kernel images/4096x40        0   393332   393395   394580 
%CPU %MEM ARGS Wed Sep 30 20:02:58 UTC 2026
 0.0  0.0 grep --color=auto ./cli       0  2156
74.7  4.8 ./cli kernel images/4096x40   0 394580
  PID User     Command                         Swap      USS      PSS      RSS 
20014 codespace /usr/bin/python3 /usr/bin/s        0    12016    12292    14484 
17221 codespace ./cli kernel images/4096x40        0   393332   393395   394580 
%CPU %MEM ARGS Wed Sep 30 20:02:58 UTC 2026
 0.0  0.0 grep --color=auto ./cli       1  2208
74.7  4.8 ./cli kernel images/4096x40   0 394580
  PID User     Command                         Swap      USS      PSS      RSS 
20020 codespace /usr/bin/python3 /usr/bin/s        0    12016    12288    14484 
17221 codespace ./cli kernel images/4096x40        0   393332   393395   394580 
%CPU %MEM ARGS Wed Sep 30 20:02:59 UTC 2026
 0.0  0.0 grep --color=auto ./cli       1  2300
74.7  4.8 ./cli kernel images/4096x40   0 394580
  PID User     Command                         Swap      USS      PSS      RSS 
20025 codespace /usr/bin/python3 /usr/bin/s        0    12020    12286    14500 
17221 codespace ./cli kernel images/4096x40        0   393332   393395   394580 
%CPU %MEM ARGS Wed Sep 30 20:02:59 UTC 2026
 0.0  0.0 grep --color=auto ./cli       0  2248
74.7  4.8 ./cli kernel images/4096x40   1 394580
  PID User     Command                         Swap      USS      PSS      RSS 
20030 codespace /usr/bin/python3 /usr/bin/s        0    12020    12344    14528 
17221 codespace ./cli kernel images/4096x40        0   393332   393395   394580 
%CPU %MEM ARGS Wed Sep 30 20:02:59 UTC 2026
 0.0  0.0 grep --color=auto ./cli       0  2172
74.7  4.8 ./cli kernel images/4096x40   1 394580
  PID User     Command                         Swap      USS      PSS      RSS 
20042 codespace /usr/bin/python3 /usr/bin/s        0    12016    12286    14492 
17221 codespace ./cli kernel images/4096x40        0   393332   393395   394580 
%CPU %MEM ARGS Wed Sep 30 20:03:00 UTC 2026
 0.0  0.0 grep --color=auto ./cli       1  2168
74.7  4.8 ./cli kernel images/4096x40   0 394580
  PID User     Command                         Swap      USS      PSS      RSS 
20047 codespace /usr/bin/python3 /usr/bin/s        0    12016    12306    14524 
17221 codespace ./cli kernel images/4096x40        0   393332   393395   394580 
%CPU %MEM ARGS Wed Sep 30 20:03:00 UTC 2026
 0.0  0.0 grep --color=auto ./cli       0  2216
74.7  4.8 ./cli kernel images/4096x40   0 394580
  PID User     Command                         Swap      USS      PSS      RSS 
20053 codespace /usr/bin/python3 /usr/bin/s        0    12016    12279    14548 
17221 codespace ./cli kernel images/4096x40        0   393332   393392   394580 
%CPU %MEM ARGS Wed Sep 30 20:03:01 UTC 2026
 0.0  0.0 grep --color=auto ./cli       1  2156
74.6  4.8 ./cli kernel images/4096x40   0 394580
  PID User     Command                         Swap      USS      PSS      RSS 
20064 codespace /usr/bin/python3 /usr/bin/s        0    12032    12336    14540 
17221 codespace ./cli kernel images/4096x40        0   393332   393395   394580 
%CPU %MEM ARGS Wed Sep 30 20:03:01 UTC 2026
 0.0  0.0 grep --color=auto ./cli       1  2172
74.6  4.8 ./cli kernel images/4096x40   0 394580
  PID User     Command                         Swap      USS      PSS      RSS 
20069 codespace /usr/bin/python3 /usr/bin/s        0    12072    12371    14580 
17221 codespace ./cli kernel images/4096x40        0   393332   393395   394580 
%CPU %MEM ARGS Wed Sep 30 20:03:01 UTC 2026
 0.0  0.0 grep --color=auto ./cli       1  2164
74.6  4.8 ./cli kernel images/4096x40   0 394580
  PID User     Command                         Swap      USS      PSS      RSS 
20078 codespace /usr/bin/python3 /usr/bin/s        0    12012    12283    14464 
17221 codespace ./cli kernel images/4096x40        0   393332   393395   394580 
%CPU %MEM ARGS Wed Sep 30 20:03:02 UTC 2026
 0.0  0.0 grep --color=auto ./cli       0  2148
74.6  4.8 ./cli kernel images/4096x40   0 394580
  PID User     Command                         Swap      USS      PSS      RSS 
20086 codespace /usr/bin/python3 /usr/bin/s        0    12016    12277    14432 
17221 codespace ./cli kernel images/4096x40        0   393332   393395   394580 
%CPU %MEM ARGS Wed Sep 30 20:03:02 UTC 2026
 0.0  0.0 grep --color=auto ./cli       0  2156
74.6  4.8 ./cli kernel images/4096x40   1 394580
  PID User     Command                         Swap      USS      PSS      RSS 
20092 codespace /usr/bin/python3 /usr/bin/s        0    12036    12340    14544 
17221 codespace ./cli kernel images/4096x40        0   393332   393395   394580 
%CPU %MEM ARGS Wed Sep 30 20:03:03 UTC 2026
 0.0  0.0 grep --color=auto ./cli       1  2300
74.6  4.8 ./cli kernel images/4096x40   1 394580
  PID User     Command                         Swap      USS      PSS      RSS 
20097 codespace /usr/bin/python3 /usr/bin/s        0    11968    12241    14444 
17221 codespace ./cli kernel images/4096x40        0   393332   393395   394580 
%CPU %MEM ARGS Wed Sep 30 20:03:03 UTC 2026
 0.0  0.0 grep --color=auto ./cli       0  2288
74.6  4.8 ./cli kernel images/4096x40   1 394580
  PID User     Command                         Swap      USS      PSS      RSS 
20102 codespace /usr/bin/python3 /usr/bin/s        0    12012    12308    14572 
17221 codespace ./cli kernel images/4096x40        0   393332   393395   394580 
%CPU %MEM ARGS Wed Sep 30 20:03:03 UTC 2026
 0.0  0.0 grep --color=auto ./cli       0  2156
74.6  4.8 ./cli kernel images/4096x40   1 394580
  PID User     Command                         Swap      USS      PSS      RSS 
20108 codespace /usr/bin/python3 /usr/bin/s        0    12024    12318    14552 
17221 codespace ./cli kernel images/4096x40        0   393332   393395   394580 
%CPU %MEM ARGS Wed Sep 30 20:03:04 UTC 2026
 0.0  0.0 grep --color=auto ./cli       1  2248
74.5  4.8 ./cli kernel images/4096x40   1 394580
  PID User     Command                         Swap      USS      PSS      RSS 
20119 codespace /usr/bin/python3 /usr/bin/s        0    12016    12291    14484 
17221 codespace ./cli kernel images/4096x40        0   393332   393395   394580 
%CPU %MEM ARGS Wed Sep 30 20:03:04 UTC 2026
 0.0  0.0 grep --color=auto ./cli       0  2192
74.5  4.8 ./cli kernel images/4096x40   0 394580
  PID User     Command                         Swap      USS      PSS      RSS 
20124 codespace /usr/bin/python3 /usr/bin/s        0    12024    12306    14472 
17221 codespace ./cli kernel images/4096x40        0   393332   393395   394580 
%CPU %MEM ARGS Wed Sep 30 20:03:04 UTC 2026
 0.0  0.0 grep --color=auto ./cli       1  2240
74.5  4.8 ./cli kernel images/4096x40   0 394580
  PID User     Command                         Swap      USS      PSS      RSS 
20140 codespace /usr/bin/python3 /usr/bin/s        0    12016    12278    14432 
17221 codespace ./cli kernel images/4096x40        0   393332   393395   394580 
%CPU %MEM ARGS Wed Sep 30 20:03:05 UTC 2026
 0.0  0.0 grep --color=auto ./cli       1  2248
74.5  4.8 ./cli kernel images/4096x40   0 394580
  PID User     Command                         Swap      USS      PSS      RSS 
20154 codespace /usr/bin/python3 /usr/bin/s        0    12020    12295    14436 
17221 codespace ./cli kernel images/4096x40        0   393332   393395   394580 
%CPU %MEM ARGS Wed Sep 30 20:03:05 UTC 2026
 0.0  0.0 grep --color=auto ./cli       0  2248
74.5  4.8 ./cli kernel images/4096x40   1 394580
  PID User     Command                         Swap      USS      PSS      RSS 
20159 codespace /usr/bin/python3 /usr/bin/s        0    12000    12277    14416 
17221 codespace ./cli kernel images/4096x40        0   393332   393395   394580 
%CPU %MEM ARGS Wed Sep 30 20:03:05 UTC 2026
 0.0  0.0 grep --color=auto ./cli       0  2168
74.5  4.8 ./cli kernel images/4096x40   1 394580
  PID User     Command                         Swap      USS      PSS      RSS 
20165 codespace /usr/bin/python3 /usr/bin/s        0    12020    12303    14468 
17221 codespace ./cli kernel images/4096x40        0   393332   393395   394580 
%CPU %MEM ARGS Wed Sep 30 20:03:06 UTC 2026
 0.0  0.0 grep --color=auto ./cli       1  2344
74.4  4.8 ./cli kernel images/4096x40   0 394580
  PID User     Command                         Swap      USS      PSS      RSS 
20182 codespace /usr/bin/python3 /usr/bin/s        0    12020    12271    14472 
17221 codespace ./cli kernel images/4096x40        0   393332   393392   394580 
%CPU %MEM ARGS Wed Sep 30 20:03:06 UTC 2026
 0.0  0.0 grep --color=auto ./cli       1  2248
74.4  4.8 ./cli kernel images/4096x40   0 394580
  PID User     Command                         Swap      USS      PSS      RSS 
20188 codespace /usr/bin/python3 /usr/bin/s        0    12020    12308    14468 
17221 codespace ./cli kernel images/4096x40        0   393332   393395   394580 
%CPU %MEM ARGS Wed Sep 30 20:03:07 UTC 2026
 0.0  0.0 grep --color=auto ./cli       0  2180
74.4  4.8 ./cli kernel images/4096x40   1 394580
  PID User     Command                         Swap      USS      PSS      RSS 
20193 codespace /usr/bin/python3 /usr/bin/s        0    12016    12287    14484 
17221 codespace ./cli kernel images/4096x40        0   393332   393395   394580 
%CPU %MEM ARGS Wed Sep 30 20:03:07 UTC 2026
 0.0  0.0 grep --color=auto ./cli       1  2176
74.4  4.8 ./cli kernel images/4096x40   0 394580
  PID User     Command                         Swap      USS      PSS      RSS 
20198 codespace /usr/bin/python3 /usr/bin/s        0    11996    12278    14412 
17221 codespace ./cli kernel images/4096x40        0   393332   393395   394580 
%CPU %MEM ARGS Wed Sep 30 20:03:07 UTC 2026
 0.0  0.0 grep --color=auto ./cli       1  2160
74.4  4.8 ./cli kernel images/4096x40   0 394580
  PID User     Command                         Swap      USS      PSS      RSS 
20204 codespace /usr/bin/python3 /usr/bin/s        0    12024    12316    14472 
17221 codespace ./cli kernel images/4096x40        0   393332   393395   394580 
%CPU %MEM ARGS Wed Sep 30 20:03:08 UTC 2026
 0.0  0.0 grep --color=auto ./cli       1  2172
74.4  4.8 ./cli kernel images/4096x40   0 394580
  PID User     Command                         Swap      USS      PSS      RSS 
20209 codespace /usr/bin/python3 /usr/bin/s        0    12016    12286    14432 
17221 codespace ./cli kernel images/4096x40        0   393332   393395   394580 
%CPU %MEM ARGS Wed Sep 30 20:03:08 UTC 2026
 0.0  0.0 grep --color=auto ./cli       0  2272
74.4  4.8 ./cli kernel images/4096x40   0 394580
  PID User     Command                         Swap      USS      PSS      RSS 
20220 codespace /usr/bin/python3 /usr/bin/s        0    12016    12286    14432 
17221 codespace ./cli kernel images/4096x40        0   393332   393395   394580 
%CPU %MEM ARGS Wed Sep 30 20:03:08 UTC 2026
 0.0  0.0 grep --color=auto ./cli       0  2292
74.4  4.8 ./cli kernel images/4096x40   1 394580
  PID User     Command                         Swap      USS      PSS      RSS 
20226 codespace /usr/bin/python3 /usr/bin/s        0    12020    12302    14468 
17221 codespace ./cli kernel images/4096x40        0   393332   393395   394580 
%CPU %MEM ARGS Wed Sep 30 20:03:09 UTC 2026
 0.0  0.0 grep --color=auto ./cli       1  2252
74.4  4.8 ./cli kernel images/4096x40   1 394580
  PID User     Command                         Swap      USS      PSS      RSS 
20231 codespace /usr/bin/python3 /usr/bin/s        0    11976    12236    14392 
17221 codespace ./cli kernel images/4096x40        0   393332   393395   394580 
%CPU %MEM ARGS Wed Sep 30 20:03:09 UTC 2026
 0.0  0.0 grep --color=auto ./cli       1  2300
74.4  4.8 ./cli kernel images/4096x40   0 394580
  PID User     Command                         Swap      USS      PSS      RSS 
20236 codespace /usr/bin/python3 /usr/bin/s        0    12016    12293    14520 
17221 codespace ./cli kernel images/4096x40        0   393332   393395   394580 
%CPU %MEM ARGS Wed Sep 30 20:03:09 UTC 2026
 0.0  0.0 grep --color=auto ./cli       0  2300
74.3  4.8 ./cli kernel images/4096x40   1 394580
  PID User     Command                         Swap      USS      PSS      RSS 
20242 codespace /usr/bin/python3 /usr/bin/s        0    12016    12284    14432 
17221 codespace ./cli kernel images/4096x40        0   393332   393395   394580 
%CPU %MEM ARGS Wed Sep 30 20:03:10 UTC 2026
 0.0  0.0 grep --color=auto ./cli       1  2288
74.4  4.8 ./cli kernel images/4096x40   1 394580
  PID User     Command                         Swap      USS      PSS      RSS 
20247 codespace /usr/bin/python3 /usr/bin/s        0    12020    12291    14476 
17221 codespace ./cli kernel images/4096x40        0   393332   393395   394580 
%CPU %MEM ARGS Wed Sep 30 20:03:10 UTC 2026
 0.0  0.0 grep --color=auto ./cli       0  2252
74.4  4.8 ./cli kernel images/4096x40   0 394580
  PID User     Command                         Swap      USS      PSS      RSS 
20259 codespace /usr/bin/python3 /usr/bin/s        0    12016    12280    14432 
17221 codespace ./cli kernel images/4096x40        0   393332   393395   394580 
%CPU %MEM ARGS Wed Sep 30 20:03:11 UTC 2026
 0.0  0.0 grep --color=auto ./cli       0  2172
74.3  4.8 ./cli kernel images/4096x40   1 394580
  PID User     Command                         Swap      USS      PSS      RSS 
20264 codespace /usr/bin/python3 /usr/bin/s        0    12012    12311    14524 
17221 codespace ./cli kernel images/4096x40        0   393332   393395   394580 
%CPU %MEM ARGS Wed Sep 30 20:03:11 UTC 2026
 0.0  0.0 grep --color=auto ./cli       0  2196
74.4  4.8 ./cli kernel images/4096x40   1 394580
  PID User     Command                         Swap      USS      PSS      RSS 
20269 codespace /usr/bin/python3 /usr/bin/s        0    12016    12272    14384 
17221 codespace ./cli kernel images/4096x40        0   393332   393395   394580 
%CPU %MEM ARGS Wed Sep 30 20:03:11 UTC 2026
 0.0  0.0 grep --color=auto ./cli       0  2344
74.3  4.8 ./cli kernel images/4096x40   0 394580
  PID User     Command                         Swap      USS      PSS      RSS 
20281 codespace /usr/bin/python3 /usr/bin/s        0    12020    12308    14548 
17221 codespace ./cli kernel images/4096x40        0   393332   393395   394580 
%CPU %MEM ARGS Wed Sep 30 20:03:12 UTC 2026
 0.0  0.0 grep --color=auto ./cli       0  2172
74.3  4.8 ./cli kernel images/4096x40   0 394580
  PID User     Command                         Swap      USS      PSS      RSS 
20286 codespace /usr/bin/python3 /usr/bin/s        0    12020    12308    14468 
17221 codespace ./cli kernel images/4096x40        0   393332   393395   394580 
%CPU %MEM ARGS Wed Sep 30 20:03:12 UTC 2026
 0.0  0.0 grep --color=auto ./cli       1  2344
74.3  4.8 ./cli kernel images/4096x40   0 394580
  PID User     Command                         Swap      USS      PSS      RSS 
20298 codespace /usr/bin/python3 /usr/bin/s        0    12036    12333    14544 
17221 codespace ./cli kernel images/4096x40        0   393332   393395   394580 
%CPU %MEM ARGS Wed Sep 30 20:03:13 UTC 2026
 0.0  0.0 grep --color=auto ./cli       1  2344
74.3  4.8 ./cli kernel images/4096x40   1 394580
  PID User     Command                         Swap      USS      PSS      RSS 
20303 codespace /usr/bin/python3 /usr/bin/s        0    12016    12307    14576 
17221 codespace ./cli kernel images/4096x40        0   393332   393395   394580 
%CPU %MEM ARGS Wed Sep 30 20:03:13 UTC 2026
 0.0  0.0 grep --color=auto ./cli       0  2300
74.2  4.8 ./cli kernel images/4096x40   1 394580
  PID User     Command                         Swap      USS      PSS      RSS 
20308 codespace /usr/bin/python3 /usr/bin/s        0    12032    12329    14540 
17221 codespace ./cli kernel images/4096x40        0   393332   393395   394580 
%CPU %MEM ARGS Wed Sep 30 20:03:13 UTC 2026
 0.0  0.0 grep --color=auto ./cli       1  2180
74.3  4.8 ./cli kernel images/4096x40   0 394580
  PID User     Command                         Swap      USS      PSS      RSS 
20314 codespace /usr/bin/python3 /usr/bin/s        0    12016    12275    14432 
17221 codespace ./cli kernel images/4096x40        0   393332   393395   394580 
%CPU %MEM ARGS Wed Sep 30 20:03:14 UTC 2026
 0.0  0.0 grep --color=auto ./cli       1  2340
74.2  4.8 ./cli kernel images/4096x40   1 394580
  PID User     Command                         Swap      USS      PSS      RSS 
20319 codespace /usr/bin/python3 /usr/bin/s        0    12020    12313    14548 
17221 codespace ./cli kernel images/4096x40        0   393332   393395   394580 
%CPU %MEM ARGS Wed Sep 30 20:03:14 UTC 2026
 0.0  0.0 grep --color=auto ./cli       0  2176
74.2  4.8 ./cli kernel images/4096x40   1 394580
  PID User     Command                         Swap      USS      PSS      RSS 
20332 codespace /usr/bin/python3 /usr/bin/s        0    12024    12305    14476 
17221 codespace ./cli kernel images/4096x40        0   393332   393395   394580 
%CPU %MEM ARGS Wed Sep 30 20:03:15 UTC 2026
 0.0  0.0 grep --color=auto ./cli       1  2144
74.1  4.8 ./cli kernel images/4096x40   0 394580
  PID User     Command                         Swap      USS      PSS      RSS 
20342 codespace /usr/bin/python3 /usr/bin/s        0    12020    12295    14436 
17221 codespace ./cli kernel images/4096x40        0   393332   393395   394580 
%CPU %MEM ARGS Wed Sep 30 20:03:15 UTC 2026
 0.0  0.0 grep --color=auto ./cli       0  2340
74.0  4.8 ./cli kernel images/4096x40   0 394580
  PID User     Command                         Swap      USS      PSS      RSS 
20365 codespace /usr/bin/python3 /usr/bin/s        0    12024    12306    14472 
17221 codespace ./cli kernel images/4096x40        0   393332   393395   394580 
%CPU %MEM ARGS Wed Sep 30 20:03:15 UTC 2026
 0.0  0.0 grep --color=auto ./cli       0  2304
74.1  4.8 ./cli kernel images/4096x40   1 394580
  PID User     Command                         Swap      USS      PSS      RSS 
20371 codespace /usr/bin/python3 /usr/bin/s        0    12020    12310    14468 
17221 codespace ./cli kernel images/4096x40        0   393332   393395   394580 
%CPU %MEM ARGS Wed Sep 30 20:03:16 UTC 2026
 0.0  0.0 grep --color=auto ./cli       0  2168
74.0  4.8 ./cli kernel images/4096x40   1 394580
  PID User     Command                         Swap      USS      PSS      RSS 
20376 codespace /usr/bin/python3 /usr/bin/s        0    12024    12316    14472 
17221 codespace ./cli kernel images/4096x40        0   393332   393395   394580 
%CPU %MEM ARGS Wed Sep 30 20:03:16 UTC 2026
 0.0  0.0 grep --color=auto ./cli       1  2244
74.0  4.8 ./cli kernel images/4096x40   1 394580
  PID User     Command                         Swap      USS      PSS      RSS 
20381 codespace /usr/bin/python3 /usr/bin/s        0    12024    12291    14504 
17221 codespace ./cli kernel images/4096x40        0   393332   393395   394580 
%CPU %MEM ARGS Wed Sep 30 20:03:17 UTC 2026
 0.0  0.0 grep --color=auto ./cli       1  2288
74.0  4.8 ./cli kernel images/4096x40   0 394580
  PID User     Command                         Swap      USS      PSS      RSS 
20393 codespace /usr/bin/python3 /usr/bin/s        0    12016    12303    14524 
17221 codespace ./cli kernel images/4096x40        0   393332   393395   394580 
%CPU %MEM ARGS Wed Sep 30 20:03:17 UTC 2026
 0.0  0.0 grep --color=auto ./cli       0  2208
74.0  4.8 ./cli kernel images/4096x40   1 394580
  PID User     Command                         Swap      USS      PSS      RSS 
20398 codespace /usr/bin/python3 /usr/bin/s        0    12020    12278    14552 
17221 codespace ./cli kernel images/4096x40        0   393332   393392   394580 
%CPU %MEM ARGS Wed Sep 30 20:03:17 UTC 2026
 0.0  0.0 grep --color=auto ./cli       1  2252
74.0  4.8 ./cli kernel images/4096x40   0 394580
  PID User     Command                         Swap      USS      PSS      RSS 
20410 codespace /usr/bin/python3 /usr/bin/s        0    12016    12300    14432 
17221 codespace ./cli kernel images/4096x40        0   393332   393395   394580 
%CPU %MEM ARGS Wed Sep 30 20:03:18 UTC 2026
 0.0  0.0 grep --color=auto ./cli       1  2196
74.0  4.8 ./cli kernel images/4096x40   0 394580
  PID User     Command                         Swap      USS      PSS      RSS 
20415 codespace /usr/bin/python3 /usr/bin/s        0    12020    12309    14468 
17221 codespace ./cli kernel images/4096x40        0   393332   393395   394580 
%CPU %MEM ARGS Wed Sep 30 20:03:18 UTC 2026
 0.0  0.0 grep --color=auto ./cli       0  2292
74.0  4.8 ./cli kernel images/4096x40   1 394580
  PID User     Command                         Swap      USS      PSS      RSS 
20420 codespace /usr/bin/python3 /usr/bin/s        0    12016    12247    14500 
17221 codespace ./cli kernel images/4096x40        0   393332   393392   394580 
%CPU %MEM ARGS Wed Sep 30 20:03:19 UTC 2026
 0.0  0.0 grep --color=auto ./cli       0  2308
74.0  4.8 ./cli kernel images/4096x40   1 394580
  PID User     Command                         Swap      USS      PSS      RSS 
20432 codespace /usr/bin/python3 /usr/bin/s        0    12028    12309    14476 
17221 codespace ./cli kernel images/4096x40        0   393332   393395   394580 
%CPU %MEM ARGS Wed Sep 30 20:03:19 UTC 2026
 0.0  0.0 grep --color=auto ./cli       0  2204
74.0  4.8 ./cli kernel images/4096x40   1 394580
  PID User     Command                         Swap      USS      PSS      RSS 
20437 codespace /usr/bin/python3 /usr/bin/s        0    12020    12296    14436 
17221 codespace ./cli kernel images/4096x40        0   393332   393395   394580 
%CPU %MEM ARGS Wed Sep 30 20:03:19 UTC 2026
 0.0  0.0 grep --color=auto ./cli       1  2168
74.0  4.8 ./cli kernel images/4096x40   0 394580
  PID User     Command                         Swap      USS      PSS      RSS 
20448 codespace /usr/bin/python3 /usr/bin/s        0    12016    12286    14484 
17221 codespace ./cli kernel images/4096x40        0   393332   393395   394580 
%CPU %MEM ARGS Wed Sep 30 20:03:20 UTC 2026
 0.0  0.0 grep --color=auto ./cli       1  2308
74.0  4.8 ./cli kernel images/4096x40   0 394580
  PID User     Command                         Swap      USS      PSS      RSS 
20453 codespace /usr/bin/python3 /usr/bin/s        0    12016    12309    14576 
17221 codespace ./cli kernel images/4096x40        0   393332   393395   394580 
%CPU %MEM ARGS Wed Sep 30 20:03:20 UTC 2026
 0.0  0.0 grep --color=auto ./cli       0  2140
74.0  4.8 ./cli kernel images/4096x40   1 394580
  PID User     Command                         Swap      USS      PSS      RSS 
20458 codespace /usr/bin/python3 /usr/bin/s        0    12028    12316    14476 
17221 codespace ./cli kernel images/4096x40        0   393332   393395   394580 
%CPU %MEM ARGS Wed Sep 30 20:03:21 UTC 2026
 0.0  0.0 grep --color=auto ./cli       0  2156
74.0  4.8 ./cli kernel images/4096x40   1 394580
  PID User     Command                         Swap      USS      PSS      RSS 
20467 codespace /usr/bin/python3 /usr/bin/s        0    12020    12306    14468 
17221 codespace ./cli kernel images/4096x40        0   393332   393395   394580 
%CPU %MEM ARGS Wed Sep 30 20:03:21 UTC 2026
 0.0  0.0 grep --color=auto ./cli       0  2156
74.0  4.8 ./cli kernel images/4096x40   0 394580
  PID User     Command                         Swap      USS      PSS      RSS 
20475 codespace /usr/bin/python3 /usr/bin/s        0    12020    12284    14424 
17221 codespace ./cli kernel images/4096x40        0   393332   393395   394580 
%CPU %MEM ARGS Wed Sep 30 20:03:21 UTC 2026
 0.0  0.0 grep --color=auto ./cli       0  2160
73.9  4.8 ./cli kernel images/4096x40   1 394580
  PID User     Command                         Swap      USS      PSS      RSS 
20480 codespace /usr/bin/python3 /usr/bin/s        0    12024    12313    14472 
17221 codespace ./cli kernel images/4096x40        0   393332   393395   394580 
%CPU %MEM ARGS Wed Sep 30 20:03:22 UTC 2026
 0.0  0.0 grep --color=auto ./cli       0  2128
73.9  4.8 ./cli kernel images/4096x40   1 394580
  PID User     Command                         Swap      USS      PSS      RSS 
20486 codespace /usr/bin/python3 /usr/bin/s        0    12016    12280    14432 
17221 codespace ./cli kernel images/4096x40        0   393332   393395   394580 
%CPU %MEM ARGS Wed Sep 30 20:03:22 UTC 2026
 0.0  0.0 grep --color=auto ./cli       1  2176
73.9  4.8 ./cli kernel images/4096x40   0 394580
  PID User     Command                         Swap      USS      PSS      RSS 
20491 codespace /usr/bin/python3 /usr/bin/s        0    12020    12308    14468 
17221 codespace ./cli kernel images/4096x40        0   393332   393395   394580 
%CPU %MEM ARGS Wed Sep 30 20:03:22 UTC 2026
 0.0  0.0 grep --color=auto ./cli       1  2252
73.9  4.8 ./cli kernel images/4096x40   0 394580
  PID User     Command                         Swap      USS      PSS      RSS 
20497 codespace /usr/bin/python3 /usr/bin/s        0    12012    12263    14376 
17221 codespace ./cli kernel images/4096x40        0   393332   393395   394580 
%CPU %MEM ARGS Wed Sep 30 20:03:23 UTC 2026
 0.0  0.0 grep --color=auto ./cli       0  2308
73.9  4.8 ./cli kernel images/4096x40   0 394580
  PID User     Command                         Swap      USS      PSS      RSS 
20509 codespace /usr/bin/python3 /usr/bin/s        0    12012    12245    14432 
17221 codespace ./cli kernel images/4096x40        0   393332   393392   394580 
%CPU %MEM ARGS Wed Sep 30 20:03:23 UTC 2026
 0.0  0.0 grep --color=auto ./cli       0  2288
73.9  4.8 ./cli kernel images/4096x40   0 394580
  PID User     Command                         Swap      USS      PSS      RSS 
20520 codespace /usr/bin/python3 /usr/bin/s        0    11972    12237    14452 
17221 codespace ./cli kernel images/4096x40        0   393332   393395   394580 
%CPU %MEM ARGS Wed Sep 30 20:03:23 UTC 2026
 0.0  0.0 grep --color=auto ./cli       1  2248
73.9  4.8 ./cli kernel images/4096x40   0 394580
  PID User     Command                         Swap      USS      PSS      RSS 
20526 codespace /usr/bin/python3 /usr/bin/s        0    12012    12303    14572 
17221 codespace ./cli kernel images/4096x40        0   393332   393395   394580 
%CPU %MEM ARGS Wed Sep 30 20:03:24 UTC 2026
 0.0  0.0 grep --color=auto ./cli       0  2172
73.9  4.8 ./cli kernel images/4096x40   1 394580
  PID User     Command                         Swap      USS      PSS      RSS 
20531 codespace /usr/bin/python3 /usr/bin/s        0    12020    12304    14436 
17221 codespace ./cli kernel images/4096x40        0   393332   393395   394580 
%CPU %MEM ARGS Wed Sep 30 20:03:24 UTC 2026
 0.0  0.0 grep --color=auto ./cli       0  2304
73.9  4.8 ./cli kernel images/4096x40   1 394580
  PID User     Command                         Swap      USS      PSS      RSS 
20536 codespace /usr/bin/python3 /usr/bin/s        0    12016    12280    14432 
17221 codespace ./cli kernel images/4096x40        0   393332   393395   394580 
%CPU %MEM ARGS Wed Sep 30 20:03:24 UTC 2026
 0.0  0.0 grep --color=auto ./cli       0  2164
73.9  4.8 ./cli kernel images/4096x40   1 394580
  PID User     Command                         Swap      USS      PSS      RSS 
20542 codespace /usr/bin/python3 /usr/bin/s        0    12012    12302    14520 
17221 codespace ./cli kernel images/4096x40        0   393332   393395   394580 
%CPU %MEM ARGS Wed Sep 30 20:03:25 UTC 2026
 0.0  0.0 grep --color=auto ./cli       0  2184
73.9  4.8 ./cli kernel images/4096x40   1 394580
  PID User     Command                         Swap      USS      PSS      RSS 
20547 codespace /usr/bin/python3 /usr/bin/s        0    12020    12303    14468 
17221 codespace ./cli kernel images/4096x40        0   393332   393395   394580 
%CPU %MEM ARGS Wed Sep 30 20:03:25 UTC 2026
 0.0  0.0 grep --color=auto ./cli       0  2180
73.8  4.8 ./cli kernel images/4096x40   0 394580
  PID User     Command                         Swap      USS      PSS      RSS 
20569 codespace /usr/bin/python3 /usr/bin/s        0    11996    12264    14480 
17221 codespace ./cli kernel images/4096x40        0   393332   393395   394580 
%CPU %MEM ARGS Wed Sep 30 20:03:26 UTC 2026
 0.0  0.0 grep --color=auto ./cli       1  2160
73.8  4.8 ./cli kernel images/4096x40   0 394580
  PID User     Command                         Swap      USS      PSS      RSS 
20582 codespace /usr/bin/python3 /usr/bin/s        0    12032    12333    14540 
17221 codespace ./cli kernel images/4096x40        0   393332   393395   394580 
%CPU %MEM ARGS Wed Sep 30 20:03:26 UTC 2026
 0.0  0.0 grep --color=auto ./cli       1  2296
73.8  4.8 ./cli kernel images/4096x40   0 394580
  PID User     Command                         Swap      USS      PSS      RSS 
20587 codespace /usr/bin/python3 /usr/bin/s        0    12020    12299    14436 
17221 codespace ./cli kernel images/4096x40        0   393332   393395   394580 
%CPU %MEM ARGS Wed Sep 30 20:03:26 UTC 2026
 0.0  0.0 grep --color=auto ./cli       1  2184
73.8  4.8 ./cli kernel images/4096x40   0 394580
  PID User     Command                         Swap      USS      PSS      RSS 
20593 codespace /usr/bin/python3 /usr/bin/s        0    12016    12303    14524 
17221 codespace ./cli kernel images/4096x40        0   393332   393395   394580 
%CPU %MEM ARGS Wed Sep 30 20:03:27 UTC 2026
 0.0  0.0 grep --color=auto ./cli       1  2248
73.8  4.8 ./cli kernel images/4096x40   0 394580
  PID User     Command                         Swap      USS      PSS      RSS 
20598 codespace /usr/bin/python3 /usr/bin/s        0    12024    12314    14472 
17221 codespace ./cli kernel images/4096x40        0   393332   393395   394580 
%CPU %MEM ARGS Wed Sep 30 20:03:27 UTC 2026
 0.0  0.0 grep --color=auto ./cli       1  2160
73.8  4.8 ./cli kernel images/4096x40   0 394580
  PID User     Command                         Swap      USS      PSS      RSS 
20609 codespace /usr/bin/python3 /usr/bin/s        0    12016    12274    14412 
17221 codespace ./cli kernel images/4096x40        0   393332   393395   394580 
%CPU %MEM ARGS Wed Sep 30 20:03:28 UTC 2026
 0.0  0.0 grep --color=auto ./cli       0  2200
73.8  4.8 ./cli kernel images/4096x40   0 394580
  PID User     Command                         Swap      USS      PSS      RSS 
20615 codespace /usr/bin/python3 /usr/bin/s        0    12020    12310    14548 
17221 codespace ./cli kernel images/4096x40        0   393332   393395   394580 
%CPU %MEM ARGS Wed Sep 30 20:03:28 UTC 2026
 0.0  0.0 grep --color=auto ./cli       1  2304
73.8  4.8 ./cli kernel images/4096x40   0 394580
  PID User     Command                         Swap      USS      PSS      RSS 
20620 codespace /usr/bin/python3 /usr/bin/s        0    12020    12310    14548 
17221 codespace ./cli kernel images/4096x40        0   393332   393395   394580 
%CPU %MEM ARGS Wed Sep 30 20:03:28 UTC 2026
 0.0  0.0 grep --color=auto ./cli       0  2160
73.8  4.8 ./cli kernel images/4096x40   1 394580
  PID User     Command                         Swap      USS      PSS      RSS 
20631 codespace /usr/bin/python3 /usr/bin/s        0    12012    12249    14496 
17221 codespace ./cli kernel images/4096x40        0   393332   393392   394580 
%CPU %MEM ARGS Wed Sep 30 20:03:29 UTC 2026
 0.0  0.0 grep --color=auto ./cli       1  2180
73.8  4.8 ./cli kernel images/4096x40   0 394580
  PID User     Command                         Swap      USS      PSS      RSS 
20637 codespace /usr/bin/python3 /usr/bin/s        0    12016    12303    14524 
17221 codespace ./cli kernel images/4096x40        0   393332   393395   394580 
%CPU %MEM ARGS Wed Sep 30 20:03:29 UTC 2026
 0.0  0.0 grep --color=auto ./cli       0  2344
73.7  4.8 ./cli kernel images/4096x40   1 394580
  PID User     Command                         Swap      USS      PSS      RSS 
20642 codespace /usr/bin/python3 /usr/bin/s        0    12024    12313    14472 
17221 codespace ./cli kernel images/4096x40        0   393332   393395   394580 
%CPU %MEM ARGS Wed Sep 30 20:03:29 UTC 2026
 0.0  0.0 grep --color=auto ./cli       0  2160
73.7  4.8 ./cli kernel images/4096x40   1 394580
  PID User     Command                         Swap      USS      PSS      RSS 
20653 codespace /usr/bin/python3 /usr/bin/s        0    12020    12292    14488 
17221 codespace ./cli kernel images/4096x40        0   393332   393395   394580 
%CPU %MEM ARGS Wed Sep 30 20:03:30 UTC 2026
 0.0  0.0 grep --color=auto ./cli       0  2168
73.7  4.8 ./cli kernel images/4096x40   1 394580
  PID User     Command                         Swap      USS      PSS      RSS 
20659 codespace /usr/bin/python3 /usr/bin/s        0    12020    12315    14580 
17221 codespace ./cli kernel images/4096x40        0   393332   393395   394580 
%CPU %MEM ARGS Wed Sep 30 20:03:30 UTC 2026
 0.0  0.0 grep --color=auto ./cli       0  2248
73.7  4.8 ./cli kernel images/4096x40   1 394580
  PID User     Command                         Swap      USS      PSS      RSS 
20664 codespace /usr/bin/python3 /usr/bin/s        0    12020    12277    14436 
17221 codespace ./cli kernel images/4096x40        0   393332   393395   394580 
%CPU %MEM ARGS Wed Sep 30 20:03:30 UTC 2026
 0.0  0.0 grep --color=auto ./cli       1  2180
73.7  4.8 ./cli kernel images/4096x40   0 394580
  PID User     Command                         Swap      USS      PSS      RSS 
20670 codespace /usr/bin/python3 /usr/bin/s        0    12012    12291    14496 
17221 codespace ./cli kernel images/4096x40        0   393332   393395   394580 
%CPU %MEM ARGS Wed Sep 30 20:03:31 UTC 2026
 0.0  0.0 grep --color=auto ./cli       1  2292
73.7  4.8 ./cli kernel images/4096x40   1 394580
  PID User     Command                         Swap      USS      PSS      RSS 
20675 codespace /usr/bin/python3 /usr/bin/s        0    12016    12295    14468 
17221 codespace ./cli kernel images/4096x40        0   393332   393396   394580 
%CPU %MEM ARGS Wed Sep 30 20:03:31 UTC 2026
 0.0  0.0 grep --color=auto ./cli       0  2172
73.7  4.8 ./cli kernel images/4096x40   0 394580
  PID User     Command                         Swap      USS      PSS      RSS 
20680 codespace /usr/bin/python3 /usr/bin/s        0    12016    12265    14404 
17221 codespace ./cli kernel images/4096x40        0   393332   393395   394580 
%CPU %MEM ARGS Wed Sep 30 20:03:32 UTC 2026
 0.0  0.0 grep --color=auto ./cli       0  2220
73.7  4.8 ./cli kernel images/4096x40   1 394580
  PID User     Command                         Swap      USS      PSS      RSS 
20692 codespace /usr/bin/python3 /usr/bin/s        0    12020    12304    14460 
17221 codespace ./cli kernel images/4096x40        0   393332   393395   394580 
%CPU %MEM ARGS Wed Sep 30 20:03:32 UTC 2026
 0.0  0.0 grep --color=auto ./cli       0  2200
73.7  4.8 ./cli kernel images/4096x40   1 394580
  PID User     Command                         Swap      USS      PSS      RSS 
20697 codespace /usr/bin/python3 /usr/bin/s        0    12016    12278    14432 
17221 codespace ./cli kernel images/4096x40        0   393332   393395   394580 
%CPU %MEM ARGS Wed Sep 30 20:03:32 UTC 2026
 0.0  0.0 grep --color=auto ./cli       1  2176
73.7  4.8 ./cli kernel images/4096x40   0 394580
  PID User     Command                         Swap      USS      PSS      RSS 
20702 codespace /usr/bin/python3 /usr/bin/s        0    12000    12281    14416 
17221 codespace ./cli kernel images/4096x40        0   393332   393395   394580 
%CPU %MEM ARGS Wed Sep 30 20:03:33 UTC 2026
 0.0  0.0 grep --color=auto ./cli       1  2160
73.7  4.8 ./cli kernel images/4096x40   0 394580
  PID User     Command                         Swap      USS      PSS      RSS 
20708 codespace /usr/bin/python3 /usr/bin/s        0    12016    12309    14544 
17221 codespace ./cli kernel images/4096x40        0   393332   393395   394580 
%CPU %MEM ARGS Wed Sep 30 20:03:33 UTC 2026
 0.0  0.0 grep --color=auto ./cli       1  2340
73.7  4.8 ./cli kernel images/4096x40   0 394580
  PID User     Command                         Swap      USS      PSS      RSS 
20713 codespace /usr/bin/python3 /usr/bin/s        0    12020    12289    14496 
17221 codespace ./cli kernel images/4096x40        0   393332   393395   394580 
%CPU %MEM ARGS Wed Sep 30 20:03:33 UTC 2026
 0.0  0.0 grep --color=auto ./cli       0  2156
73.7  4.8 ./cli kernel images/4096x40   0 394580
  PID User     Command                         Swap      USS      PSS      RSS 
20718 codespace /usr/bin/python3 /usr/bin/s        0    11988    12261    14464 
17221 codespace ./cli kernel images/4096x40        0   393332   393395   394580 
%CPU %MEM ARGS Wed Sep 30 20:03:34 UTC 2026
 0.0  0.0 grep --color=auto ./cli       1  2248
73.7  4.8 ./cli kernel images/4096x40   1 394580
  PID User     Command                         Swap      USS      PSS      RSS 
20730 codespace /usr/bin/python3 /usr/bin/s        0    12012    12240    14432 
17221 codespace ./cli kernel images/4096x40        0   393332   393392   394580 
%CPU %MEM ARGS Wed Sep 30 20:03:34 UTC 2026
 0.0  0.0 grep --color=auto ./cli       0  2192
73.7  4.8 ./cli kernel images/4096x40   1 394580
  PID User     Command                         Swap      USS      PSS      RSS 
20741 codespace /usr/bin/python3 /usr/bin/s        0    12020    12315    14548 
17221 codespace ./cli kernel images/4096x40        0   393332   393395   394580 
%CPU %MEM ARGS Wed Sep 30 20:03:35 UTC 2026
 0.0  0.0 grep --color=auto ./cli       1  2136
73.6  4.8 ./cli kernel images/4096x40   0 394580
  PID User     Command                         Swap      USS      PSS      RSS 
20747 codespace /usr/bin/python3 /usr/bin/s        0    12024    12327    14532 
17221 codespace ./cli kernel images/4096x40        0   393332   393395   394580 
%CPU %MEM ARGS Wed Sep 30 20:03:35 UTC 2026
 0.0  0.0 grep --color=auto ./cli       1  2168
73.6  4.8 ./cli kernel images/4096x40   0 394580
  PID User     Command                         Swap      USS      PSS      RSS 
20752 codespace /usr/bin/python3 /usr/bin/s        0    12016    12288    14492 
17221 codespace ./cli kernel images/4096x40        0   393332   393395   394580 
%CPU %MEM ARGS Wed Sep 30 20:03:35 UTC 2026
 0.0  0.0 grep --color=auto ./cli       1  2252
73.6  4.8 ./cli kernel images/4096x40   0 394580
  PID User     Command                         Swap      USS      PSS      RSS 
20757 codespace /usr/bin/python3 /usr/bin/s        0    12016    12276    14432 
17221 codespace ./cli kernel images/4096x40        0   393332   393395   394580 
%CPU %MEM ARGS Wed Sep 30 20:03:36 UTC 2026
 0.0  0.0 grep --color=auto ./cli       0  2296
73.6  4.8 ./cli kernel images/4096x40   0 394580
  PID User     Command                         Swap      USS      PSS      RSS 
20778 codespace /usr/bin/python3 /usr/bin/s        0    12012    12276    14428 
17221 codespace ./cli kernel images/4096x40        0   393332   393395   394580 
%CPU %MEM ARGS Wed Sep 30 20:03:36 UTC 2026
 0.0  0.0 grep --color=auto ./cli       1  2204
73.6  4.8 ./cli kernel images/4096x40   1 394580
  PID User     Command                         Swap      USS      PSS      RSS 
20791 codespace /usr/bin/python3 /usr/bin/s        0    12020    12300    14424 
17221 codespace ./cli kernel images/4096x40        0   393332   393395   394580 
%CPU %MEM ARGS Wed Sep 30 20:03:36 UTC 2026
 0.0  0.0 grep --color=auto ./cli       1  2288
73.6  4.8 ./cli kernel images/4096x40   0 394580
  PID User     Command                         Swap      USS      PSS      RSS 
20797 codespace /usr/bin/python3 /usr/bin/s        0    12016    12274    14432 
17221 codespace ./cli kernel images/4096x40        0   393332   393395   394580 
%CPU %MEM ARGS Wed Sep 30 20:03:37 UTC 2026
 0.0  0.0 grep --color=auto ./cli       1  2264
73.6  4.8 ./cli kernel images/4096x40   0 394580
  PID User     Command                         Swap      USS      PSS      RSS 
20802 codespace /usr/bin/python3 /usr/bin/s        0    12016    12284    14500 
17221 codespace ./cli kernel images/4096x40        0   393332   393395   394580 
%CPU %MEM ARGS Wed Sep 30 20:03:37 UTC 2026
 0.0  0.0 grep --color=auto ./cli       1  2152
73.6  4.8 ./cli kernel images/4096x40   0 394580
  PID User     Command                         Swap      USS      PSS      RSS 
20807 codespace /usr/bin/python3 /usr/bin/s        0    12068    12370    14576 
17221 codespace ./cli kernel images/4096x40        0   393332   393395   394580 
%CPU %MEM ARGS Wed Sep 30 20:03:38 UTC 2026
 0.0  0.0 grep --color=auto ./cli       0  2292
73.6  4.8 ./cli kernel images/4096x40   1 394580
  PID User     Command                         Swap      USS      PSS      RSS 
20813 codespace /usr/bin/python3 /usr/bin/s        0    12040    12341    14548 
17221 codespace ./cli kernel images/4096x40        0   393332   393395   394580 
%CPU %MEM ARGS Wed Sep 30 20:03:38 UTC 2026
 0.0  0.0 grep --color=auto ./cli       1  2196
73.6  4.8 ./cli kernel images/4096x40   0 394580
  PID User     Command                         Swap      USS      PSS      RSS 
20824 codespace /usr/bin/python3 /usr/bin/s        0    12020    12288    14504 
17221 codespace ./cli kernel images/4096x40        0   393332   393395   394580 
%CPU %MEM ARGS Wed Sep 30 20:03:38 UTC 2026
 0.0  0.0 grep --color=auto ./cli       0  2180
73.6  4.8 ./cli kernel images/4096x40   1 394580
  PID User     Command                         Swap      USS      PSS      RSS 
20829 codespace /usr/bin/python3 /usr/bin/s        0    12016    12283    14492 
17221 codespace ./cli kernel images/4096x40        0   393332   393395   394580 
%CPU %MEM ARGS Wed Sep 30 20:03:39 UTC 2026
 0.0  0.0 grep --color=auto ./cli       0  2344
73.6  4.8 ./cli kernel images/4096x40   1 394580
  PID User     Command                         Swap      USS      PSS      RSS 
20835 codespace /usr/bin/python3 /usr/bin/s        0    12024    12319    14584 
17221 codespace ./cli kernel images/4096x40        0   393332   393395   394580 
%CPU %MEM ARGS Wed Sep 30 20:03:39 UTC 2026
 0.0  0.0 grep --color=auto ./cli       1  2208
73.6  4.8 ./cli kernel images/4096x40   0 394580
  PID User     Command                         Swap      USS      PSS      RSS 
20840 codespace /usr/bin/python3 /usr/bin/s        0    12016    12287    14484 
17221 codespace ./cli kernel images/4096x40        0   393332   393395   394580 
%CPU %MEM ARGS Wed Sep 30 20:03:39 UTC 2026
 0.0  0.0 grep --color=auto ./cli       0  2160
73.6  4.8 ./cli kernel images/4096x40   1 394580
  PID User     Command                         Swap      USS      PSS      RSS 
20845 codespace /usr/bin/python3 /usr/bin/s        0    12012    12301    14520 
17221 codespace ./cli kernel images/4096x40        0   393332   393395   394580 
%CPU %MEM ARGS Wed Sep 30 20:03:40 UTC 2026
 0.0  0.0 grep --color=auto ./cli       0  2172
73.5  4.8 ./cli kernel images/4096x40   1 394580
  PID User     Command                         Swap      USS      PSS      RSS 
20857 codespace /usr/bin/python3 /usr/bin/s        0    12016    12303    14524 
17221 codespace ./cli kernel images/4096x40        0   393332   393395   394580 
%CPU %MEM ARGS Wed Sep 30 20:03:40 UTC 2026
 0.0  0.0 grep --color=auto ./cli       1  2180
73.5  4.8 ./cli kernel images/4096x40   1 394580
  PID User     Command                         Swap      USS      PSS      RSS 
20868 codespace /usr/bin/python3 /usr/bin/s        0    12016    12303    14524 
17221 codespace ./cli kernel images/4096x40        0   393332   393395   394580 
%CPU %MEM ARGS Wed Sep 30 20:03:40 UTC 2026
 0.0  0.0 grep --color=auto ./cli       1  2308
73.5  4.8 ./cli kernel images/4096x40   0 394580
  PID User     Command                         Swap      USS      PSS      RSS 
20874 codespace /usr/bin/python3 /usr/bin/s        0    12016    12310    14576 
17221 codespace ./cli kernel images/4096x40        0   393332   393395   394580 
%CPU %MEM ARGS Wed Sep 30 20:03:41 UTC 2026
 0.0  0.0 grep --color=auto ./cli       0  2172
73.5  4.8 ./cli kernel images/4096x40   1 394580
  PID User     Command                         Swap      USS      PSS      RSS 
20879 codespace /usr/bin/python3 /usr/bin/s        0    12020    12279    14436 
17221 codespace ./cli kernel images/4096x40        0   393332   393395   394580 
%CPU %MEM ARGS Wed Sep 30 20:03:41 UTC 2026
 0.0  0.0 grep --color=auto ./cli       0  2260
73.5  4.8 ./cli kernel images/4096x40   0 394580
  PID User     Command                         Swap      USS      PSS      RSS 
20884 codespace /usr/bin/python3 /usr/bin/s        0    12020    12312    14548 
17221 codespace ./cli kernel images/4096x40        0   393332   393395   394580 
%CPU %MEM ARGS Wed Sep 30 20:03:42 UTC 2026
 0.0  0.0 grep --color=auto ./cli       1  2180
73.5  4.8 ./cli kernel images/4096x40   0 394580
  PID User     Command                         Swap      USS      PSS      RSS 
20890 codespace /usr/bin/python3 /usr/bin/s        0    12016    12275    14432 
17221 codespace ./cli kernel images/4096x40        0   393332   393395   394580 
%CPU %MEM ARGS Wed Sep 30 20:03:42 UTC 2026
 0.0  0.0 grep --color=auto ./cli       0  2288
73.5  4.8 ./cli kernel images/4096x40   1 394580
  PID User     Command                         Swap      USS      PSS      RSS 
20895 codespace /usr/bin/python3 /usr/bin/s        0    12012    12300    14520 
17221 codespace ./cli kernel images/4096x40        0   393332   393395   394580 
%CPU %MEM ARGS Wed Sep 30 20:03:42 UTC 2026
 0.0  0.0 grep --color=auto ./cli       1  2184
73.5  4.8 ./cli kernel images/4096x40   0 394580
  PID User     Command                         Swap      USS      PSS      RSS 
20906 codespace /usr/bin/python3 /usr/bin/s        0    12016    12285    14500 
17221 codespace ./cli kernel images/4096x40        0   393332   393395   394580 
%CPU %MEM ARGS Wed Sep 30 20:03:43 UTC 2026
 0.0  0.0 grep --color=auto ./cli       0  2176
73.5  4.8 ./cli kernel images/4096x40   1 394580
  PID User     Command                         Swap      USS      PSS      RSS 
20912 codespace /usr/bin/python3 /usr/bin/s        0    12016    12311    14576 
17221 codespace ./cli kernel images/4096x40        0   393332   393395   394580 
%CPU %MEM ARGS Wed Sep 30 20:03:43 UTC 2026
 0.0  0.0 grep --color=auto ./cli       0  2172
73.5  4.8 ./cli kernel images/4096x40   0 394580
  PID User     Command                         Swap      USS      PSS      RSS 
20917 codespace /usr/bin/python3 /usr/bin/s        0    12020    12292    14488 
17221 codespace ./cli kernel images/4096x40        0   393332   393395   394580 
%CPU %MEM ARGS Wed Sep 30 20:03:43 UTC 2026
 0.0  0.0 grep --color=auto ./cli       0  2152
73.5  4.8 ./cli kernel images/4096x40   1 394580
  PID User     Command                         Swap      USS      PSS      RSS 
20923 codespace /usr/bin/python3 /usr/bin/s        0    12004    12265    14420 
17221 codespace ./cli kernel images/4096x40        0   393332   393395   394580 
%CPU %MEM ARGS Wed Sep 30 20:03:44 UTC 2026
 0.0  0.0 grep --color=auto ./cli       0  2200
73.5  4.8 ./cli kernel images/4096x40   1 394580
  PID User     Command                         Swap      USS      PSS      RSS 
20928 codespace /usr/bin/python3 /usr/bin/s        0    12016    12283    14496 
17221 codespace ./cli kernel images/4096x40        0   393332   393395   394580 
%CPU %MEM ARGS Wed Sep 30 20:03:44 UTC 2026
 0.0  0.0 grep --color=auto ./cli       1  2192
73.5  4.8 ./cli kernel images/4096x40   1 394580
  PID User     Command                         Swap      USS      PSS      RSS 
20939 codespace /usr/bin/python3 /usr/bin/s        0    12020    12302    14436 
17221 codespace ./cli kernel images/4096x40        0   393332   393395   394580 
%CPU %MEM ARGS Wed Sep 30 20:03:45 UTC 2026
 0.0  0.0 grep --color=auto ./cli       0  2304
73.4  4.8 ./cli kernel images/4096x40   1 394580
  PID User     Command                         Swap      USS      PSS      RSS 
20945 codespace /usr/bin/python3 /usr/bin/s        0    12020    12301    14468 
17221 codespace ./cli kernel images/4096x40        0   393332   393395   394580 
%CPU %MEM ARGS Wed Sep 30 20:03:45 UTC 2026
 0.0  0.0 grep --color=auto ./cli       0  2184
73.4  4.8 ./cli kernel images/4096x40   1 394580
  PID User     Command                         Swap      USS      PSS      RSS 
20956 codespace /usr/bin/python3 /usr/bin/s        0    12032    12302    14544 
17221 codespace ./cli kernel images/4096x40        0   393332   393392   394580 
%CPU %MEM ARGS Wed Sep 30 20:03:45 UTC 2026
 0.0  0.0 grep --color=auto ./cli       0  2156
73.4  4.8 ./cli kernel images/4096x40   0 394580
  PID User     Command                         Swap      USS      PSS      RSS 
20961 codespace /usr/bin/python3 /usr/bin/s        0    12016    12269    14388 
17221 codespace ./cli kernel images/4096x40        0   393332   393395   394580 
%CPU %MEM ARGS Wed Sep 30 20:03:46 UTC 2026
 0.0  0.0 grep --color=auto ./cli       0  2300
73.3  4.8 ./cli kernel images/4096x40   0 394580
  PID User     Command                         Swap      USS      PSS      RSS 
20967 codespace /usr/bin/python3 /usr/bin/s        0    12012    12243    14420 
17221 codespace ./cli kernel images/4096x40        0   393332   393392   394580 
%CPU %MEM ARGS Wed Sep 30 20:03:46 UTC 2026
 0.0  0.0 grep --color=auto ./cli       0  2156
73.3  4.8 ./cli kernel images/4096x40   1 394580
  PID User     Command                         Swap      USS      PSS      RSS 
20993 codespace /usr/bin/python3 /usr/bin/s        0    12020    12305    14468 
17221 codespace ./cli kernel images/4096x40        0   393332   393395   394580 
%CPU %MEM ARGS Wed Sep 30 20:03:47 UTC 2026
 0.0  0.0 grep --color=auto ./cli       0  2164
73.3  4.8 ./cli kernel images/4096x40   0 394580
  PID User     Command                         Swap      USS      PSS      RSS 
21002 codespace /usr/bin/python3 /usr/bin/s        0    12016    12274    14432 
17221 codespace ./cli kernel images/4096x40        0   393332   393395   394580 
%CPU %MEM ARGS Wed Sep 30 20:03:47 UTC 2026
 0.0  0.0 grep --color=auto ./cli       0  2168
73.3  4.8 ./cli kernel images/4096x40   1 394580
  PID User     Command                         Swap      USS      PSS      RSS 
21007 codespace /usr/bin/python3 /usr/bin/s        0    12024    12308    14472 
17221 codespace ./cli kernel images/4096x40        0   393332   393395   394580 
%CPU %MEM ARGS Wed Sep 30 20:03:47 UTC 2026
 0.0  0.0 grep --color=auto ./cli       1  2276
73.3  4.8 ./cli kernel images/4096x40   1 394580
  PID User     Command                         Swap      USS      PSS      RSS 
21012 codespace /usr/bin/python3 /usr/bin/s        0    12016    12258    14400 
17221 codespace ./cli kernel images/4096x40        0   393332   393395   394580 
%CPU %MEM ARGS Wed Sep 30 20:03:48 UTC 2026
 0.0  0.0 grep --color=auto ./cli       1  2296
73.3  4.8 ./cli kernel images/4096x40   1 394580
  PID User     Command                         Swap      USS      PSS      RSS 
21018 codespace /usr/bin/python3 /usr/bin/s        0    12016    12275    14432 
17221 codespace ./cli kernel images/4096x40        0   393332   393395   394580 
%CPU %MEM ARGS Wed Sep 30 20:03:48 UTC 2026
 0.0  0.0 grep --color=auto ./cli       1  2156
73.3  4.8 ./cli kernel images/4096x40   1 394580
  PID User     Command                         Swap      USS      PSS      RSS 
21023 codespace /usr/bin/python3 /usr/bin/s        0    12024    12309    14472 
17221 codespace ./cli kernel images/4096x40        0   393332   393395   394580 
%CPU %MEM ARGS Wed Sep 30 20:03:49 UTC 2026
 0.0  0.0 grep --color=auto ./cli       0  2160
73.3  4.8 ./cli kernel images/4096x40   1 394580
  PID User     Command                         Swap      USS      PSS      RSS 
21035 codespace /usr/bin/python3 /usr/bin/s        0    12024    12304    14472 
17221 codespace ./cli kernel images/4096x40        0   393332   393395   394580 
%CPU %MEM ARGS Wed Sep 30 20:03:49 UTC 2026
 0.0  0.0 grep --color=auto ./cli       1  2176
73.3  4.8 ./cli kernel images/4096x40   0 394580
  PID User     Command                         Swap      USS      PSS      RSS 
21040 codespace /usr/bin/python3 /usr/bin/s        0    12020    12299    14464 
17221 codespace ./cli kernel images/4096x40        0   393332   393395   394580 
%CPU %MEM ARGS Wed Sep 30 20:03:49 UTC 2026
 0.0  0.0 grep --color=auto ./cli       0  2184
73.3  4.8 ./cli kernel images/4096x40   1 394580
  PID User     Command                         Swap      USS      PSS      RSS 
21045 codespace /usr/bin/python3 /usr/bin/s        0    12036    12340    14544 
17221 codespace ./cli kernel images/4096x40        0   393332   393395   394580 
%CPU %MEM ARGS Wed Sep 30 20:03:50 UTC 2026
 0.0  0.0 grep --color=auto ./cli       1  2152
73.2  4.8 ./cli kernel images/4096x40   1 394580
  PID User     Command                         Swap      USS      PSS      RSS 
21051 codespace /usr/bin/python3 /usr/bin/s        0    12020    12282    14436 
17221 codespace ./cli kernel images/4096x40        0   393332   393395   394580 
%CPU %MEM ARGS Wed Sep 30 20:03:50 UTC 2026
 0.0  0.0 grep --color=auto ./cli       1  2212
73.2  4.8 ./cli kernel images/4096x40   0 394580
  PID User     Command                         Swap      USS      PSS      RSS 
21056 codespace /usr/bin/python3 /usr/bin/s        0    12016    12275    14432 
17221 codespace ./cli kernel images/4096x40        0   393332   393395   394580 
%CPU %MEM ARGS Wed Sep 30 20:03:50 UTC 2026
 0.0  0.0 grep --color=auto ./cli       0  2340
73.2  4.8 ./cli kernel images/4096x40   1 394580
  PID User     Command                         Swap      USS      PSS      RSS 
21064 codespace /usr/bin/python3 /usr/bin/s        0    12012    12243    14432 
17221 codespace ./cli kernel images/4096x40        0   393332   393392   394580 
%CPU %MEM ARGS Wed Sep 30 20:03:51 UTC 2026
 0.0  0.0 grep --color=auto ./cli       0  2156
73.2  4.8 ./cli kernel images/4096x40   0 394580
  PID User     Command                         Swap      USS      PSS      RSS 
21079 codespace /usr/bin/python3 /usr/bin/s        0    12024    12306    14472 
17221 codespace ./cli kernel images/4096x40        0   393332   393395   394580 
%CPU %MEM ARGS Wed Sep 30 20:03:51 UTC 2026
 0.0  0.0 grep --color=auto ./cli       1  2192
73.2  4.8 ./cli kernel images/4096x40   0 394580
  PID User     Command                         Swap      USS      PSS      RSS 
21084 codespace /usr/bin/python3 /usr/bin/s        0    12020    12302    14468 
17221 codespace ./cli kernel images/4096x40        0   393332   393395   394580 
%CPU %MEM ARGS Wed Sep 30 20:03:52 UTC 2026
 0.0  0.0 grep --color=auto ./cli       0  2208
73.2  4.8 ./cli kernel images/4096x40   1 394580
  PID User     Command                         Swap      USS      PSS      RSS 
21090 codespace /usr/bin/python3 /usr/bin/s        0    12016    12288    14500 
17221 codespace ./cli kernel images/4096x40        0   393332   393395   394580 
%CPU %MEM ARGS Wed Sep 30 20:03:52 UTC 2026
 0.0  0.0 grep --color=auto ./cli       1  2252
73.2  4.8 ./cli kernel images/4096x40   0 394580
  PID User     Command                         Swap      USS      PSS      RSS 
21095 codespace /usr/bin/python3 /usr/bin/s        0    12016    12288    14500 
17221 codespace ./cli kernel images/4096x40        0   393332   393395   394580 
%CPU %MEM ARGS Wed Sep 30 20:03:52 UTC 2026
 0.0  0.0 grep --color=auto ./cli       1  2192
73.2  4.8 ./cli kernel images/4096x40   0 394580
  PID User     Command                         Swap      USS      PSS      RSS 
21100 codespace /usr/bin/python3 /usr/bin/s        0    12036    12339    14544 
17221 codespace ./cli kernel images/4096x40        0   393332   393395   394580 
%CPU %MEM ARGS Wed Sep 30 20:03:53 UTC 2026
 0.0  0.0 grep --color=auto ./cli       0  2292
73.2  4.8 ./cli kernel images/4096x40   1 394580
  PID User     Command                         Swap      USS      PSS      RSS 
21112 codespace /usr/bin/python3 /usr/bin/s        0    12020    12291    14488 
17221 codespace ./cli kernel images/4096x40        0   393332   393395   394580 
%CPU %MEM ARGS Wed Sep 30 20:03:53 UTC 2026
 0.0  0.0 grep --color=auto ./cli       1  2152
73.2  4.8 ./cli kernel images/4096x40   0 394580
  PID User     Command                         Swap      USS      PSS      RSS 
21117 codespace /usr/bin/python3 /usr/bin/s        0    12016    12283    14496 
17221 codespace ./cli kernel images/4096x40        0   393332   393395   394580 
%CPU %MEM ARGS Wed Sep 30 20:03:53 UTC 2026
 0.0  0.0 grep --color=auto ./cli       0  2304
73.1  4.8 ./cli kernel images/4096x40   1 394580
  PID User     Command                         Swap      USS      PSS      RSS 
21127 codespace /usr/bin/python3 /usr/bin/s        0    12012    12279    14492 
17221 codespace ./cli kernel images/4096x40        0   393332   393395   394580 
%CPU %MEM ARGS Wed Sep 30 20:03:54 UTC 2026
 0.0  0.0 grep --color=auto ./cli       0  2144
73.1  4.8 ./cli kernel images/4096x40   1 394580
  PID User     Command                         Swap      USS      PSS      RSS 
21134 codespace /usr/bin/python3 /usr/bin/s        0    12024    12311    14472 
17221 codespace ./cli kernel images/4096x40        0   393332   393395   394580 
%CPU %MEM ARGS Wed Sep 30 20:03:54 UTC 2026
 0.0  0.0 grep --color=auto ./cli       1  2156
73.1  4.8 ./cli kernel images/4096x40   0 394580
  PID User     Command                         Swap      USS      PSS      RSS 
21139 codespace /usr/bin/python3 /usr/bin/s        0    12020    12284    14436 
17221 codespace ./cli kernel images/4096x40        0   393332   393395   394580 
%CPU %MEM ARGS Wed Sep 30 20:03:54 UTC 2026
 0.0  0.0 grep --color=auto ./cli       1  2156
73.1  4.8 ./cli kernel images/4096x40   0 394580
  PID User     Command                         Swap      USS      PSS      RSS 
21144 codespace /usr/bin/python3 /usr/bin/s        0    12020    12305    14468 
17221 codespace ./cli kernel images/4096x40        0   393332   393395   394580 
%CPU %MEM ARGS Wed Sep 30 20:03:55 UTC 2026
 0.0  0.0 grep --color=auto ./cli       0  2212
73.1  4.8 ./cli kernel images/4096x40   1 394580
  PID User     Command                         Swap      USS      PSS      RSS 
21156 codespace /usr/bin/python3 /usr/bin/s        0    12016    12281    14496 
17221 codespace ./cli kernel images/4096x40        0   393332   393395   394580 
%CPU %MEM ARGS Wed Sep 30 20:03:55 UTC 2026
 0.0  0.0 grep --color=auto ./cli       1  2304
73.1  4.8 ./cli kernel images/4096x40   0 394580
  PID User     Command                         Swap      USS      PSS      RSS 
21161 codespace /usr/bin/python3 /usr/bin/s        0    12012    12270    14428 
17221 codespace ./cli kernel images/4096x40        0   393332   393395   394580 
%CPU %MEM ARGS Wed Sep 30 20:03:55 UTC 2026
 0.0  0.0 grep --color=auto ./cli       1  2184
73.1  4.8 ./cli kernel images/4096x40   0 394580
  PID User     Command                         Swap      USS      PSS      RSS 
21166 codespace /usr/bin/python3 /usr/bin/s        0    12012    12282    14480 
17221 codespace ./cli kernel images/4096x40        0   393332   393395   394580 
%CPU %MEM ARGS Wed Sep 30 20:03:56 UTC 2026
 0.0  0.0 grep --color=auto ./cli       0  2288
73.1  4.8 ./cli kernel images/4096x40   1 394580
  PID User     Command                         Swap      USS      PSS      RSS 
21172 codespace /usr/bin/python3 /usr/bin/s        0    12020    12286    14500 
17221 codespace ./cli kernel images/4096x40        0   393332   393395   394580 
%CPU %MEM ARGS Wed Sep 30 20:03:56 UTC 2026
 0.0  0.0 grep --color=auto ./cli       0  2180
73.1  4.8 ./cli kernel images/4096x40   0 394580
  PID User     Command                         Swap      USS      PSS      RSS 
21188 codespace /usr/bin/python3 /usr/bin/s        0    12020    12311    14548 
17221 codespace ./cli kernel images/4096x40        0   393332   393395   394580 
%CPU %MEM ARGS Wed Sep 30 20:03:57 UTC 2026
 0.0  0.0 grep --color=auto ./cli       1  2160
73.0  4.8 ./cli kernel images/4096x40   1 394580
  PID User     Command                         Swap      USS      PSS      RSS 
21211 codespace /usr/bin/python3 /usr/bin/s        0    12024    12312    14468 
17221 codespace ./cli kernel images/4096x40        0   393332   393395   394580 
%CPU %MEM ARGS Wed Sep 30 20:03:57 UTC 2026
 0.0  0.0 grep --color=auto ./cli       0  2344
73.0  4.8 ./cli kernel images/4096x40   1 394580
  PID User     Command                         Swap      USS      PSS      RSS 
21218 codespace /usr/bin/python3 /usr/bin/s        0    12016    12287    14484 
17221 codespace ./cli kernel images/4096x40        0   393332   393395   394580 
%CPU %MEM ARGS Wed Sep 30 20:03:57 UTC 2026
 0.0  0.0 grep --color=auto ./cli       1  2180
73.0  4.8 ./cli kernel images/4096x40   0 394580
  PID User     Command                         Swap      USS      PSS      RSS 
21223 codespace /usr/bin/python3 /usr/bin/s        0    12020    12290    14504 
17221 codespace ./cli kernel images/4096x40        0   393332   393395   394580 
%CPU %MEM ARGS Wed Sep 30 20:03:58 UTC 2026
 0.0  0.0 grep --color=auto ./cli       0  2200
73.0  4.8 ./cli kernel images/4096x40   0 394580
  PID User     Command                         Swap      USS      PSS      RSS 
21229 codespace /usr/bin/python3 /usr/bin/s        0    12020    12289    14420 
17221 codespace ./cli kernel images/4096x40        0   393332   393395   394580 
%CPU %MEM ARGS Wed Sep 30 20:03:58 UTC 2026
 0.0  0.0 grep --color=auto ./cli       1  2248
73.0  4.8 ./cli kernel images/4096x40   0 394580
  PID User     Command                         Swap      USS      PSS      RSS 
21234 codespace /usr/bin/python3 /usr/bin/s        0    12024    12317    14552 
17221 codespace ./cli kernel images/4096x40        0   393332   393395   394580 
%CPU %MEM ARGS Wed Sep 30 20:03:59 UTC 2026
 0.0  0.0 grep --color=auto ./cli       1  2172
73.0  4.8 ./cli kernel images/4096x40   0 394580
  PID User     Command                         Swap      USS      PSS      RSS 
21244 codespace /usr/bin/python3 /usr/bin/s        0    11972    12241    14452 
17221 codespace ./cli kernel images/4096x40        0   393332   393395   394580 
%CPU %MEM ARGS Wed Sep 30 20:03:59 UTC 2026
 0.0  0.0 grep --color=auto ./cli       0  2140
73.0  4.8 ./cli kernel images/4096x40   1 394580
  PID User     Command                         Swap      USS      PSS      RSS 
21254 codespace /usr/bin/python3 /usr/bin/s        0    12016    12280    14432 
17221 codespace ./cli kernel images/4096x40        0   393332   393395   394580 
%CPU %MEM ARGS Wed Sep 30 20:03:59 UTC 2026
 0.0  0.0 grep --color=auto ./cli       1  2176
73.0  4.8 ./cli kernel images/4096x40   1 394580
  PID User     Command                         Swap      USS      PSS      RSS 
21262 codespace /usr/bin/python3 /usr/bin/s        0    11992    12264    14460 
17221 codespace ./cli kernel images/4096x40        0   393332   393396   394580 
%CPU %MEM ARGS Wed Sep 30 20:04:00 UTC 2026
 0.0  0.0 grep --color=auto ./cli       0  2168
72.9  4.8 ./cli kernel images/4096x40   0 394580
  PID User     Command                         Swap      USS      PSS      RSS 
21268 codespace /usr/bin/python3 /usr/bin/s        0    12020    12291    14472 
17221 codespace ./cli kernel images/4096x40        0   393332   393395   394580 
%CPU %MEM ARGS Wed Sep 30 20:04:00 UTC 2026
 0.0  0.0 grep --color=auto ./cli       0  2208
72.9  4.8 ./cli kernel images/4096x40   1 394580
  PID User     Command                         Swap      USS      PSS      RSS 
21273 codespace /usr/bin/python3 /usr/bin/s        0    12016    12286    14484 
17221 codespace ./cli kernel images/4096x40        0   393332   393395   394580 
%CPU %MEM ARGS Wed Sep 30 20:04:00 UTC 2026
 0.0  0.0 grep --color=auto ./cli       1  2156
72.9  4.8 ./cli kernel images/4096x40   0 394580
  PID User     Command                         Swap      USS      PSS      RSS 
21278 codespace /usr/bin/python3 /usr/bin/s        0    12012    12274    14428 
17221 codespace ./cli kernel images/4096x40        0   393332   393395   394580 
%CPU %MEM ARGS Wed Sep 30 20:04:01 UTC 2026
 0.0  0.0 grep --color=auto ./cli       1  2292
72.9  4.8 ./cli kernel images/4096x40   0 394580
  PID User     Command                         Swap      USS      PSS      RSS 
21284 codespace /usr/bin/python3 /usr/bin/s        0    12020    12307    14468 
17221 codespace ./cli kernel images/4096x40        0   393332   393395   394580 
%CPU %MEM ARGS Wed Sep 30 20:04:01 UTC 2026
 0.0  0.0 grep --color=auto ./cli       0  2288
72.9  4.8 ./cli kernel images/4096x40   1 394580
  PID User     Command                         Swap      USS      PSS      RSS 
21295 codespace /usr/bin/python3 /usr/bin/s        0    12012    12278    14428 
17221 codespace ./cli kernel images/4096x40        0   393332   393395   394580 
%CPU %MEM ARGS Wed Sep 30 20:04:02 UTC 2026
 0.0  0.0 grep --color=auto ./cli       1  2184
72.9  4.8 ./cli kernel images/4096x40   0 394580
  PID User     Command                         Swap      USS      PSS      RSS 
21300 codespace /usr/bin/python3 /usr/bin/s        0    12016    12281    14432 
17221 codespace ./cli kernel images/4096x40        0   393332   393395   394580 
%CPU %MEM ARGS Wed Sep 30 20:04:02 UTC 2026
 0.0  0.0 grep --color=auto ./cli       0  2180
72.9  4.8 ./cli kernel images/4096x40   1 394580
  PID User     Command                         Swap      USS      PSS      RSS 
21313 codespace /usr/bin/python3 /usr/bin/s        0    12008    12237    14448 
17221 codespace ./cli kernel images/4096x40        0   393332   393392   394580 
%CPU %MEM ARGS Wed Sep 30 20:04:02 UTC 2026
 0.0  0.0 grep --color=auto ./cli       1  2176
72.9  4.8 ./cli kernel images/4096x40   0 394580
  PID User     Command                         Swap      USS      PSS      RSS 
21318 codespace /usr/bin/python3 /usr/bin/s        0    12004    12295    14536 
17221 codespace ./cli kernel images/4096x40        0   393332   393395   394580 
%CPU %MEM ARGS Wed Sep 30 20:04:02 UTC 2026
 0.0  0.0 grep --color=auto ./cli       0  2176
72.9  4.8 ./cli kernel images/4096x40   1 394580
  PID User     Command                         Swap      USS      PSS      RSS 
21323 codespace /usr/bin/python3 /usr/bin/s        0    12020    12312    14580 
17221 codespace ./cli kernel images/4096x40        0   393332   393395   394580 
%CPU %MEM ARGS Wed Sep 30 20:04:03 UTC 2026
 0.0  0.0 grep --color=auto ./cli       0  2176
72.9  4.8 ./cli kernel images/4096x40   1 394580
  PID User     Command                         Swap      USS      PSS      RSS 
21329 codespace /usr/bin/python3 /usr/bin/s        0    12024    12317    14552 
17221 codespace ./cli kernel images/4096x40        0   393332   393395   394580 
%CPU %MEM ARGS Wed Sep 30 20:04:03 UTC 2026
 0.0  0.0 grep --color=auto ./cli       0  2304
72.9  4.8 ./cli kernel images/4096x40   0 394580
  PID User     Command                         Swap      USS      PSS      RSS 
21340 codespace /usr/bin/python3 /usr/bin/s        0    12036    12338    14544 
17221 codespace ./cli kernel images/4096x40        0   393332   393395   394580 
%CPU %MEM ARGS Wed Sep 30 20:04:04 UTC 2026
 0.0  0.0 grep --color=auto ./cli       0  2248
72.9  4.8 ./cli kernel images/4096x40   1 394580
  PID User     Command                         Swap      USS      PSS      RSS 
21345 codespace /usr/bin/python3 /usr/bin/s        0    12024    12315    14532 
17221 codespace ./cli kernel images/4096x40        0   393332   393395   394580 
%CPU %MEM ARGS Wed Sep 30 20:04:04 UTC 2026
 0.0  0.0 grep --color=auto ./cli       0  2248
72.9  4.8 ./cli kernel images/4096x40   0 394580
  PID User     Command                         Swap      USS      PSS      RSS 
21351 codespace /usr/bin/python3 /usr/bin/s        0    12016    12313    14576 
17221 codespace ./cli kernel images/4096x40        0   393332   393395   394580 
%CPU %MEM ARGS Wed Sep 30 20:04:04 UTC 2026
 0.0  0.0 grep --color=auto ./cli       1  2304
72.9  4.8 ./cli kernel images/4096x40   0 394580
  PID User     Command                         Swap      USS      PSS      RSS 
21356 codespace /usr/bin/python3 /usr/bin/s        0    12016    12271    14464 
17221 codespace ./cli kernel images/4096x40        0   393332   393395   394580 
